अंक: 249  
संख्या: 18 
सोमवार, 
15 जुलाई, 2019 
24 आषाढ़, 1941 (शक)  
 
 
संसदीय वाद-िववाद 
राज्य सभा 
अिधकारीय Ģितवेदन 
(िहन्दी-संÎकरण) 
(भाग-I) 
 
 
िवषय-सूची 
 
तारांिकत ĢƘȗ के  िलिखत उǄर पृǞ 1-26 
अतारांिकत ĢƘȗ के  िलिखत उǄर पृǞ 27-382 
 
 (संबंिधत मंतर्ालयȗ से ĢाÃत रूप मȂ) 
 
 
 
 
 
 
 
राज्य सभा सिचवालय 
नई िदÊली 
  


 
 
 
 
 
 
 
 
 
 
 
 
 
 
 
 
 
 
 
 
 
 
 
 
वेबसाइट :     http://rajyasabha.nic.in
 
http://parliamentofindia.nic.in 
   ई-मेल  : rsedit-h@sansad.nic.in 

,
*233
15 , 2019
.....
. :
       :  
( )                 ;  
( )   ,     ;   
( )   ,     -  -        
    ? 
( )
( ) ( )  
2

 
‘ ’
15.07.2019 * 233
( (
( ) ( ) ,  
( ) 
-1956 
 
 , 
  
-1956 ( 2002 ) 
, 
,  
****
3

  
  
  
  
   234 
15 , 2019     
 
         
 
*234.  .  : 
   
          : 
 
( )               ;  
( )  ,      ; 
( )            -    
       ; 
( )  ,      ; 
( .)                
    ;  
( )  ,      ?  
 
 
 (   ) 
( )  ( ):  
 
 
 
 
 
 
 
 
 
4

'        '    
 15 , 2019  
234  ( )  ( )  
               
         ,     
              
           
    (2015-16  2018-19 )       
         135    
   75               
              
,  , ,  ,  , ,   , 
 ,        
               
     -          
                
             
 ( )  '  ' (    ,   ) 
( )         ,    
( )  10   (    )  3   (
  )            
;             
       ' '        
        -II       
       ,     
    -             
  -   -         
    
5

  ,            
                
         ( )      
            ,     
           
*** 
6

7

8

( )
236 
15 , 2019
24 , 1941 ( ) 
 
236. 
 
( )  - ;
( )  -
;
( )  
;
( ) ; 
( ) , ?
( )
( ) 
( ) ( .): 
****
 
9

  , ,
15.07.2019 236 
( ) ( .)  
( )
( )  ( ) 
( ) 
( ) ( .): ,
 
10

 , ,
 15.07.2019 236 ( ) 
        
. .   
1.  
2.
3.  
4.
5.   
6.
7. 
8. 
9.   
10.   
11.   
12.  
13.    
14.    
15.  
16.  
17.  
18.    
19.   
20.    
21.  
22.   
23.  
24.   
25.    
26.     
27.   
28.  
29.   
30.   
31.   
32.  
33.   
34.   
35.   
**** 
11

12

13

238
, 15 , 2019/24 , (
- -
238
( - -
; 
( , ; 
( ‘
’ ;  
( , , ? 
( )
( (
14

- -
15 2019 238 ( (
- 
( ( ) - - ,
,
, ,
/
******
15

 
 
 
239*
 15 ,  
 
*239   
 
         
 ,   
       
 
 
 
***** 
 
 
 
 
 
 
 
 
 
 
16

 
 
 
, 
 
 
-  
 
-
, 
 
 
 
 
***** 
 
 
 
17

 
 
 
 
 
240  
,  
 
 
240.  
 
  
 
(  
, - , - ; 
 
(  
;  
 
(  , ? 
 
 
 
 
(  
 
 
 
 
18

 
 
 
 
 
 
,
,
- , - -
, ,
- , - -
I  
 
- , ,
, ,
II  
*** 
19

-I 
7  
 
-  
 
 ( ) 
   31.03.2018  
    
1  -113978 130645 
2  -91329 171988 
3  -2489371 5391439 
4  -165415 205640 
5  -32310 34579 
6  -9204 24699 
7  -42882 268781 
8  -10921 19277 
9  -1768 9353 
10  -825 1875 
11  -12244 12407 
12  -80909 84130 
13  -10756 29219 
14  -169579 234347 
15  -1810 16418 
16   -4093 0 
17  -35860 45319 
18  -567313 614923 
19  -6184 8145 
20  -78 11276 
21  -106146 117711 
22  -31354 119095 
23  -2033003 2055901 
24  -61944 123161 
25  -12387 16158 
26  -59372 59538 
27  -119188 149119 
28  -287402 288051 
29  -10453 13352 
30  -45 316 
31  -24252 38012 
32  -3909 25040 
33  -90887 443233 
34  -2563 4690 
35    -753450 765138 
20

36  -66670 69176 
37  -49203 66656 
38  -633735 795165 
39  -7954 14601 
40  -23704 29285 
41  -134 234 
42  -1929 60411 
43   -247 1144 
44  -1716 2531 
45  -1343 1475 
46  -113391 119391 
47    -1285 4515 
48  -699 582 
49  -28909 44570 
50  -58 0 
51  -3324 4490 
52  -456405 457556 
53  -1585 3542 
54  -11639 20371 
55  -6093 6937 
56  -2405 403 
  -8855612 13236010 
   
   
   
   
   
   
   
   
   
   
   
   
   
   
   
   
   
   
   
   
   
21

-  
 ( ) 
  31.03.201  
    
1  -113978 130645 
2  -117256 198064 
3  -2147232 4856622 
4  -141027 181252 
5  -32310 34579 
6  -778 890 
7  -10210 25705 
8  -10921 19277 
9  -1768 9353 
10  -267 1317 
11  -12244 12407 
12  -80909 84130 
13  -10756 29219 
14  -155439 220209 
15  -766 15374 
16   -1902 3284 
17  -33669 104365 
18  -56654 66113 
19  -567313 614923 
20  -6107 8068 
21  -123993 135704 
22  -31354 119095 
23  -2033003 2055901 
24  -75051 125260 
25  -12249 16020 
26  -59374 59540 
27  -106263 136194 
28  -286553 287202 
29  -11424 14323 
30  -19070 32830 
31  -134501 466288 
32  -2563 4690 
33    -736556 738700 
34  -28 2512 
35  -66670 69176 
36  -43007 60460 
37  -333139 494569 
38  -7954 14601 
39  -23704 29285 
40  -4942 63424 
41   -300 1198 
22

42  -1716 2531 
43  -1343 1475 
44  -107997 113997 
45    -1285 4515 
46  -473 367 
47  -28909 44570 
48  -58 0 
49  -3062 4232 
50  -390718 391869 
51  -1074 3031 
52  -10588 19320 
53  -6093 6937 
54  -2327 325 
  -8168847 12135937 
   
   
   
   
   
   
   
   
   
   
   
   
   
   
   
   
   
   
   
   
   
   
   
   
   
   
   
   
   
   
   
23

-  
 
 ( ) 
  31.03.2016  
    
1  -48310 64977 
2  -129408 210425 
3  -1680195 4138082 
4  -106087 146312 
5  -32310 34579 
6  -778 890 
7  -10661 26156 
8  -5442 10795 
9  -4567 7919 
10  -11759 11922 
11  -68999 72220 
12  -7404 25867 
13  -3782 84923 
14  -130888 195660 
15  -25526 96138 
16  -49915 57087 
17  -802160 849770 
18  -6367 8328 
19  -69150 110147 
20  -29554 119095 
21  -1741287 1764185 
22  -100428 130637 
23  -11883 15654 
24  -59007 59173 
25  -97699 123436 
26  -262039 264828 
27  -15570 18469 
28  -18726 24986 
29  -137718 491515 
30  -4050 4450 
31    -721003 723095 
32  -45939 60646 
33  -53215 70668 
34  -39614 210710 
35  -24180 29761 
36  -1716 2531 
37  -1403 1552 
38  -98781 104781 
39    -1285 4515 
40  -272 764 
24

 
 
 
41  -40580 46064 
42  -48 0 
43  -2201 3377 
44  -334304 335884 
45  -28 1985 
46  -8812 17545 
47  -43179 44023 
48  -1850 2345 
  -7090079 10828871 
25

-II 
7 ( (  
_____________________________________________________________________________ 
 
 
/ /  /
 
 
 
 
  
 
  
 
  
     
1  21.5.2015 
   -
  
     
2     
  25.6.2016 
       
     
3  9.9.2016    
,
,   
4   
 ), , , 
 3.10.2018 
   
 
5    
,  
19.9.2018     
     
6    
 
   
 
26

27

 
 
 
2374
15 ,  
 
2374   
 
 
         
 ,    
       
 
,  
 
 
 
, 1957 
, 
, 1897 
 
 
***** 
 
28

 
 
 
2375
15 ,  
 
2375   
  
 
         
 ,    
       
 
 
 
 
29

2376
15 ,
2376
        
,
     
( ) :-
- -
- - -
-
-
-
-
-
30

 
 
, 
, 
 
 
i.  
 
ii. , 
 
iii.  
iv.  
v. 
 
vi.  
vii.  
viii.  
ix. 
 
x. 
 
xi. 
 
xii.  
  
xiii. -
 
xiv. 
 
 
31

 
 
 
2377
15 ,  
 
2377  
 
 
         
 ,    
       
 
-
 
 
 
 
- : > %  
 W-V  W-VI  
 -  
 
-  
 3/4 
 
***** 
32

2378
15 ,
2378
        
,
     
-
1. - -
2.
3.
33

- 
 
  
 
 
 
 
  
  
 
 
 
 
 
 
34

 
 
 
2379
15 ,  
2379  
 
 
         
 ,    
       
 
, 
, 
 
 
 
35

 
 
,
, 
 
 
 
 
 
 
 
 
 
 -  
  
  
 , - , , , 
 
  
  
  
 - -
 
 
 
 
 
36

 
 
 
2380
15 ,  
 
2380   
 
 
         
 ,    
       
 
 
, 
 30 , 2019 
[ , 
] -
 
 
  
 
-
 
 8 7 
 5 6 
 - - 
37

 5 6 
 3 1 
 15 
 
, 
- , 
, 
, 
, 
-
 
 
 
 
 
 
   
    
    
    
 
, 
 
 
 
 
 
38

 
 
 
 
 2381 
15 , 2019  
 
     
 
2381.   : 
   
  : 
 
( )    ,   -   -       ;  
( )     -      ;   
( )        -       ? 
 
 
    (  ) 
( ):   - / -         : 
 
  
  
 
    
 
2017 131 08 - 01 01 
2018 318 08 03 - - 
 
( ): -  ( ) / -  ( )     
    -     : 
 
      
2017 235 
2018 265 
 
(
):           :  
 
      
2017 42 
2018 43 
 
*** 
39

2382 
15
2382. :
 : 
( ) (
(
12(1)2014/ / )- -II,
;  
( ) ;
 
( ) 
? 
  (  ) 
( )  
( ( )
14.06. 1(1)2019/ ( /
( )  -  
40

(
:- 
(i)      :  
(ii) ( ) :  
(iii) ( ) :  
(iv) :  
(v) :  
(vi) ( ), :  
(vii) ( ) :
*****
41

 
 
  
 
   2383 
15 , 2019     
   
2383.   :
       
( )
;
( ) ,     ;        
    ; 
( )              ;  
( )               ;  
( .)                
      ,     ? 
   (   )
( )  ( ):        (2018-19)      
               
             
  
           
 ,    : 
( )  : , , , ,    
( )  : , , ,    
,          
         
…..2/-
-2- 
42

11 2018      /    
        3700        
 
20 , 2019 /
          3100    
   
,         
       
**** 
 
 
43

  
  
  
  
    2384 
15 , 2019     
    
 
2384.   :   
       
( )           ; 
( ) 2014             
              
; 
( )  2014               
             ;  
( )           2025   
  ,          ? 
 
 
    (   ) 
 
( ):            
( ): 41    2014        
,  ,       
 , - , , , ,      
, -  ( ),       
     -       
( ):  2014             
44

( ): , 2025 
           /     : 
(i) 155 x45     
(ii) 130      155   
****** 
45

"    "    15 , 2019         
 2384   ( )        
 
.
/
1 2 3 4 5
1.      
( )
1869 5.56  , , ,  
   ,    
  
2.     
( ) 
1940   ,   , ,(  , , 
, ` ` , ` ` ,,  
   
3.      
( ) 
1964       
4.     
 ( ) 
1953         
   ,    
        
,  ,      
,     
 
 
 
46

5.      
( )
1944   ,     , 
,
, 
6.      
( ) 
1966   ( , ,   
 )    ,  
 / ,   -  
,
7.      
( ) 
1949 , ,    ,    
, ,  
8.      
( ) 
1970   , ,  
 -  , ,
   
9.       
( ) 
1984      
 
10.     
( ) 
1964 7.62    - 80  -62, 
5.56     
11.      
( ) 
1979       
12.
( ) 
1942 , 
  ,   ,  
 
 
47

13.     
( )
1904   , -72    , 
,
, ,12 
14.     
( ) 
1943     ,   
,   ,  
15.     
( ) 
1969       
,    
16.     
( ) 
1972          
   
17.     
( ) 
1903       
18.    
 ( ) 
1980   (120 , 125  
     , 
   ,     
  
19.     
( ) 
1967 7.62  , 12.7   
,    30  , -72 
   14.5    , 
       
 
48

20.    
( )
1966 
 
-90      , 
, -72 
21.     
( )
1961     , , 
, , 
22.     
( ) 
1987      ( ) 
 ,    
23.      
( ) 
1984  ( ) , ,  
( ) 
  
24.      
( ) 
1989    , 30  
 
25.       
( ) 
1801    , , 32''
, 84  
26.       
( ) 
1872   , , 32" 
, 84   
27. , 
( ) 
1901 5.56 , 9 
, .315'  .22'' 
  
 
49

28.    ,  
( )
1846   /  
29.   ,  
( ) 
2001 -   ( )
30.    , 
( ) 
1943       
,  ,    
   
31.     , 
 ( ) 
1879    ,  
 ,     
32.     , 
( ) 
1859    ,  ,   
33.    ,  
( ) 
1942    ,   
,    
34.
( ) 
1942 5.56 ( ), 
7.62  , 7.62  , .50'' 
 , .32'' , 9  
35.
( )
1965 , .32'' 
36.
, 
( )
2007
50

37.      
( )
1941      ,  
, , 
 
 
 
38. , 
( )
1983 , 
39.   ,  
( ) 
1943       
,     
 ,  , , , 
  ,   
40.
( )
1988 -72 
/
41.    , 
 ( ) 
1963   ,  , 20 
 , 3   , 
, 
****** 
51

2385
 
2385. :
: 
( )             
     ; 
( ) ,          ;  
( )      ; 
( )     ; 
( .)             
      ;  
( )
     ? 
   
  ( )
( ):  ,  
( )  ( ):   
******
  
52

2386
 
-
2386. :
: 
( )    ( )  -32   
,            
,           ,  ,    
 ; 
( )         -32      
        , 
 ;   
( )   -32           
           ,    
   ,   ? 
  ( )
( ):        -32    
-  , - ,           
               
53

             (   ) 
    
( ):        98 -32        
         
( ):       /        
         
******
  
 
54

  
  
  
  
   2387 
15 , 2019     
          
2387.  0 0  :  
       : 
( )            
  ;  
( )                  
     ,     ,  ,   
     ,     ? 
 
     (   ) 
( )  ( ):             
              
, 
, 
-
             
-  -        
           
              
, , -           
 
***** 
55

  
  
  
   2388 
15 , 2019     
2388.     :  
       : 
( )             ; 
( )  ,     ;  
( )       -  -    
 ? 
 
     (   ) 
( )  ( ): 
 ‘ ’      9622.807     
    
( )      ,           
        (    
) , 1971  -   , 2006     
              
            : 
(i)    , ,        
        
56

(ii)  ,   
            
(iii)       2011-12         
  
(iv)             
  
(v)              
              
(vi)             
                 
     
 
 
 
 
 
 
 
 
 
 
 
 
 
 
 
 
 
 
 
 
 
 
57

 
         15.07.2019    
      2388   ( )      
( ) : 
  31.12.2018          /   
  
. .
 
/
 
( )
 
1   21.97
2 26.521
3  460.5397
4  87.8141
5  478.974
6  0
7 165.768
8 111.3013
9  4.264
10  164.6238
11 538.8215
12 60.1421
13  339.2447
14  304.932
15  131.7923
16 2.6839
17  0.08
18  923.5062
19 1639.83
20  6.1308
21  11.0855
22  0
58

23  357.53
24 0.11
25 0
26 240.68
27 475.2829
28  0.2903
29  146.2478
30  101.2418 
31  1 
32 2204.836 
33 57.3982
34  558.165 
35 0 
36  0 
  9622.807 
***** 
 
 
 
 
59

2389
2019
2389. :
:
( )
;
( )
( ) ?
( )
( ):
" -
( ( ): (
(
- ( )
*****
60

 
 
 
 
 
 
2390 
15 , 2019  
 
        
 
2390.     : 
 
 :
( )
- ;
( )
( ) ?
 
 
   (  ) 
( ): 
(
( )
( )
( ):
( ):
*****
61

2391
, 2019  
           
2391. :
 : 
( ) (
;  
( )
;  
( ) 
;  
( )
?
 ( )
( ) 54.03% 26%
“ ”
62

 
 
( )
( )  
( ) (  
*****
63

2392
, 2019
       -
2392.  : 
 : 
( )
;   
( )
;  
( ) 
- ? 
 ( )
( ( )  
 
64

“ ”
( (
( ( [ ( /
] (
- 
( ) 
2016-
17
2,50,712.35 90,209.63 3,40,921.98 2,60,167.33 91,482.77 3,51,650.10
2017-
18
2,68,274.42 91,579.70 3,59,854.12 2,84,272.86 95,431.10 3,79,703.96
2018-
19
3,04,800.85 99,563.86 4,04,364.71 3,05,141.96 99,511.00 4,04,652.96
 
( ) ( (  
***** 
65

2393
, 2019
2393.
:
( ) -
-
( )
( )
( )
( ( ):
/
- 2022-23
,
***** 
66

2394
, 2019
2394. .
:
( )
( )
( )
( )
( ( ): (2018-19)
/
***** 
67

2395
2395. :
:
( )               
       1400        
      ; 
( )  ,              ;  
 
( )  ,             
   ? 
 
( )
( ) ( ):   ( )        
            1981    
         2007     
( )           ( ) 
      ,          
          /    
                  
, 
               
               
    
*** 
68

2396
2396. :
:
( )            
             
    ;
( )  ,     ;  
 
( )               
             
            ? 
 
( )
( ) ,             
               
( )  ( ):       
…2/-
-2-
69

15
2396 ( (
(I)  ( )  2016        
               
   
( )          -2016  
    ' [ -  (    ,  
)]'             
      , ' ( )'  '  ( )'  
      ' ( )' '   ( )'  ' ' 
        
( )      90    -   
  10   (   - )  3   (   
- )           
  ' '         
( ) ' -II'       
/ /           
/  / /    /  ,  
         ,  
    
( )       ,       
                
,      -          
70

( .) ( ) 
, , - , 
, , 
,  
 
 3  15 
- -  3 
  
(II)( )   ( )    
 , 2018     , 
- ,  ,     
              
              
 /            
      ,        
14                600 
  -             
44         
( )      /     
          ( )    
             
         
( )    '    '          
         
 
*** 
71

 
2397
15
2397.
  
( )              
      16(4 )   ( ) 
             
       ; 
( )  ,        ,  
      ;  
( )                
    ,  ,      
,  ? 
( )
( )  ( ):  ,    XXI, 1860      
,     ( )     ,    
    ,              
                /  
         ,      
      
*******
72

 
 
 
2398  
15.07  
 
 
2398.    
 ,         
  
,
; 
(   , ;  
  
, ,
;  
 
 
 
 
 
 
 
 
,  
-  
-
 
- -
 
- -
  
 
73

-  
 ,
2398  
 
  
   
1    
    
    
    
    
2    
3    
    
    
4    
5    
    
    
    
    
6    
    
    
    
    
    
    
    
    
    
    
    
    
    
    
    
    
    
    
74

   
    
    
    
    
7    
8    
    
    
    
9    
    
10    
    
    
    
    
    
    
    
    
11    
    
    
    
    
     
    
    
    
12    
    
13    
    
    
    
    
     
    
    
14    
    
75

   
    
    
    
    
    
    
15    
    
16    
17    
    
    
    
    
    
    
     
    
    
    
    
    
18    
    
    
    
    
    
  
  
  
76

-  
  
  
.   
1  3 
2  3 
3  2 
4  2 
5  - 
6  3 
7  3 
8  (  3 
9  2 
10  2 
11  2 
12  2 
13  2 
14  3 
15  - 
16   3 
17  - 
18  4 
19  4 
20  2 
21  2 
22  2 
23  5 
24  - 
25  2 
26  4 
27  2 
28  3 
 65 
 
77

 
 
 
2399  
15.07  
 
 
2399.    
 ,         
  ; 
(   ;  
   
 
 
 
 
 
 
-
- -
- SO2
NO2 , ,
, -   
PM10 , , -
PM2.5 , ,
, -
 
,
 
,
 
 
 
78

 
 , 
- -
 
 
 
 
-
 
 -
 
 
  
  
  
 , 2018 
 
 
 1 , 2018 , 2020 
- -  
 , , 
 
 -
 
 - -
-  
 -  
 
 , 2018  
 -  
 - x7) 
 
 -  
79

 
 - - , , 
 
  
 
- -  
 , , - , - , 
 
-  
 
 
 
 
-  
 , - , 2018 
, 2018 , 2018 
  
 , , 
, , , 
-
 
 -
- aircomplaints.cpcb@gov.in)
 
, 
 
 
-  
 % % 
 % %  
 
80

-  
15
2399  
2016, 2017 2018 
 
(µg/m3 ) 
 
 
 
 
 
2016 2017 2018 
SO2 NO2 PM10 PM2.5 SO2 NO2 PM10 PM2.5 SO2 NO2 PM10 PM2.5 
1.  
  
1.  6 44 102 - 6 29 99 - 5 21 77 29 
2.  8 18 77 - 9 17 73 - 10 20 77 49 
2.  3.   4 32 212 - 5 39 156 - 5 51 207   
3.  4.   2 21 105 123 2 16 109 64 2 17 102 50 
4.  
  
5. -  9 23 108 - 8 21 97 - 8 19 84 - 
6.  12 31 148   10 27 103   14 20 65   
5.  7.   7 66 278 118 7 68 241 106 6 73 223 121 
6.  
  
8.  14 27 108 34 14 29 120 38 16 29 236 73 
9.  13 21 92 32 16 22 106 37 19 23 203 64 
10.  13 22 92 31 16 26 106 36 22 29 176 57 
11.  14 23 92 30 16 23 108 36 20 25 188 60 
7.  12.   - - - - - - - - - - - - 
8. 
 
13.  
- - - - - - - - - - 
153 - 
9.  
  
14.  15 37 226 - 15 37 238 - 14 37 264 - 
15.  36 45 136 - 36 45 131 - 37 46 128 - 
16.  20 37 196 - 19 37 142 - 18 36 122 - 
10.  17.  3 31 103 51 2 31 92 46 2 30 90 47 
11.  
  
18.  2 20 48 - 2 19 51 - 3 16 57 - 
19.  4 8 46 - 3 6 43 - 3 5 47 - 
20.  2 18 51 - 2 18 47 - 2 10 54 6 
21.  2 17 37 - 2 21 32 - 2 26 31 - 
22.  10 25 53 - 10 26 49 - 9 24 49 - 
23.  2 5 54 - 2 5 56 - 3 9 41 - 
12.  
  
24.  3 15 89 27 4 15 93 41 7 14 135 59 
25.  10 14 96 52 10 17 110 47 13 21 134 62 
26.  1 1 20 95 54 11 21 80 43 10 19 88 41 
27.  10 23 71 32 10 21 74 23 7 17 119 43 
13.  
  
28.  14 39 92 - 10 33 83 - 13 35 70 - 
29.  6 30 119 - 3 18 151 40 2 21 166 46 
30.  16 26 118 - 9 27 102 - 10 28 103 44 
31.  13 27 85 - 12 22 81 - 12 21 85 - 
32.  28 78 107 - 21 65 102 - 37 75 106 - 
33.  18 60 122 - 18 47 125 - 17 44 108 - 
34.  -              
81

14.  
  
35.  12 29 194 - 11 27 168 - 13 34 177 - 
36.  11 25 139 - 10 28 162 - 9 32 162 - 
15.  
  
37.  8 33 199 - 8 30 177 - 8 32 165 - 
38.  6 23 168 - 6 21 180 - 7 24 223 - 
39.  7 30 109 - 8 28 130 - 7 28 152 - 
16.  
  
40.  10 18 65 25 9 17 62 32 9 16 78 34 
41.  6 24 59 35 5 26 49 34 6 23 54 32 
42.  15 24 76 38 14 23 67 30 12 20 84 34 
43.  12 20 95 27 12 20 86   17 23 110 53 
17.  44.   5 27 101 49 6 28 108 54 5 30 105 55 
18.  
  
45.  5 22 198 - 4 19 185 124 4 22 209 106 
46.  4 37 196 - 4 40 140 - 4 45 231 - 
47.  15 28 235 - 22 34 280 - 21 43 245 103 
48.  7 39 217 - 7 45 224 - 7 47 218 - 
49.  8 27 214 - 8 26 246 102 7 30 217 108 
50.  7 55 157 - 7 52 153 - 7 58 177 - 
51.  11 32 256 - 10 38 244 - 9 34 189 - 
19. 
 
52.  13 42 211 88 12 37 163 67 13 35 146 58 
53.  4 49 113 70 6 41 120 71 6 44 148 86 
 
 -  , '-' , , 
)  SO2 = 50µg/m3, NO2 = 40µg/m3, PM10 = 60µg/m3 PM2.5 = 40µg/m3
   SO2 = 20µg/m3, NO2 = 30µg/m3, PM10 = 60 µg/m 3 PM2.5 = 40 µg/m 3 2018 
 
 
82

 
 
 
 
 
 
 2400  
15.07  
 
 
2400.    
 ,         
  
- ; 
(   
;  
  ,  
 
 
 
 
 
 
 /
-  
 
  
 
 
83

84

85

 
 
 
 2016-17 
  
 
  
1 
 
(   
0.13 
2  (   0.19 
3  (   0.11 
    (    0.06 
    (   0.03 
4  (   0.16 
    (   1.14 
    (   0.40 
    (   0.15 
5  (   0.04 
6  (   2.73 
    (   1.66 
    (   0.02 
7  (   0.39 
    (   0.02 
8  (  ,  6.52 
    (   1.01 
    (   3.22 
    (   4.31 
    (   0.44 
9  (   0.05 
10  (   12.23 
11  (   1.19 
    (   0.27 
12  (   2.34 
13  (   0.13 
    (   0.40 
    (   0.06 
14  (   0.27 
    (   0.40 
    (   0.17 
15  (   5.00 
    (   3.62 
    (   0.40 
    (   0.30 
16  (   1.10 
    (   0.42 
17  (   0.17 
18  (   17.00 
86

 
 
  
    (   3.61 
    (   5.42 
    (   0.73 
19  (  ,  0.40 
    (   1.63 
    (   3.89 
    (   0.10 
20  (   0.54 
    (   0.06 
21  (   0.21 
22  (   1.07 
23  (   0.14 
    (   0.06 
24  (   2.20 
25  (   0.18 
    (   0.03 
26  (   2.25 
27  (   0.49 
28  (  ,  0.40 
    (   1.58 
    (   12.75 
    (   0.75 
29  (   24.47 
    (   0.40 
30  (   0.14 
    (   0.09 
31  (  ,  0.02 
    (   1.05 
    (   3.05 
    (   0.24 
32  (   24.17 
    (  ,  0.63 
    (   1.29 
(   0.45 
33  (   0.18 
    (   5.99 
    (   1.05 
    (   0.43 
87

 
 
 
2016-17 
 
 4/1/2016 3/31/2017   
 079 -   027 - , 
 
 - -  - - 
 - - 
 
 
 - -  - - - - 
 - - 
 31,32,33,35,36,54 55  
       
1      1,16,90,11,300.00 
2      2,39,25,900.00 
3      4,32,11,626.00 
4      1,82,500.00 
5      23,81,24,078.00 
6      33,59,77,820.00 
7      11,35,50,170.00 
8      2,13,22,400.00 
9      11,10,60,030.00 
10      13,46,14,000.00 
1 1      3,68,06,700.00 
12      24,91,01,636.00 
13      12,58,40,597.00 
14      6,33,76,720.00 
15      98,46,78,800.00 
16      25,58,76,660.00 
17      17,02,75,344.00 
18      14,71,44,700.00 
19      6,19,16,240.00 
20      43,33,64,400.00 
21      51,34,66,680.00 
22      37,70,51,270.00 
23      50,00,000.00 
24      5,08,49,882.00 
25      18,30,58,680.00 
26      9,11,08,440.00 
27      33,88,62,300.00 
28      7,67,84,520.00 
29      10,00,000.00 
30      1,51,37,50,710.00 
     7,87,02,94,103.00 
88

 
 
  
 
 4/1/2016 3/31/2017   
 079 -   027 - , 
 
 - -  - - 
 - - 
 
 
 - -  - - - - 
 - 9154] 
  31,32,33,35,36,54 55  
   
1  57,60,000.00 
2    13,56,00,000.00 
3    41,93,000.00 
4    71,42,000.00 
5    56,00,100.00 
6    4,42,82,000.00 
7    2,90,32,527.00 
8    65,20,000.00 
9    16,50,92,400.00 
10    2,10,81,140.00 
11    4,96,44,444.00 
12    1,03,11,000.00 
13    26,17,24,800.00 
14    3,27,92,940.00 
15    77,33,000.00 
16    83,10,000.00 
17    43,99,900.00 
18    58,53,500.00 
19    1,56,17,520.00 
20    10,00,000.00 
21    12,42,00,000.00 
 94,58,90,271.00 
 
  
  
  
  
89

 
 
  
  
 4/1/2016 3/31/2017   
 079 -   027 - , 
 
 - -  - - 
 
- - 
 
 
 - -  - - - - 
 9993] 
 31,32,33,35,36,54 55  
   
1  8,48,71,000.00 
2  95,61,000.00 
3  1,63,65,000.00 
4  1,74,22,000.00 
5  1,81,34,000.00 
6  1,90,76,000.00 
7  6,90,51,000.00 
8  6,29,20,000.00 
9  1,26,57,000.00 
10  3,04,03,000.00 
11  92,83,000.00 
12  4,43,91,000.00 
13  5,58,26,000.00 
14  8,67,10,400.00 
15  2,30,64,000.00 
16  10,28,30,500.00 
17  1,99,63,000.00 
18  3,94,22,000.00 
19  10,22,80,300.00 
20  27,26,50,800.00 
21  50,00,000.00 
22  2,38,29,000.00 
23  3,06,38,000.00 
24  17,93,59,000.00 
25  3,31,36,000.00 
26  6,80,80,000.00 
 1,43,69,23,000.00  
90

 
 
  
  
 4/1/2016 
3/31/2017 
  
 079 -   027 - , 
 
 - -  - - 
 - -   
 - -  - - - - 
 1818]] 
 31,32,33,35,36,54 55  
           
1          87,41,40,300.00 
2          2,39,25,900.00 
3          3,36,50,626.00 
4          1,82,500.00 
5          8,51,02,078.00 
6          31,38,52,820.00 
7          9,54,16,170.00 
8          22,46,400.00 
9          3,78,16,030.00 
10          1,45,52,000.00 
11          1,85,49,600.00 
12          17,44,16,636.00 
13          8,75,25,070.00 
14          1,24,65,720.00 
15          4,97,60,400.00 
16          14,80,85,120.00 
17          9,75,66,900.00 
18          3,40,03,200.00 
19          4,19,53,240.00 
20          13,22,17,600.00 
21          37,83,93,440.00 
22          9,66,67,470.00 
23          1,87,10,882.00 
24          17,86,58,780.00 
25          15,36,49,800.00 
26          6,04,70,440.00 
27          2,80,31,000.00 
28          1,32,14,70,710.00 
91

 
 
         4,51,34,80,832.00 
  
 4/1/2016 
3/31/2017 
  
 079 -   027 - , 
 
 - -  - - 
 - - 
 
 
 - -  - - - - 
 NRCP) [9152] 
 31,32,33,35,36,54 55 
 
 
 
 
1  21,00,00,000.00 
2  5,00,00,000.00 
3  71,40,00,000.00 
 97,40,00,000.00  
  
  
92

 
 
 
 
 2017-18 
  
 
 
 
1  (   1.66 
    (   0.15 
    (   0.10 
2  (   0.04 
    (   0.22 
    (   0.19 
3  (   0.26 
    (   0.07 
    (   0.32 
    (   2.26 
4  (   0.00 
    (   0.15 
    (   1.82 
5  (   0.28 
    (   2.93 
    (   0.32 
6  (   0.17 
    (   0.83 
    (   0.20 
7  (   5.69 
    (   1.75 
    (   0.02 
    (   8.24 
    (   0.89 
    (   0.25 
8  (   0.26 
    (   0.50 
9  (   3.83 
    (   0.97 
    (   0.22 
10  (   0.49 
11  (   1.61 
    (   0.15 
    (   0.48 
12  (   0.28 
    (   0.16 
93

 
 
    (   0.02 
13  (   0.28 
    (   0.31 
14  (   0.05 
    (   0.56 
15  (   1.83 
    (   0.16 
    (   0.04 
16  (   0.03 
17  (   3.19 
    (   6.67 
    (   0.32 
    (   0.19 
    (   0.08 
18  (   1.57 
    (   0.45 
    (   0.44 
    (   0.15 
19  (   2.11 
    (   0.20 
    (   0.42 
20   (   0.17 
21  (   0.91 
    (   0.20 
    (   0.50 
22  (   1.40 
    (   0.20 
    (   0.13 
23  (   3.92 
    (   0.15 
24  (   0.16 
25  (   3.50 
26  (   1.05 
27  (   0.36 
28  (   13.91 
    (   0.23 
    (   4.43 
    (   1.61 
    (   0.07 
    (   0.19 
    (   0.09 
29  (   0.26 
94

 
 
    (   0.71 
    (   26.28 
30  (   0.30 
    (   0.17 
    (   0.03 
31  (   3.39 
    (   0.52 
    (   0.07 
32  (   0.08 
    (   0.87 
    (   0.09 
33  (   0.28 
    (   0.17 
    (   2.33 
    (   35.88 
    (   0.13 
 
 
95

 
 
 
2017-18 
  
  4/1/2017 
3/31/2018 
  
  079 -   027 - , 
 
  - -  - - 
  - -   
  - -  - - - - 
  - - 
  31,32,33,35,36,54 55  
        
 1      1,28,50,45,754.00 
 2      6,12,49,930.00 
 3      37,55,32,510.00 
 4      56,96,73,000.00 
 5      28,54,40,160.00 
 6      18,08,87,560.00 
 7      13,12,37,230.00 
 8      5,69,78,000.00 
 9      17,69,80,100.00 
 10      23,35,78,400.00 
 11      57,08,11,380.00 
 12      6,31,48,006.00 
 13      16,65,61,715.00 
 14      76,99,43,867.00 
 15      5,58,46,480.00 
 16      38,13,47,125.00 
 17      40,32,19,850.00 
 18      17,13,02,340.00 
 19      6,44,74,540.00 
 20      13,79,80,400.00 
 21      36,59,00,840.00 
 22      42,45,57,269.00 
 23      30,00,000.00 
 24      11,11,59,400.00 
 25      26,64,72,300.00 
 26      34,71,23,144.00 
 27      18,87,77,135.00 
 28      7,85,59,970.00 
 29      66,71,000.00 
 30      3,96,87,383.00 
 31      1,44,74,15,000.00 
      9,42,05,61,788.00 
96

 
 
  
 4/1/2017 3/31/2018   
 079 -   027 - , 
 
 - -  - - 
 
- - 
 
 
 
- -  - - - - 
 3094] 
 31,32,33,35,36,54 55  
       
1      2,05,63,000.00 
2      2,36,14,600.00 
3      64,49,490.00 
4      4,74,51,000.00 
5      1,29,54,000.00 
6      64,86,000.00 
7      1,30,05,200.00 
8      4,93,98,730.00 
9      98,29,000.00 
10      71,33,800.00 
11      2,50,00,000.00 
     22,18,84,820.00 
  
  
  
  
  
  
  
  
  
  
  
  
97

 
 
 
 4/1/2017 3/31/2018   
 079 -   027 - , 
 
 - -  - - 
 
- - 
 
 
 
- -  - - - - 
 - 3095] 
 31,32,33,35,36,54 55  
       
1      8,74,39,700.00 
2      23,82,01,000.00 
3      2,07,07,500.00 
4      1,54,00,000.00 
5      1,83,74,000.00 
6      13,20,000.00 
7      6,23,46,000.00 
8      1,05,79,500.00 
9      92,80,000.00 
10      7,95,000.00 
11      3,60,72,400.00 
12      98,46,000.00 
13      98,98,900.00 
14      30,00,000.00 
15      3,47,40,000.00 
     55,80,00,000.00 
  
  
  
98

 
 
 
  
 4/1/2017 3/31/2018   
 079 -   027 - , 
 
 - -  - - 
 - - 
 
 
 - -  - - - - 
 3093] 
 31,32,33,35,36,54 55 
 
       
1      1,56,85,460.00 
2      1,25,57,373.00 
3      8,01,05,867.00 
4      89,42,000.00 
5      89,71,300.00 
6      52,38,000.00 
     13,15,00,000.00 
  
  
  
  
  
  
  
  
  
  
  
  
  
  
99

 
 
   
 4/1/2017 3/31/2018   
 079 -   027 - , 
 
 - -  - - 
 - - 
 
 
 - -  - - - - 
 0257] 
 31,32,33,35,36,54 55  
       
1      3,21,58,000.00 
2      1,05,00,000.00 
3      75,00,000.00 
4      75,00,000.00 
5      2,34,53,000.00 
6      1,05,00,000.00 
7      1,02,00,000.00 
8      66,00,000.00 
9      92,56,000.00 
10      1,48,59,000.00 
11      1,04,63,000.00 
12      1,68,00,000.00 
13      75,00,000.00 
14      75,00,000.00 
15      75,00,000.00 
16      1,68,00,000.00 
17      1,05,00,000.00 
18      2,19,88,000.00 
19      1,05,00,000.00 
20      75,00,000.00 
21      1,05,00,000.00 
22      1,68,00,000.00 
23      30,00,000.00 
24      90,59,000.00 
25      75,00,000.00 
26      2,76,70,000.00 
27      30,00,000.00 
28      1,68,00,000.00 
     34,39,06,000.00 
  
100

 
 
 
 4/1/2017 3/31/2018   
 079 -   027 - , 
 
 - -  - - 
 - - 
 
 
 - -  - - - - 
 - 9153] 
 31,32,33,35,36,54 55  
       
1      6,72,50,000.00 
2      7,20,40,000.00 
3      6,21,73,000.00 
4      1,39,91,000.00 
5      86,07,000.00 
6      4,93,70,000.00 
7      5,84,82,000.00 
8      1,64,62,000.00 
9      3,36,24,000.00 
10      2,71,06,000.00 
11      4,89,93,700.00 
12      9,61,17,900.00 
13      67,09,000.00 
14      4,09,34,400.00 
15      21,81,19,200.00 
16      3,80,96,000.00 
17      25,79,72,000.00 
18      4,22,70,000.00 
19      1,72,50,000.00 
20      8,73,80,000.00 
     1,26,29,47,200.00 
  
  
 
 
 
101

 
 
  
 4/1/2017 3/31/2018   
 079 -   027 - , 
 
 - -  - - 
 - -   
 - -  - - - - 
 9186] 
 31,32,33,35,36,54 55  
       
1      10,50,18,554.00 
2      1,57,08,330.00 
3      5,77,91,510.00 
4      6,22,42,160.00 
5      9,00,83,400.00 
6      2,69,93,480.00 
7      5,65,87,100.00 
8      2,02,15,400.00 
9      32,00,36,180.00 
10      1,99,38,100.00 
11      6,57,99,240.00 
12      1,81,44,480.00 
13      5,58,52,000.00 
14      3,42,93,705.00 
15      3,94,72,520.00 
16      4,25,66,440.00 
17      95,60,700.00 
18      3,86,96,800.00 
19      4,27,89,000.00 
20      4,35,01,469.00 
21      4,80,75,000.00 
22      2,75,82,700.00 
23      3,22,67,435.00 
24      4,87,14,544.00 
25      2,37,41,070.00 
26      6,71,000.00 
27      85,99,383.00 
28      13,79,49,300.00 
     1,49,28,91,000.00 
102

 
 
  
  
 4/1/2017 3/31/2018  
 079 -  027 - , 
 
 - - - - 
 - -  
 - - - - - - 
 9152] 
 31,32,33,35,36,54 55  
   
1  31,75,00,000.00 
2  50,00,00,000.00 
3  5,00,00,000.00 
4  18,01,30,000.00 
5  62,00,00,000.00 
6  1,98,70,000.00 
7  3,00,00,000.00 
 1,71,75,00,000.00 
  
  
  
  
  
  
  
  
  
  
 
 
 
 
 
103

 
 
  
 
 4/1/2017 3/31/2018   
 079 -   027 - , 
 
 - -  - - 
 
- - 
 
 
 
- -  - - - - 
 9155] 
 31,32,33,35,36,54 55  
       
1      65,24,16,500.00 
2      3,50,41,600.00 
3      7,73,09,000.00 
4      6,36,41,200.00 
5      6,71,02,220.00 
6      1,35,000.00 
7      11,87,43,900.00 
8      5,97,58,080.00 
9      16,46,12,700.00 
10      25,51,05,800.00 
11      2,70,000.00 
12      3,38,62,000.00 
13      8,20,07,400.00 
14      23,08,84,600.00 
15      13,15,07,600.00 
16      2,32,49,000.00 
17      23,09,60,800.00 
18      5,52,27,300.00 
19      2,15,31,600.00 
20      10,88,000.00 
21      1,14,55,45,700.00 
     3,45,00,00,000.00 
  
  
104

 
 
  
 4/1/2017 3/31/2018   
 079 -   027 - , 
 
 - -  - - 
 - - 
 
 
 - -  - - - - 
 0260] 
 31,32,33,35,36,54 55  
       
1      27,00,000.00 
2      14,45,400.00 
3      4,82,55,000.00 
4      1,18,85,040.00 
5      10,08,000.00 
6      25,20,000.00 
7      1,62,84,906.00 
8      3,41,56,300.00 
9      79,93,022.00 
10      17,76,000.00 
11      1,24,83,820.00 
12      2,91,92,000.00 
13      10,80,000.00 
14      1,05,51,840.00 
15      30,67,200.00 
16      3,55,54,840.00 
17      48,00,000.00 
18      17,39,400.00 
19      1,54,40,000.00 
     24,19,32,768.00 
 
 
105

 
 
 
 
- 2018-19 
  
 
 
 
1  (  ,  2.03 
    (   0.18 
2  (   0.53 
3  (   0.15 
    (  ,  2.69 
    (   0.25 
    (   3.44 
    (   1.09 
4  (  ,  0.10 
    (   0.39 
5  (   0.04 
    (  ,  0.50 
    (   0.36 
6   (   0.15 
    (   1.68 
7  (   0.02 
    (   2.40 
    (   0.44 
    (  ,  0.05 
    (   1.42 
    (   9.25 
    (   0.07 
    (   0.25 
8  (  ,  0.10 
9  (  ,  4.61 
    (   1.23 
    (   1.23 
10  (  ,  2.14 
    (   0.31 
    (   0.92 
11 
 
(   
0.21 
12  (   0.77 
    (   0.18 
106

 
 
13  (   0.38 
    (   0.20 
    (   0.26 
    (   0.44 
    (   1.08 
14  (  ,  2.45 
    (   0.94 
    (   2.17 
    (   1.39 
    (   0.09 
15  (   0.14 
16  (   4.89 
    (  ,  7.28 
    (   0.64 
    (   0.18 
    (   0.28 
17  (   2.85 
    (   0.64 
    (   0.65 
18  (  ,  1.64 
    (   0.34 
    (   1.09 
19  (   0.53 
    (   1.23 
20  (  ,  0.95 
    (   0.28 
    (   0.15 
    (   0.21 
21  (   0.04 
    (   0.31 
    (   0.40 
    (   0.21 
22  (  ,  0.40 
    (   0.87 
    (   1.03 
23  (   0.15 
24  (   2.88 
25  (  ,  4.57 
26  (  ,  0.65 
    (   0.44 
    (   0.21 
107

 
 
27  (   13.66 
    (   0.03 
    (  ,  4.88 
    (   2.21 
    (   0.13 
    (   1.01 
    (   0.09 
28  (   0.16 
    (  ,  0.10 
    (   2.07 
    (   0.51 
    (   0.26 
29  (  ,  0.87 
    (   0.40 
    (   1.05 
30  (  ,  0.20 
    (   0.48 
    (   2.17 
    (   1.00 
31  (  ,  0.10 
    (   0.51 
    (   25.00 
    (   3.51 
32  (  ,  3.18 
    (   0.26 
    (   0.86 
    (   3.76 
    (   0.11 
  
 
108

 
 
 
2018-19 
  
 4/1/2018 
3/31/2019 
   
 079 -   027 - , 
 
 
 - -  - -  
  - -    
 - -  - - - -  
 - -  
 31,32,33,35,36,54 55   
        
1      1,59,70,28,369.00  
2      11,15,65,000.00  
3      35,78,96,728.00  
4      9,00,000.00  
5      16,92,12,984.00  
6      28,26,82,800.00  
7      13,63,27,200.00  
8      1,53,65,000.00  
9      32,70,96,390.00  
10      60,41,68,000.00  
11      36,28,71,580.00  
12      8,52,14,520.00  
13      20,13,95,008.00  
14      85,34,05,000.00  
15      3,05,61,900.00  
16      44,87,47,144.00  
17      36,29,97,930.00  
18      22,56,61,400.00  
19      6,41,75,360.00  
20      28,06,41,760.00  
21      47,03,58,771.00  
22      25,24,62,891.00  
23      5,42,97,000.00  
24      15,96,17,240.00  
25      26,90,08,503.00  
26      39,96,33,400.00  
27      21,68,38,051.00  
28      7,73,04,500.00  
29      99,84,000.00  
30      87,83,000.00  
31      1,05,08,08,820.00  
     9,48,70,10,249.00  
109

 
 
             
  
 4/1/2018 3/31/2019    
 079 -   027 - , 
 
 
 - -  - -  
 - - 
 
  
 - -  - - - -  
 - 3095]  
 31,32,33,35,36,54 55   
        
 
1      4,91,94,200.00  
2      86,56,500.00  
3      9,00,000.00  
4      8,75,000.00  
5      10,00,00,000.00  
6      3,11,81,800.00  
7      99,65,000.00  
8      1,42,64,000.00  
9      5,90,47,000.00  
10      1,20,08,840.00  
11      3,85,20,000.00  
12      18,68,02,760.00  
13      6,59,65,000.00  
14      1,21,53,000.00  
15      50,00,000.00  
16      4,24,66,900.00  
     63,70,00,000.00  
110

 
 
 
  
 4/1/2018 
3/31/2019 
  
 079 -   027 - , 
 
 - -  - - 
 - -   
 - -  - - - - 
 0257] 
 31,32,33,35,36,54 55  
       
1      7,87,28,000.00 
2      2,79,57,000.00 
3      98,82,000.00 
4      89,08,000.00 
5      1,09,73,000.00 
6      83,12,000.00 
7      1,13,53,000.00 
8      4,38,38,000.00 
9      54,14,000.00 
10      92,16,000.00 
11      4,35,00,000.00 
12      2,30,54,000.00 
13      1,07,84,000.00 
14      1,00,61,000.00 
15      1,74,70,000.00 
16      1,04,60,000.00 
17      2,60,06,000.00 
18      93,23,000.00 
19      1,10,47,000.00 
20      57,17,000.00 
21      49,84,000.00 
22      87,83,000.00 
23      6,28,25,000.00 
 
  
  
45,85,95,000.00  
  
 
111

 
 
  
 4/1/2018 3/31/2019   
 079 -   027 - , 
 
 - -  - - 
 - - 
 
 
 - -  - - - - 
 - 9153] 
 31,32,33,35,36,54 55  
   
1  25,63,44,800.00 
2  1,95,25,400.00 
3  6,40,64,000.00 
4  9,30,62,000.00 
5  73,85,000.00 
6  2,58,14,000.00 
7  16,09,86,500.00 
8  2,07,07,000.00 
9  9,26,47,200.00 
10  32,20,000.00 
11  12,61,07,900.00 
12  13,17,94,000.00 
13  9,04,91,000.00 
14  57,56,000.00 
15  30,15,51,400.00 
16  2,92,45,000.00 
17  31,94,41,000.00 
 1,74,81,42,200.00 
  
  
  
  
  
  
  
112

 
 
   
 4/1/2018 3/31/2019   
 079 -   027 - ,  
 - -  - - 
 - - 
 
 
 - -  - - - - 
 9186] 
 31,32,33,35,36,54 55  
       
1      10,31,48,769.00 
2      4,92,40,228.00 
3      12,93,45,400.00 
4      5,84,81,624.00 
5      3,44,43,000.00 
6      8,81,12,240.00 
7      3,93,41,700.00 
8      11,22,86,880.00 
9      3,10,56,300.00 
10      9,60,45,159.00 
11      21,41,89,000.00 
12      1,54,59,400.00 
13      4,97,88,904.00 
14      3,84,06,220.00 
15      4,05,33,000.00 
16      50,45,000.00 
17      1,00,00,000.00 
18      6,46,46,670.00 
19      4,50,11,891.00 
20      5,42,97,000.00 
21      1,60,00,000.00 
22      2,65,32,000.00 
23      4,29,97,800.00 
24      7,15,33,975.00 
25      4,42,27,700.00 
26      9,12,11,140.00 
     1,57,13,81,000.00 
  
  
113

 
 
  
 
 4/1/2018 3/31/2019   
 079 -   027 - , 
 
 - -  - - 
 
- - 
 
 
 
- -  - - - - 
 9152] 
 31,32,33,35,36,54 55  
   
1  30,00,00,000.00 
2  5,00,00,000.00 
3  42,00,00,000.00 
4  63,00,00,000.00 
5  3,00,00,000.00 
 1,43,00,00,000.00 
  
  
  
  
 
  
  
  
  
114

 
 
   
 
 4/1/2018 3/31/2019   
 079 -   027 - , 
 
 - -  - - 
 - - 
 
 
 - -  - - - - 
 0260] 
 31,32,33,35,36,54 55  
       
1      46,53,600.00 
2      4,66,69,000.00 
3      12,65,960.00 
4      43,92,000.00 
5      1,41,21,900.00 
6      1,92,16,800.00 
7      2,17,87,920.00 
8      83,94,000.00 
9      8,38,500.00 
10      1,97,28,000.00 
11      3,83,10,600.00 
12      9,07,200.00 
13      1,16,46,360.00 
14      20,24,400.00 
15      3,53,91,401.00 
16      65,28,000.00 
17      29,01,600.00 
18      3,54,35,103.00 
19      1,65,32,376.00 
20      4,75,780.00 
     29,12,20,500.00 
  
  
  
115

 
 
  
 4/1/2018 3/31/2019   
 079 -   027 - , 
 
 - -  - - 
 - - 
 
 
 - -  - - - - 
 9155] 
 31,32,33,35,36,54 55  
       
1      1,10,49,59,000.00 
2      11,15,65,000.00 
3      7,91,83,000.00 
4      6,53,03,000.00 
5      9,29,76,200.00 
6      24,86,250.00 
7      14,17,26,000.00 
8      7,19,01,000.00 
9      10,22,32,200.00 
10      23,66,82,300.00 
11      3,67,00,000.00 
12      6,85,33,600.00 
13      22,67,42,800.00 
14      5,36,13,500.00 
15      2,17,99,200.00 
16      19,19,62,400.00 
17      3,18,84,200.00 
18      5,70,89,700.00 
19      53,43,89,000.00 
     3,23,17,28,350.00 
  
116

 
 
 
  
 4/1/2018 3/31/2019   
 079 -   027 - , 
 
 - -  - - 
 - - 
 
 
 - -  - - - - 
 3094] 
 31,32,33,35,36,54 55  
     
1      1,34,08,400.00 
2      2,05,82,500.00 
3      1,99,89,900.00 
4      1,36,32,300.00 
5      96,75,849.00 
6      1,34,64,540.00 
7      1,68,82,970.00 
8      50,55,500.00 
9      24,19,440.00 
10      38,31,800.00 
 :     11,89,43,199.00 
 
******* 
117

 
 
 
 
 2401  
15.07  
 
 
2401.    
 ,         
  -
;  
(   , ;  
  
;  
 ,  
 
 
 
 
 
 
 
- - - -
,  
- - - - ,
 
 
 
 
118

 
,
- -
- ,
 
,  - ,
,
,
  
 
119

 
,  
 
. 2402 
15. 7.201  
 
 
 
 
  
 
   ,  
 
 ;  
 
(  , ;  
 
(  
 ;  
 
  , ? 
 
 
,  
(  
 
:  , -
 
  
 ,
 
 
 
 -  
 
 
, - , 
- , , 
, , 
, 
, 
-II   
120

 
 , ,
 
  
**** 
121

    -I   
15.07.2019
  
 
  2017  2018  2019 (16.06.2019   
1    8  3  6  
2    1877  1785  1731  
3    733  491  848  
4    1877  1660  1893  
5    272  223  200  
6    1  0  0  
7    4373  3331  1581  
8    0  0  0  
9    0  0  0  
10    5  4  2  
11    32  9  9  
12    574  572  206  
13   185  43  14  
14    170  748  116  
15    113  742  35  
16    1133  666  354  
17    1333  1068  1130  
18    456  128  191  
19    0  0  0  
20    4781  4929  2622  
21    3487  3919  2302  
22    1094  1606  1729  
23    1454  1664  1511  
24    1587  2339  2793  
25   930  935  1000  
26    4416  3735  1915  
27    9  4  0  
28    320  487  33  
29    260  292  370  
30    8  1  9  
31    301  221  748  
32    1748  1918  1181  
33    431  861  1194  
34    1170  1165  784  
35    376  1385  1502  
36    364  125  243  
    35,888  37,059  25,  
122

        -II   
15.07.2019
  
   (   
  2016-17  
 
 
2017-18  
 
2018-19  
 
1    0.00 0.00 260.06 
2    88.59 75.00 57.17 
3    211.04 168.00 104.60 
4    122.26 75.00 92.16 
5    0.00 0.00 87.83 
6   93.91 75.00 0.00 
7    331.36 276.70 0.00 
8    95.61 75.00 0.00 
9    199.63 105.00 107.84 
10    203.27 105.00 174.70 
11    163.65 234.53 279.57 
12    281.15 168.00 628.25 
13    372.58 321.58 787.28 
14    266.14 168.00 435.00 
15    0.00 75.00 0.00 
16    174.22 105.00 98.82 
17    74.29 105.00 0.00 
18    0.00 105.00 0.00 
19    139.72 75.00 100.61 
20    304.03 168.00 438.38 
21    92.83 75.00 54.14 
22    0 0.00 93.23 
23    181.34 102.00 89.08 
24    125.02 219.88 230.54 
25    126.57 104.63 113.53 
26    131.29 90.59 110.47 
27    170.01 92.56 83.12 
28    119.73 148.59 0.00 
29    190.76 66.00 109.73 
30  
 56.23 9.00 
26.41 
31    74.52 8.00 1.00 
32   0.00 0.00 0.00 
33    0.00 0.00 0.00 
34    0.00 0.00 0.00 
35    50.00 30.00 0.00 
36    0.00 30.00 49.84 
    4439.75 3456.06 4613.36 
 
**********  
 
123

 
 
,  
 
. 2403 
15. 7.201  
 
 
 
 
 
 ,  
 
;  
 
( ;  
 
 ? 
 
 
,  
(  
 
(   ,
 
 -
  
 , 
 - 
   
   
   
   
 
 
, , , , , 
- , 
2018 , 
- , 
124

 
 
,
,
 
,  
,
 
 
, ,
 
 
**** 
125

-I 
 
 
 
  2016  2017  2018  
1    24  8  3  
2    1,699  1877  1785  
3    293  733  491  
4    1,766  1877  1660  
5    321  272  223  
6    -  1  0  
7    2,808  4373  3331  
8    -  0  0  
9    -  0  0  
10    2  5  4  
1 1    10  32  9  
12    262  574  572  
13   43  185  43  
14    199  170  748  
15    217  113  742  
16    740  1133  666  
17    831  1333  1068  
18    165  456  128  
19    -  0  0  
20    2675  4781  4929  
21    1,874  3487  3919  
22    1,105  1094  1606  
23    966  1454  1664  
24    1,318  1587  2339  
25    678  930  935  
26    2,763  4416  3735  
27    -  9  4  
28    45  320  487  
29    66  260  292  
30    -  8  1  
31    113  301  221  
32    1,154  1748  1918  
33    346  431  861  
34    691  1170  1165  
35    1501  376  1385  
36    142  364  125  
    24,817  35,888  37059  
  
  
 
 
126

भारत सरकार 
पयार्वरण, वन और जलवायु पिरवतर्न मंत्रालय 
राÏ य सभा 
अतारांिकत प्रæन सं. 2404 
15.07.2019 को उƣर के  िलए 
वायु प्रदूषण के  संकट  
2404.  Įी हुसैन दलवईः  
 
पयार्वरण, वन और जलवायु पिरवतर्न मंत्री यह बताने की कृ पा करɅगे िकः  
 
(क)   िवगत तीन वषɟ के  दौरान प्रदूषण के  कारण हुई मृ×यु के  राÏय-वार, वषर्-वार आंकड़े उपलÞध हɇ,   यिद 
 ह ा ं, तो त×संबंधी Þयौरा क्या है और इसके  क्या कारण हɇ; 
  
(ख)    ि व ग त  त ी न  व ष ɟ  के   दौरान  औɮयोिगक  अपिशçट, क ा र ɉ  से क ा ब र्नडाइआक्साइड  (CO2) क ा  
 उ × स ज र्न िजससे वायु प्रदूषण होता है, जैसे कारकɉ से िनपटने के  िलए वषर्-वार उठाये गये कदमɉ  का 
 र ा Ï य -वार, Þयौरा क्या है और यिद नहीं, तो इसके  क्या कारण हɇ;  
 
(ग)   िवगत तीन वषɟ के  दौरान वाय ु प्रदूषण के  संकट के  प्रित भौगोिलक Ǻिçट से अितसंवेदनशील क्षेत्रɉ के  
बारे मɅ जानकारी प्राप् त करने के  िलए िकए गए आकलन और इसे रोकने के  िलए िकये गये उपायɉ का 
राÏ य-वार Þ यौरा क् या है और यिद नहीं, तो इसके  क् या कारण हɇ; और  
 
(घ)   वाय ु
 प्र दूषण  को  कम  करने के  ि ल ए  ि क ए  ग ए  प्र य ा स ɉ  के  ि ल ए  आ वंिटत  बजट  िकतना  है औ र  य ि द  
 न ह ी ं, तो इसके  क्या कारण हɇ? 
उ× तर
 
पयार्वरण, वन और जलवायु पिरवतर्न राÏ य मंत्री  
(Įी बाबु
ल सु
िप्रयो) 
 
(क) : हालांिक, वायु
 प्रदूषण æ वसन संबंधी रोगɉ ओर इससे संबंिधत बीमािरयɉ के  िलए िजà मेदार िट्रगर कारकɉ 
मɅ से एक है, िकं तु के वल वायु प्रदूषण के  कारण म ृ× यु/बीमारी से इसका सीधा स ंबंध è थािपत करने वाले कोई 
िनणार्यक  आंकड़े द ेश  मɅ उ प ल Þ  ध  नहीं ह ɇ।  वायु प्र दूषण  के  è  वाè Ø य  पर  पड़ने व ा ले प्र भ ा व, ि व ि भ Û  न  कारकɉ 
िजनमɅ å  य ि क् त  क ी  भ ो ज न  संबंधी  आदतɅ, å  यावसाियक  आदतɅ, 
सामािजक -आिथर्क  िèथित, म ेिडकल  िहè ट्री, 
प्रितरक्षा, आनु
वांिशकता आिद शािमल हɇ, का सहिक्रया× मक प्रभाव है। 
 
(ख) :  क Ʌद्र  सरकार  ने द ेश  मɅ व ा यु प्र दूषण  की  रोकथाम, ि न यंत्रण  और  उसमɅ क म ी  क र ने के  ि ल ए  अ नेक 
िनयामक उपाय िकए हɇ। औɮयोिगक प्रदूषण के  िनवारण और िनयंत्रण के  िलए उठाए गए कदमɉ मɅ अÛ य बातɉ 
क े साथ-साथ शािमल हɇ:  
 पयार्वरण  (संरक्षण)  िनयम,  1986  और  समय-समय  पर  इसके  स ंशोधन  के  त ह त  औ ɮ य ो ि ग क  क्षेत्रɉ  के  
िलए उ× सजर्न मानकɉ की अिधसू
चना जारी की गई है।  
 िवɮयुत संयंत्रɉ के  िलए कड़े उ×  सजर्न मानदंडɉ की अिधसू
चना जारी की गई है।  
 15 अक्
  तूबर, 2018 से बदरपुर तापिवɮयुत संयंत्र बंद िकया गया है।  
 ऑन-लाइन  सतत  बिहİाव/उ× सजर्न  िनगरानी  तंत्र (ओसीईएमएस) क ी  संè थापना  के  ि ल ए  अ ×  यिधक 
प्रदूषणकारी उɮयोगɉ की 17 Įेिणयɉ को िनदेश जारी िकए गए हɇ।  
 िदã ली  और  राç ट्रीय  राजधानी  क्षेत्र  मɅ  सभी  ईंट  भɪटɉ  को  िमिĮत  प्रौɮयोिगकी  मɅ è  थानांतिरत  िकया 
गया है।  
 पेटकोक  और  फरनेस  ऑयल  पर  प्रितबंध  -  ि द ã  ली  और  एनसीआर  राÏ यɉ  मɅ च ूना  भɪिटयɉ/सीमɅट 
भɪिटयɉ और कै िãसयम काबार्इड उɮयोग मɅ पेटकोक के  उपयोग पर िनगरानी।  
127

  
 
   इ स क े  अ ल ा व ा, क Ʌद्रीय  प्रदूषण  िनय ंत्रण  बोडर् (सीपीसीबी) व ष र् 2016-17 स े  ओसीईएमएस  स े 
कà Ü यूटरजिनत  चेताविनयɉ के  आधार पर अ× यिधक प्रदूषणकारी उɮयोगɉ की 17 Įेिणयɉ का िनरीक्षण कर रहा 
है। 14.06.2019 तक कु ल 592 उɮयोगɉ का िनरीक्षण िकया गया है और अनुपालन न करने वाले उɮयोगɉ को 
पयार्वरण  (संरक्षण) अ ि ध ि न य म  1986 क ी  ध ा र ा  5 के  त ह त  347 ि न दȶश  तथा  राÏ य  प्रदूषण  िनयंत्रण  बोडर् क ो  
वायु औ र  ज ल  अ ि ध ि न य म ɉ  क ी  ध ा र ा  18  (1)  (ख) के  त ह त  1 ि न दȶश  जारी  िकया  गया  है।  राÏ यवार  Þ यौरा 
अनुबंध-I मɅ िदया गया है।  
 
वाहनɉ के  प्रदूषण से िनपटने के  िलए िकए गए िविशç ट उपायɉ मɅ िनà निलिखत शािमल हɇ:  
 
 1 अप्रैल 2018 से राç ट्रीय राजधानी िदã ली क्षेत्र मɅ और 1 अप्रैल, 2020 से शेष भारत मɅ बीएस-IV से 
सीधे बीएस-VI ईंधन मानकɉ को लागू करना। 
 गैसीय ईंधन (सीएनजी, एलपीजी आिद), एथॅनाल िमĮण जैसे è वÍ छतर/वैकिãपक ईंधनɉ की शुǾआत। 
 सावर्जिनक पिरवहन को बढ़ावा देना और सड़कɉ मɅ सुधार करना और सड़कɉ पर भीड़भाड़ को कम करने 
क े िलए अिधक पुलɉ का िनमार्ण करना।  
 िदã ली  से ब ा ह र  के   यातायात  को  अपवित र्त  करने के  ि ल ए  ई è  टनर् पेिरफे रल  एक् प्रेसवे औ र  व ेè टनर् 
पेिरफे रल एक् सप्रेसवे का प्रचालन करना।  
 िनयंत्रणाधीन प्रदूषण संबंधी प्रमाणपत्र जारी करने को सफल बनाना। 
 िदã ली  राç ट्रीय  राजधानी  क्षेत्र  मɅ  2000  सीसी  और  अिधक  की  इंजन  क्षमता  वाले  डीजल  वाहनɉ  पर 
पयार्वरण सु
धार प्रभार (ईपीसी) लागू िकया गया है।  
 
(ग) औ र  (घ)  : व षर् 2011-2015 क ी  अ व ि ध  के  ि ल ए  प ि र वेशी  वायु ग ुणव× ता  आंकड़ɉ  और  िवæ व  è वाè Ø य 
संगठन  की  िरपोटर् 2014/2018 के  आ ध ा र  प र, देशभर  मɅ फै ले  102 ग ैर-अनुपालनकतार्  शहरɉ  की  पहचान  की 
गई है। इसकी राÏ यवार सूची अनुबंध-II मɅ दी गई है। राç ट्रीय è वÍ छ वायु कायर्क्रम (एनसीएपी) के  तहत, नीचे 
िदए गए बजटीय आबंटन के  अनु
सार, इन शहरɉ के  िलए शहर िविशç ट è वÍ छ वायु कायर्-यो
जना त ैयार की गई 
है:  
 
(i) 10 ल ा ख  से  अिधक  की  आबादी  और PM10>90µg/m3 व ा ले  28  प्राथिमकता  वाले श ह र  (बजट@10 
करोड़ Ǿपये प्रित शहर); 
(ii) 5 से 10 लाख की आबादी वाले 19 शहर (बजट@20 लाख Ǿपये प्रित शहर) 
(iii) 5 लाख से कम की आबादी वाले 43 शहर (बजट@10 लाख प्रित शहर)  
 
**** 
 
 
 
 
 
 
 
 
 
 
128

 
अनुबंध -I  
‘वायु प्र दूषण  के  स ंकट’ के  ब ा रे मɅ ि द न ांक  15.07.2019 क ो  उ ×  तर  के  ि ल ए  Į ी  हुसैन  दलवई  ɮवारा  पू
छ े ग ए  
राÏ य सभा अतारांिकत प्रæ न संख् या 2404 के  के  उ× तर मɅ संदिभर्त अनु
बंध-I 
 
वषर् 2016-17 से एसएमएस अलटर् और की गई कारर्वाई के  तहत िनरीिक्षत उɮयोगɉ की राÏयवार संख्या 
(14.06.2019 तक)  
  
क्रम सं. राÏय  िनरीिक्षत 
उɮयोगɉ की 
संख्या  
पयार्वरण (संरक्षण) 
अिधिनयम, 1986 की 
धारा 5 क े तहत िदशा-
िनदȶश जारी िकए गए 
वायु और जल अिधिनयमɉ 
की धारा 18 (1) (बी) के  
तहत जारी िकए गए िदशा-
िनदȶश 
1           आंध्र प्रदेश  37  18  0  
2           असम  28  17  0  
3           िबहार  5  1  0  
4           छƣीसगढ़  26  12  0  
5           िदãली  1  0  0  
6           गुजरात  64  41  0  
7           गोवा  3  0  0  
8           हिरयाणा 26  12  0  
9           िहमाचल प्रदेश  7  4  0  
10        जàमू और कæमीर  8  5  0  
11        झारखंड  30  20  0  
12        कनार्टक  27  16  0  
13        के रल  7  9  0  
14        मÚय प्रदेश  30  17  0  
15        महाराçट्र  52  33  1  
16        मेघालय  12  6  0  
17        ओिडशा  34  26  0  
18        पु
डु चेरी  1  0  0  
19        पंजाब  22  8  0  
20        राजèथान  33  10  0  
21        िसिक्कम  1  2  0  
22        तिमलनाडु  37  21  0  
23        तेलंगाना  21  15  0  
24        ित्रपु
रा  1  0  0  
25        उƣर प्रदेश  39  27  0  
26        उƣराखंड  6  5  0  
27        पिæचम बंगाल  34  22  0  
कु ल 592  347  1  
  
129

अनुबंध-II  
‘वायु प्र दूषण  के  स ंकट’ के  ब ा रे मɅ ि द न ांक  15.07.2019 क ो  उ ×  तर  के  ि ल ए  Į ी  हुसैन  दलवई  ɮवारा  पू
छ े ग ए  
राÏ य सभा अतारांिकत प्रæ न संख् या 2404 के  के  उ× तर मɅ संदिभर्त अनु
बंध-II 
   
िवæ व è वाè Ø य संगठन की िरपोटर् 2014/2018 क े अनुसार, भारत की पिरवेशी वायु गु
णव× ता के  संबंध मɅ 
(2011-2015) मानकɉ को प्राÜ त न कर पाने वाले शहर  
  
राÏय  क्र.सं.  शहर  
  आंध्र प्रदेश  1.   गुंटू र  
2.   कु रनूल  
3.   नेãलोर  
4.   िवजयवाड़ा  
5.   िवशाखापɪटनम  
असम  
6.   गुवाहाटी  
7.   नगांव  
8.   नलबाड़ी  
9.   िशवसागर  
10.   िसलचर  
चंडीगढ़  11.   चंडीगढ़  
छƣीसगढ़  
  
12.   िभलाई  
13.   कोरबा  
14.   रायपुर  
िदãली  15.   िदãली  
गुजरात  
16.   सूरत  
17.   अहमदाबाद  
िहमाचल प्रदेश  
18.   बɮदी  
19.   दमताल 
20.   काला अंब  
21.   नालागढ़  
22.   पांवटा सािहब  
23.   परवाणू  
24.   सुंदर नगर  
जàमू और कæमीर  
25.   जàमू  
26.   Įीनगर  
झारखंड  27.   धनबाद  
कनार्टक  
28.   बɇगलोर  
29.   देवणगेरे 
30.   गुलबगर् 
31.   हुबली, धारवाड़  
मÚय प्रदेश  
32.   भोपाल  
33.   देवास  
34.   इंदौर  
35.   सागर  
130

36.   उÏजैन  
37.   ग्वािलयर  
महाराçट्र  
38.   अकोला  
39.   अमरावती  
40.   औरंगाबाद  
41.   बदलापुर  
42.   चंद्रपुर  
43.   जलगांव  
44.   जालना 
45.   कोãहापुर  
46.   लातूर  
47.   मुंबई  
48.   नागपुर  
49.   नािसक  
50.   नवी मुंबई  
51.   पुणे  
52.   सांगली  
53.   सोलापुर  
54.   उãहासनगर  
मेघालय  55.   बनीर्हाट 
नगालɇड  
56.   दीमापुर  
57.   कोिहमा  
ओिडशा  
58.   अंगुल  
59.   बालासोर  
60.   भुवनेæवर  
61.   कटक  
62.   राउरके ला  
63.   तालचेर  
पंजाब  
64.   डेरा बèसी  
65.   गोिबंदगढ़  
66.   जालंधर  
67.   खÛना  
68.   लुिधयाना  
69.   नाया नांगल  
70.   पठानकोट/डेरा बाबा  
71.   पिटयाला  
72.   अमृतसर  
राजèथान  
73.   अलवर  
74.   जयपुर  
75.   जोधपुर  
76.   कोटा  
77.   उदयपुर  
तिमलनाडु  78.   थु
टु कु डी  
131

 
तेलंगाना  
79.   हैदराबाद  
80.   नलगɉडा  
81.   पटेनचेǾ 
उƣर प्रदेश  
82.   आगरा  
83.   इलाहाबाद  
84.   अनपरा  
85.   बरेली  
86.   िफरोजाबाद  
87.   गजरौला  
88.   गािज़याबाद  
89.   झांसी  
90.   कानपुर  
91.   खुजार्  
92.   लखनऊ  
93.   मुरादाबाद  
94.   नोएडा  
95.   रायबरेली  
96.   वाराणसी  
उƣराखंड  
97.   काशीपुर  
98.   ऋिषके श  
पिæचम बंगाल  99.   कोलकाता  
िबहार  
   100. पटना  
   101. गया  
      102. मुजÝफरपुर
  
  
 
132

 
,  
 
. 240  
15. 7.201  
 
 
  
 
 ,  
 
 
 ,  
 ;  
 
(  , , , 
 ;  
 
 
 , 
 ? 
 
 
,  
(  
 
( ) : , -
, 
- - -
 
 
( ) , ,  
, , 
,
, 
- , -
 
 
**** 
 
133

 
,  
 
. 240  
15. 7.201  
 
 
  
  
  
 
 ,  
 
 
 
 ;  
 
(  
 ;  
 
 ? 
 
 
,  
(  
 
( ) : , 
, 
-
PM2.5 , % % 
PM10 , % 
%  
 
 ,  , 
-I)  
 
( ) , 
 
 
-  
 
(i)  ,
,
, , ,
 
 
134

(ii)  ,
 
 
 
 
 
 
  
  
 ,
 
 
 
 , -IV
-VI  
 , ,  
 
 
 
 
  
 
 
 
 
 ,  
  
 
 
 x
 
 -  
 
 
 
 
 - - , ,
-
 
  
 -
-  
135

 , , - , -
 
 
 
 
  
 
 
 
 
 
 , - ,
, ,
 
 
,
, , ,
 
 - aircomplaints.cpcb@gov.in
 
 
, 
, 
 
 
**** 
136

 
-I 
 
-  
 
-  -  -  
PM2.5 PM10 PM2.5 PM10 PM2.5 PM10 
83 236 89 247 63 209 
 
 
- 8 - 8 - 8 
PM2.5 PM10 PM2.5 PM10 PM2.5 PM10 
90 257 86 244 85 259 
  
 
137

 
 
,  
 
. 240  
15. 7.201  
 
 
 
 
  
  
 
 ,  
 
 
 
 ;  
 
(  
 ;  
 
 
 ? 
 
,  
(  
 
( ) : , 1901 
, 
-
 
 
 , -
, , , , -
, , 
-
-
-
, - -
 
138

 
, , 
-
, -
 
 
  , 
, 
, , 
-  
 
  , -
, , , , 
, 
, 
 
 
 , -
 
 
**** 
 
139

140

141

142

143

144

145

146

147

148

149

150

151

152

153

154

 
 
 
 
 
15.07  
 
 2019    
 
2412.    
  
 ,           
 
               ,   
        , -   -   
 ;  
   2019           ,    
                 
    -    ? 
 
 
 
 
 
 
, 
% , -
, ,
, , , ,
%, 9.38% %  
 
 , 
, 
- -
- -
- - -
-  
 
155

 
 -
- -
, - , 
, 
 
 
 
**** 
  
156

-I 
 
 2019   9  
 
 
- - -
-  
 
                   (   
   
-  
 
-  
 
-  
 
-  
1   1839.48 1820.43 2115.50 1519.70 
2   0.06 0.00 0.00 0.23 
3   0.00 0.00 0.00 0.33 
4   269.22 281.32 228.24 153.40 
5   98.70 787.00 598.74 615.55 
6   0.33 0.32 0.12 0.20 
7   1689.92 1841.46 1177.56 1183.65 
8  238.50 191.64 165.83 174.20 
9   121.68 106.99 91.82 73.13 
10   76.60 41.34 59.63 70.40 
11   NR 192.10 159.95 156.33 
12   435.38 547.00 465.08 459.68 
13   17.30 29.48 34.41 118.56 
14   63.94 855.37 0.00 383.50 
15   557.50 566.62 0.00 322.40 
16   62.06 78.09 64.61 51.35 
17   33.65 0.00 13.08 21.19 
18   NR 26.46 24.81 28.86 
19   NR 0.00 0.00 8.26 
20   960.03 874.32 312.00 2275.00 
21   19.07 35.35 44.50 36.34 
22   461.14 443.57 300.67 432.77 
23   16.31 22.99 2.37 12.09 
24   293.34 258.63 215.46 281.39 
25   1378.31 3680.62 3407.94 2774.85 
26   15.38 433.31 31.58 26.85 
27  157.76 166.58 189.07 137.02 
28   587.03 711.93 589.92 737.69 
29  324.19 27.51 429.69 60.91 
30  7.13 7.25 1.62 7.48 
31  1.33 1.38 1.23 1.24 
32  3.03 3.83 4.55 1.56 
33  0.00 0.19 0.62 0.07 
34  9.74 8.72 0.0 10.01 
35   0.00 0.00 0.00 0.07 
36   0.33 0.87 0.41 0.91 
 9738.43 14042.88 10731.01 12137.09 
 .  -  
 -  
157

-  
 
 2019   9  
 
 
- -
- -
 
  
                  (   
     
2016-17  
  
2017-18  
  
2018-19  
1    1.33 3.36 6.38 
2    2.18 4.23 - 
3    4.92 10.86 7.82 
4    4.36 - - 
5   3.50 2.71  
6    0.00 1.73 2.92 
7    0.00 7.20 - 
8    0.00 - - 
9    7.33 3.24 10.99 
10    0.00 - - 
11    4.00 8.74 7.78 
12    4.76 6.73 15.33 
13    4.62 3.49 11.36 
14    0.00 - - 
15    0.00 1.40 1.95 
16    1.56 - 2.07 
17    0.00 - - 
18    2.55 0.67 0.32 
19    0.00 3.36 2.58 
20    0.00 - - 
    41.10 57.71 69.50 
       
21    0.00 0.86 - 
22    0.00 - 0.58 
23    1.21 3.20 4.38 
24    0.00 1.65 0.74 
25    6.74 5.80 7.79 
26    5.21 5.85 6.41 
27    5.09 - 5.98 
28    0.00 4.94 - 
     18.25 22.29 25.88 
   59.35 80.00 95.38 
  
    
158

 
( )  
   2016-17   2017-18   2018-19    
1   1.06 0.45 2.67   
2   - - -   
3   - - -   
4   - - -   
5   20.23 10.95 5.36   
   - - -   
   - - -   
  - - -   
   - - -   
   - - -   
1    - - -   
1    0.87 0.86 1.62   
1    - - -   
1    - - 24.16   
1    - - 10.30   
1    7.82 6.41 4.89   
1    - - -   
1    9.88 20.00 22.36   
1    - - -   
   1.39 1.40 4.74   
2    - 6.22 -   
2    - - -   
2    - - 3.32   
2    - - -   
2    - - -   
2    - - -   
2    - - -   
2    - - -   
2    - - -   
  41.25 46.29  79.43   
 
 
159

 
 
 
 
 
 
15.07  
 
 
 
2413.  
 
,  
 
 
; 
(  20 
;  
 
, ? 
 
 
 
 
 
  
 , , , 
, , 
, 
, , , 
, , , 
-
- , , , 
 
  
160

 
 , 
, 2018 -
, , 
 
 
   
   
   
   
   
   
   
   
   
   
  ,  
   
   
   
   
   
   
   
   
   
   
   
   
 
 , 
, 
, , -
,  
 
 
161

 
 
 
 
15.07  
 
 
 
2414.  
 
,  
 
 
; 
(  , ; 
(  ; 
(  
;  
 , ? 
 
 
 
 
 
 
( ) - -
,
- -
 
 
 i. 
  X  
 ii. 
   
 iii. X
   
 
 
162

 
  
 
 i. -  
 ii.  
 iii  
 iv  
 v.  
 
 , 
, 
- -
-
  
 
 
 
 
 
 
163

 
 
 
 
15.07  
 
 (  
 
2415.  
  
,  
 
  (
; 
(  , ;  
 ? 
 
 
 
 
 
 
( ) , 2019 
 
 
 , ,
, - , 
, 
 
 
 
164

 
 
 
 
15.07  
 
 
 
2416.   
 
,  
 
 ; 
(  , ; 
(  
;  
 ? 
 
 
 
 
 
 
  , 
, 
,
-
PM , % 
% PM , % 
%   
 
 , 
-  
 
 
 
(i) , , 2017 
, , 
 
(ii) , 
-
 
 
165

 
 
 
 
 , 18 
  
  
  
 
  
 
 
 , , -IV 
 -VI  
 , ,  
 -
  
 -
  
 -  
 cc
  
 
 
 ,  
  
 -  
 24x7) 
  
 -  
 
  
 
 
 - - ,  
 -
  
  
 - - W-t-E
  
 ,
 , - , - ,  
 
 
 
166

 
 
  
 
  
 
 
 , , , , 
 - ,
  ,
 ,  
 
 , , ,
 ,
  
 
 - aircomplaints.cpcb@gov.in  
  
 
 , 
- , -  
 
  
  
 
 ,     
 
 , 
, 
, , 
  
 
 , -
, , 
; 
; 
; 
; ; 
; 
; , 1986 
, 1974  
 
 
167

 
 
 
 
15.07  
 
-  
 
2417.   
  
,  
 
 - ; 
(  - - ; 
(  , -
; 
(  - ; 
(  , ;  
 , ? 
 
 
 
 
 
 
 -
" - 2017" , 2016 
20 -
-
, - , - ,  
 
 ,  
, - , 
, , , 
-
-
 
 
 -
, 2016 , 
- -
 
 
****** 
168

169

170

171

172

173

174

175

176

177

178

179

180

181

182

183

184

185

186

 
 
 
 
 
2430 
,  
 
 
2430.  
 
  
 
(  ; 
 
(  
; 
 
 ,
; 
 
(  ;  
 
(  ? 
 
 
 
(  
 
: -
,
- I  
 
,
, ,
- II  
 
-
 
 
, ,
- ,
 
 
187

 
7
-I 
    
   
 
1  
   
2  
3  
    
4  
   
5  
6  
7  
8   
9  
   
10   
 
1 1   
   
12    
13    
 
14  
15  
   
16  
17  
 
18  
19  
20   
21   
 
22   
23  
24   
188

- II  
5   (   
  
    
       
1 
 
1273.58 
, 947.23 
,
, 324.35 
,   
,
  
 
       
2 
 
13.82 
17.45 
 31.27 
 
 / 
 
 
 
       
3 
 
975.71 
422.84 
552.87 
  
 
  
       
4 
  ) 
327.836 
 
 
14.06.2018 
 
  
  
5 
  ) 
49.677  
 
 
189

 
 
 
 
 
 
 2431 
15  
 
 
2431   
 
 
 -
 
 
 
 
 
 
-l
 
-ll
- - -
-
 
 
(i) 
- -
 
(ii) 
 
(iii) 
 
(iv) -
 
190

 
 
 
 
 
2432 
,  
 
 
2432.  
 
  
 
(  ,
;  
 
(  , , ? 
 
 
 
(  
 
 
,
% %
,  
*** 
191

 
 
 
2433 
,  
 
 
2433.  
 
  
 
(  
; 
 
(  
; 
 
 ; 
 
(  , ;  
 
(  , ? 
 
 
 
(  
 
 
,
,
 
 
 -
, ,  
 
 
-
 
*** 
192

 
 
 
 
 
 
 243  
15  
 
 
243   
 
 
 
 
 -
 
 
 
 -  
 
 
 
 
( ) [
]
-l
,
 
 
-ll 
- 
 
 
 
 
193

 
   
 
 
 
 
  
 
  
 
 
 
 
 
  
 
 
 
 
 
 
-l 
- 
 
  
1.  [ ] 
2.  [ ] 
3.  [ ] 
4.  [ ] 
5.  [ ] 
6.  [ ] 
7.  [ ] 
8.  [ ] 
9.  [ ] 
10.  [ ] 
  
 
 
 
194

-ll 
 
 
 
   
( ) 
 
( ) 
  24 11 
  28 9  
  10 3  
  1 - 
  4 1  
 15  2 1  
  5 2  
  2 1  
  
5 1  
  1 - 
  2 1  
  1 - 
  1 - 
  7 3  
  1 1  
  6 - 
  9 6  
  1 1  
  2 - 
  4 5  
  6 4  
  2 1  
  1 1  
  1 1  
  1 1  
  1 1  
  1 1  
195

  2 1  
  2 1  
  4 3  
  1 1  
  3 1  
  1 1  
 , 
 
2 1  
 ,  8 2  
  2 2  
    
    
    
    
    
    
  20 29 
    
    
    
    
    
    
  8 4  
  15 7  
  10 2  
 ,  2 1  
  -  20 
  
 
 
209 
 
132 
 
196

 
 
 
 
 
2435 
,  
 
 
2435.  
 
  
 
(  
; 
 
(  , ; 
 
(  
;  
 
(  
? 
 
 
 
(  
 
(   (   
 (
,
-
-
, , , -
,
 
 
 
 
 
 
197

198

199

,
2438
15 , 2019
.....
:  
       :  
( )                   ;  
( )             ;   
( )   ,    -             
? 
( )
( ) 
2014-15  31.12.2020 
20,000 
2016-17, 2017-18, 2018-19 
31 , 2019 
( ) 5,805.72 , 
5,361.34 /  
( ) ,  
, ( ),  
( )  -
  
( ) , , , , 
5 22,000 269.0 
 
*****
200

,
2439
15 , 2019
.....
:
       :  
( )              ;  
( )   ,     ;   
( )   ,     ? 
( )
( ) ( ) , 
( ) 1993 , 
 , 
    
, /   
, ,    4598 
25   
, 11.57    "  , 
,  "   
,   
217.87   2  
"  ( )  "   
  2421 
  14 
      
201

,   
1948  8 460  
 ( 30  ) 
    
 ( )  ( )  
30.00   " ( ),  5 
  ”    1174  
,  
/ (    1 2) 
   
140  
 , 51  , 77  
 13.8 
 
, : 
• ,   
 
•  
 
 
*****
202

,
2440
15 , 2019
.....
:
       :  
( )             ( )    
      ,       
            ;  
( )   ,     ;   
( )                   
      ? 
( )
( ) ( )  
( ) ( ) 
 ( ) 
 ( ) 
60( )  
  
( )  
, , ( ) , , 
2914.66 , 
387.56 
 
 
*****
203

,
2441
15 , 2019
.....
. . . . :
       :  
( )                 
, -    90           
  ;  
( )   ,        ,      
          ;   
( )                 
            90      
              2013-14     
     ? 
( )
( ) ( )  ( ) ( : ) 
: 
90:10 
60:40 
2016-17 99  
20% 2012 
   
    90( ) : 
10( ) 60( ) : 40( )  
( ) , 2014 90(1) 
1(2)/ - /2014( ) 30.09.2016  
01.04.2014  100% 
 
***** 
204

,
2442
15 , 2019
.....
:
       :  
( )                 
 ;   
( )                  
     ? 
( )
( ) 2014-15 31.12.2020 20,000 . 
,  20000 
  
2011-12 31.05.2019 
( ) 8,451.77 . 
, 6,589.84 . /
( )  -
, , , 
94 
-
, 
 , 54 
 2014 2018 
 ( ), -   ( )  -
16 
205

, 
2014 2018   
  
( / .) ( / .)  
( /100 )
2014 2.8 11.1 0 12 370 13 × 10 5
2018 2.0 14.1 0.7 10.1 7 5 × 10 5
-
, 2014 2018 
, -
,  
/ , 
  
 
*****
206

,
2443
15 , 2019
.....
:
       :  
 
( )    , : ,          
      ;  
( )   ,     ;  
( )                     
        ;  
( )             , : ,   
     , ,        
 ;   
( )      /             
         ? 
( )
( ) ( )  ( ) 
- 2017 
6881 ( / / / / ) 
17 / 1186  “ - ” 
, 
“ - ” / / (2017) -  
207

( ) 
, , , , 
-   
( ) , 
/
, 
15 /   
 
( ) ( . . . . . .)  '  
 ' ' ' 
, -   
/ 
01.05.2019  
 21.05.2019 -  
 
11.6.2019 
 
08.06.2019   
  
 
,  
 
,  , 
,  
 
 :- 
http://mowr.gov.in/sites/default/files/Steps_to_control_water_depletion_Jun2019.pdf 
***** 
208

- I
“ ” 15.07.
2443 ( ) ( )
 (2017) ‘ ’ / /
. . /
%
    
1  670 45 7 
2  11 0 0 
3  28 0 0 
4  534 12 2 
5  146 0 0 
6  34 22 65 
7  12 0 0 
8  248 25 10 
9  128 78 61 
10  8 4 50 
11  22 0 0 
12  260 3 1 
13  176 45 26 
14  152 1 1 
15  313 22 7 
16  353 11 3 
17  9 0 0 
18  11 0 0 
19  26 0 0 
20  11 0 0 
21  314 0 0 
22  138 109 79 
23  295 185 63 
24  4 0 0 
25  1166 462 40 
26  584 70 12 
27  59 0 0 
28 * 830 91 11 
29  18 0 0 
30 ** 268 0 0 
6828 1185 17
   
1  36 0 0 
2  1 0 0 
3  1 0 0 
4  2 0 0 
5  9 0 0 
6  4 1 25 
 53 1 2 
6881 1186 17
        
- , , , , ,          
 - , , ,         
- ,         
/ - ,         
 - ,         
-         
 -         
 - , ,         
-          
* 820 10  
** 2013  
        
209

-
“ ” 15.07.
2443 (
. . / (3000
mhos/cm
(
)
(1.5
/
)
(
/
)
(0.
/
)
(
/
)
(0.
/
)
(0.
/
)
(0.
/
)
1  12 12 13 3 7
2  8 10 10 1 8 2 1 1
3  9 19 18
4  4
5  13 10 22 19
6  1 19 12 1 17 1 1 1
7  7 7 8 2 3 1 4
8  2
9  21 22 24 12 10
10  18 21 21 15 17 17 7 1
11  6 1
12  2 6 3 9 3 1
13  12 11 2 6 1
14  29 30 29 2 22
15  4 5 11 14 2 1
16  18 43 51 8 41 16
17  25 17 30 20 19
18  1 2 4
19  1 6
20  1 1
21  17 26 28 1 30 1
22  10 19 21 10 9 6 8 10
23  30 33 33 1 33 3
24  28 25 29 9 2 3 1 5
25  4
26  13 34 59 28 15 10 2 3
27  4 5
28  6 8 5 9 16 6 2 2
29
 
1 2
30  1 1 1
31  1
18  
249 
23  
370 
23  
152 
21  
152 
27  
341 
14 
92 
 
( ) 
9 
24 
( ) 
10 
29 
( )
 
210

211

212

,
2445
15 , 2019
.....
. :
       :  
( )           80       
      ;  
( )   ,              
         ;  
( )   ,     ;   
( )   ,     ? 
( )
( ) 
2017 
393   
249  
 89 
221   
( ) ( ) , , 
( ) , 
2015-16 - 
/
,  (
) 
 / -
-
213

‘’ ” 15.07.
2445 ( ) (
- 
(
(
(
2015-16 1556.73 5.72 27835
2016-17 1991.17 8.39 101483
2017-18 2819.16 10.48 125228
2018-19 2918.38 11.58 132354
 
*****
214

215

216

217

218

,
2450
15 , 2019
.....
:
       :  
( )                  ,  
   ;  
( )         /          
             ,    
 ;   
( )                 
           -     
   ? 
( )
( ) ( ) 
 
  
  
, 28,451.22    298 
, 98 ; 
 
, 3729.92 
, 1114.39   4972.35  
219

  23,130.95    150 
 (111    39 )  
, 2019 ,  43    
575.84 2645.6 . .  
- 97 2953 
( ) 1954 
 97 100%  
 
- 14 ( -6, -4, 
-1, -3) 100% 
, 1354    
, 2017-2018  
   ( ), ( ) 
( ) : 
 (6.5-8.5), (>5 ./ .), (<3 ./ .) 
(<2500 /100 . .) 
 
2018 
( ) (>5 ./ .) 
 35  ( 3, 11, 17 
4)    
, (<3 ./ .) 
   41 
( 11, 23, 1 6) 
 
(<2500 /100 
.)   
220

, ( / ), ( ), 
, ( ) 
-   
29 ( 1, 10, 13 5) 
 
,   
 -  
, 2018 
  
( )  
  
i) 1: >30 / ,
ii) 2: 20 30 /  ,
iii) 3: 10 20 /  ,
iv) 4: 6-10 /  
v) 5: 3 6 /  
323  
1 2 20 , 
3, 4 5 28  
2016-17, 2017-18, 2018-19 31 
, 2019 , ( ) 5805.72 
, 5361.34 
/  
*****
221

,
2451
15 , 2019
.....
:  
       :  
( )  -         ,    -    
                
            ;  
( )                   
   ,  ,     ;   
( )                
     -          ,  
   ? 
( )
( ) ( ) 91 
11.07.2019 , 91 
-  
 
, 20 
, 
, , , , , 
, ,  
( )  , , 2012 
( ) 
2100 , 2018 3466 
, 2020  
222

( ) ( ) , 
11 54 , 
( )  99 
( ) 
60  
25 
-   
, , 2018 
  
8 83 
 -  
-IV  
***** 
223

. ( )
( )
( ) ( )
( )
( ) ( )
1 2 3 4 5 6 7 8 9 10 11 12
1 ( ) 461.77 0.809 7-11-19 446.08 0.000 447.43 0.000 0 9
2 ( ) ( ) 496.83 1.517 7-9-19 485.98 0.000 489.69 0.000 0 4
3 ( ) ( ) 463.91 2.171 7-11-19 453.90 0.000 457.92 0.419 19 7
4 ( ) ( ) 490.00 1.091 7-11-19 461.15 0.000 470.47 0.105 10 23
5 / 179.83 6.841 7-11-19 154.59 0.000 155.75 0.048 1 13
6 ( ) 320.04 0.095 7-11-19 298.03 0.000 308.24 0.028 29 38
224

-II 
“ ” 15.07.
(
 
/
(
27  
1  28  
2  29  
3  30  
4  31  
5  32  
33  
6 34  
35  
7
36 ( )                
8  37 ( ) 
38 -  
9  39  
10   40  
11  ( ) 41  
12  
13  42  
43  
14  44  
15 -2 45  
225

16
-
(0 142 ) 46
@  
17
-  
( 143  206 ) 47
 
18
-IV 
( 206 243 )  48
@  
19
- V 
( )  49
.II 
20
-II 
( 9.70   65.50 
) 
50
 
21
-III 
(  65.50 142 ) 51
.  
52  
22  
23  53  
24 -  54
25 ( ) 
26  
226

-III
“ ” 15.07.
(
. . - 31.03.
1 2 16 17
1 ,  111856 15537
2 , 32000 7628
3
,
52720 0
4
, 
11318 0
5 6660 0
6  . 2 
( ) 
6954 0
7 101088 0
8 7919 0
330515 23165
227

-IV
“ ” 15.07.
(
. .
1  
2   
3   
4    
5   
6  
7  
8  
9  
10  
11  
12
13
14
15  
16  
17
18
19 ( )( )
20  
21  
22  
23  
24  
25  
26  
27  
28  
29  
30  
228

31  
32 ( )  
33  
34  
35  
36  
37
38 ( )  
39  
40 -  
41  
42  
43  
44 ( )
45 ( )  
46  
47  
48  
49  
50  
51 ( )  
52  
53  
54  
55  
56  
57 ( )  
58 ( )  
59  
60  
61  
62
63  
64  
65  
66  
67  
68  
69  
229

70  
71  
72  
73  
74  
75  
76
77  
78  
79 ( )  
80  
81  
82  
83  
  
***** 
230

,
2452
15 , 2019
.....
:
       :  
( )                 -
      ;  
( )                  
      ;   
( )   ,     ? 
( )
( ) ( ) 08.06.2019   
  
( . . . . . .) '
' ' ' 
, -
/ 
01.05.2019  
21.05.2019 -
 
11.6.2019 
 
,  
 
, , 
 , 
:- http://mowr.gov.in/sites/default/files/Steps_to_control_water_depletion_Jun2019.pdf
*****
231

,
2453
15 , 2019
.....
:
       :  
( )      1970   1980  -      
 ;  
( )                , 
 ,      ,     ;  
( )               -   
          ;   
( )             ,   
       ,  ,   ,   ,  
   ? 
( )
( ) ( ) , , 
 
 
6 
, , , , 
70 80 
,   
, , , 
 
232

, , 
 
 
2011-12 
( ) [ ( ) - ] 
, 2016 1132.883 
2016-17 , -
2016-17 
756.73 518.10   
 
 
,  
, 2017 , 1622.27 
1378.61 659.17 
 
 
 , 
, , 
 
****** 
 
233

,
2454
15 , 2019
.....
:  
       :  
( )                    ;  
( )   ,     ;   
( )   ,                 
? 
( )
( ) ( ) , 1980 ( ) 
( ) 
 
, ( ) 
( ) 30 ( 16 
14)   
, - ( ), 
- , - - -
, -
( ), - - -
 
, -
( / )- ( ), ( )- ( ), 
( )- ( )  
, 2019  
234

 
, 2014 “
” 15 
, , 2015 , 
, 10 
 
 
( ) ,  ,  
 , 
 
  
 
 
, 
, 
,  
  
 
( )- 
 
 
( ), , 
, 
 
 
 , 
500 ( ) 
235

 , 
, 
 
 
(2012)   /  
 , 
  
 
, 
  
 
, 
76.03 
99 /  
 
 
 - 
( ),   
 “
( )” 
  
 -
  / /
*****
236

,
2455
15 , 2019
.....
:
. . :
       :  
( )                   
       ;  
( )   ,   -    ;  
( )                 
          ;  
( )   ,     ;   
( )                 
   ,  ,     ? 
( )
( ) ( )  
 2017 , 
 6881 ( / / / / ) 17 /
1186 “ ” , 
(2017) 
“ ” / / -  
 
( ) ( )   , /
, 2016 ‘  
’ 32 
/    
, /  / -  
 
237

  -
/ /
 
 
,   
 ,  
 
- 
http://mowr.gov.in/sites/default/files/Steps_to_control_water_depletion_Jun2019.pdf.
238

- I
‘’ ” 15.07.
2455 ( (
 (2017) ‘ ’ / /
. . /
%
    
1  670 45 7 
2  11 0 0 
3  28 0 0 
4  534 12 2 
5  146 0 0 
6  34 22 65 
7  12 0 0 
8  248 25 10 
9  128 78 61 
10  8 4 50 
11  22 0 0 
12  260 3 1 
13  176 45 26 
14  152 1 1 
15  313 22 7 
16  353 11 3 
17  9 0 0 
18  11 0 0 
19  26 0 0 
20  11 0 0 
21  314 0 0 
22  138 109 79 
23  295 185 63 
24  4 0 0 
25  1166 462 40 
26  584 70 12 
27  59 0 0 
28 * 830 91 11 
29  18 0 0 
30 ** 268 0 0 
 6828 1185 17
   
1  36 0 0 
2  1 0 0 
3  1 0 0 
4  2 0 0 
5  9 0 0 
6  4 1 25 
 53 1 2 
6881 1186 17
        
- , , , , ,          
 - , , ,         
- ,         
/ - , , ,         
 - ,         
-         
 -         
 - , ,         
-          
* 820 10  
** 2013 
        
*****
239

,
2456
15 , 2019
.....
:
       :  
( )  , 2014 ,        ( )   
       -       
 ;  
( )                
         ;   
( )                 
          ? 
( )
( ) , 
2017 /    
( )   :-  
 
1. /
01.04.2012 ( ) 
20%  
2. ( ) 
01.04.2012 
20%  , 
,    
 
( ) , 
( , ) 
 
***** 
 
240

15.07.2019
2456 ( )
 
( ) 
-  
 
, 
 
,  
, 
/  /  
  
/ -  
/ ,  
, , 
, 
 
*****
241

,
2457
15 , 2019
.....
:
       :  
 
( )               
     /      ;  
( )                
         /    ;  
( )                
         ;   
( )                 
        ,     
  -     ,  ,        
   ? 
( )
( ( )  , ,  
( ) 
   ( ), 
( )  
 
( ) 2013-14 
147 
722.17  50513  
242

200.37  
 
  ( ) (10,000 
) (2,000 10,000 
) - / , -
    
    -     
2365 
1802    
( ) ( ) ( ) , 1956 
3 19.11.2016   
, , 
33.89 
, 
 
, 6  
1/2017 23.01.2018 
, 
12.03.2018 
,  
***** 
243

- I
‘ ’
2457 ( (
.
1 80  07.02.2003  
2 80  07.02.2003  
3 81  04.08.2003  
4 82  19.02.2004  ( ) ( ) 
5 90  26.09.2007 ( ) 
6 95  20.01.2009  
7 98  09.07.2009 ( ) ( ) 
8 99  24.08.2009 ( ) 
9 104  12.05.2010  
10 104  12.05.2010  
11 104  12.05.2010 ( ) 
12 105  25.06.2010   
13 106  16.09.2010 -  
14 115  24.07.2012 ( )  
15 130  30.09.2016  
244

,
2458
15 , 2019
.....
-
. . :
       :  
 
( )                   
    -       ,     ;  
( )          -        
   ;   
( )                 
2017-18       /      ? 
( )
( ) ( ) , 
-
“ ” XII
49.815 2015, 2016 2017 
, 
-   
 
, 
-
 
 
245

, , , 
,   
11
: ‘
’ , 12 2017-18 2019-
20 
 ‘ ’ 
, 3342  /
XI , 2019 5863.95  
2016-17 2018-19 
-     
***** 
246

   -
“ - ” 15.07. ( (
-
.
.
( . .) ( )         
( )
, 
( )
         
( . .)
               
(
)
       
(
)
1 2 3 4 5 6 7 8 9 10 11 12
1 0.000 0.000 0.000 0.000 25 0.000 0 1 0.000 0.000
2 0.106 0.199 0.041 97.540 1463 5.550 1177 60 1471.590 1574.680
3 0.280 5.602 0.280 178.690 111070 90.940 2763 160 3895.180 4164.810
4 0.810 17.164 0.810 0.000 118410 0.000 373 514 0.000 0.000
5 0.000 0.000 0.000 0.000 929 0.000 0 52 0.000 0.000
6           
7 0.891 0.520 0.891 8.600 38796 15.740 9445 284 3531.530 3555.870
8 0.001 0.000 0.001 17.960 8 0.047 0 0 0.000 18.007
9 0.006 6.865 0.003 34.607 2195 13.300 199 75 3.460 51.367
10 0.000 0.000 0.000 0.000 92 0.000 0 7 0.000 0.000
11 0.000 0.178 0.000 0.000 183 0.667 5 2 0.000 0.667
12 0.000 0.000 0.000 0.000 1910 0.000 0 84 0.000 0.000
13 0.000 0.037 0.001 0.000 5288 0.000 76 80 0.000 0.000
14 0.000 0.000 0.000 0.000 0 0.000 0 0 0.000 0.000
15 0.000 0.000 0.000 0.000 0 0.000 0 148 0.000 0.000
16 0.089 0.000 0.089 0.000 18989 0.000 0 21 0.000 0.000
17 0.000 0.000 0.000 0.000 148 0.140 0 1 0.000 0.140
18 0.046 0.130 0.046 11.890 5437 19.950 9 11 72.180 104.020
19 0.568 0.667 0.568 9.300 4200 18.200 2515 29 524.090 551.590
20 0.658 0.697 0.021 0.000 5610 0.000 1316 3 334.315 334.315
21 0.006 0.000 0.006 18.230 130 0.410 6 5 0.000 18.640
22 1.087 3.586 0.739 1333.22 57290 30.450 5536 101 513.186 1876.858
23 0.002 0.033 0.001 5.000 810 9.270 110 10 231.170 245.440
24 0.000 0.000 0.000 0.000 9 0.000 0 1 0.000 0.000
25 0.057 0.020 0.047 14.387 24682 20.549 193 17 97.888 132.824
26 0.437 2.923 0.396 308.053 26834 0.000 93 121 0.000 308.053
27 0.000 0.000 0.000 0.000 1410 0.000 0 59 0.000 0.000
28 1.033 8.723 1.033 6914.50 826982 9158.280 2857 217 1655.160 17727.940
29        
30           
31 0.000 0.000 0.000 0.000 0 0.000 0 0 0.100 0.100
32 0.000 0.000 0.000 0.000 14 0.525 0 0 0.000 0.525
33 0.000 0.000 0.000 0.000 0 0.000 0 0 0.000 0.000
34           
35 0.000 0.000 0.000 0.000 0 0.000 0 0 0.000 0.000
6.076 47.343 4.972 8951.97
8 1252914 9384.018 26673 2063 12329.849 30665.846
247

 
-
.
.
( . .) ( )
(
)
, 
(
)
( . .) (
)
(
)
1 2 3 4 5 6 7 8 9 10 11 12
1 0.003 0.386 0.003 4 3 0.000
2 354 15671 42 0.000
3 0.003 0.000 36 17.890 17.890
4 0.410 8.823 0.410 443.53 16717 44.262 246 254 40.970 528.762
5 0.000
6 0 0 0 0 0 0.000 0 0 0 0.000
7 0.012 128 322 99 0.000
8 0.004 0.000 0.004 518.23 49 4.212 1 2 0.000 522.447
9 0.035 6.865 0.035 26.830 2283 15.270 136 40 3.020 45.120
10 3 0.000
11 0.000
12 3.780 2.180 3.780 1771.2 21224 5.370 521 63 236.180 2012.810
13 0.002 0.006 0.002 42.680 5809 56 66 42.680
14 1.304 1.560 1.304 168267 2623 327 207.860 207.860
15 0.015 0.077 0.015 8164 1036 145 0.000
16 0.000
17 0.003 0.124 0.003 17.730 1412 15.477 0 4 29.322 62.529
18 1.790 1.790
19
20 0.009 0.015 9 0.050 3 31.245 31.295
21 0.001 0.000 0.001 1.140 20 0.025 0 13 0.495 1.660
22 0.884 4.381 0.796 1014.2 14494 20.378 635 129 164.514 1199.113
23 6 0.000
24 0.000
25 0.037 0.091 0.019 89.122 455 0.235 3 89.357
26 0.569 2.032 0.277 123.77 35525 293 74 123.776
27 0.010 0.010 4.200 3324 9.397 823 114 774.640 788.237
28 0.000
29           
30           
31  0.000 0.000 0.000 0.000 0 0.000 0 0 0.000 0.000
32 0.000 0.000 0.000 0.000 0 0.000 0 0 0.000 0.000
33 0.000 0.000 0.000 0.000 0 0.000 0 0 0.000 0.000
34          
35 0.000 0.000 0.000 0.000 0 0.000 0 0 0.000 0.000
7.065 26.555 6.658 4052.7 278240 114.676 22367 1420 1507.926 5675.325
248

-
.
. ( . .)
( )
(
)
,  
( )
( . .) (
)
(
)
1 2 3 4 5 6 7 8 9 10 11 12
1 0.000 103 420 28 0.000
2 0.014 0.177 0.014 15.294 1702 16.946 848 29 1730.57
0
1762.810
3 0.002 0.018 0.002 16 3.318 3.318
4 0.279 0.000 518 0.694 1 27 62.000 62.694
5 0.000
6 0 0 0 0 0 0.000 0 0 0 0.000
7 4.000 98 0.000
8 0.097 0.160 0.094 437.20 24 0.025 1 0 0.000 437.225
9 0.006 6.865 121.38
0
3264 6.690 686 133 2.550 130.620
10 3 0.000
11 0.000
12 0.174 0.174 776.48 10427 12.020 430 128 75.490 863.990
13 0.006 0.017 0.006 6705 4 74 6.507 6.507
14 0.000 1.000 3442 54 19 69.010 69.010
15 0.000 0.000 0.000 0.000 0 0.000 0 0 0.000 0.000
16 0.045 0.427 0.045 35.050 11607 43.000 29 16 396.640 474.690
17 0.000 50 1 0.000
18 0.189 0.000 0.189 0.386 4 0.200 0 0 0.050 0.636
19
20 0.046 0.012 0.046 573 3 0.000
21 0.037 0.032 0.037 63.860 462 2.680 23 11 98.000 164.540
22 1.559 6.257 0.464 1122.2 70290 48.339 3607 54 234.445 1405.030
23 0.600 0.600 303 0.000
24 0.383 3.042 0.383 2782.7 3015270 16215 421 23129.7 25912.510
25 0.001 0.014 0.001 247.90 3255 20.735 21 1 42.120 310.763
26 0.010 6 0.000
27 411 181 33 0.000
28 1.300 10.840 1.300 11433. 830245 7895.630 22774 338 6023.96 25353.270
29 0.002 0.477 149 0.010 0 0.000 0.487
30           
31  0.000 0.000 0.000 0.000 0 0.000 0 0 0.000 0.000
32 0.000 0.000 0.000 0.000 0 0.000 0 0 0.000 0.000
33 0.000 0.000 0.000 0.000 0 0.000 0 0 0.000 0.000
34          
35 0.020 0.050 0.020 7.200 668 3 325.800 333.000
4.478 33.203 3.374 17043. 3959191 8046.969 45597 1420 32200.1 57291.098
249

II
“ - ” 15.07.
( (
“ ( )” -
. . ( )
2016-17 2017-18 2018-19
1  23.69 21.18
2  245.49 142.12
3  16.58
4  50 87.50 162.60
5  40.56 110.40 52.20
6  19.05
7  0.48
8  23.13 10.84
9  13.55 15.57
10  4.63
11  12.61 65.03 23.65
149.99 562.67 428.20
250

,
2459
15 , 2019
.....
:  
       :  
( )                ;  
( )             -     ;  
( )   ,          -        
         ;   
( )               ? 
( )
( ) -  
 , 
,  , 
 
, 
  
 
( )  , ,
 
,  
     
 , 
, 
( ) 
  
 , , ,   
251

  
  
( )  
      
   
2016-17 , ( ) - 
( )   (99)  / 
  
76.03    ( ) 
, 2019 
/ 
   /  :
http://mowr.gov.in/sites/default/files/Steps_to_control_water_depletion_Jun2019.pdf
( ) ( )       -  
   ( ) 
,    ( ) 30   
( 16  14) 
 - I   
   ( )
/   ( ) /  ( ) ,  
- , , 
: -  
 
 
252

-
“ ” 15.07.201
( (
/
. . / /
 
1 ( )-
( )   
, , 
, 
 
( ) 
 
2 ( )-  
( )   
- -    
3 ( )-  
( )   
, , 
, , 
 
  
4 ( )-  
( )   
, ,  
, 
 
  
5  ( )- 
 
 
 
- -    
6  ( )-  
 
- -   
7  ( )-
( )   
, 
 
  
8 ( )-
( )   
, , 
, 
 
  
9 ( )- -
 
, 
 
, , , 
 
  
10 -    
 
 
 
( -
)  
11 - -  , 
 
, 
 (  
-
)  
 
12 - -  , 
 
  
 
  
13 -  
 
  
 
14 -   , 
  
15 -  ,  
253

  
16 - -  , 
 
  
 
 
1. - - –
( - - - )  
- -
-  
, , 
  
2. -   , 
 
 
3. -   - - 
( ) 
4. -  
 
- -  
( ) 
5. -  
 
, , 
, , 
 
 
( ) 
6. -  
 
, , 
 
 
 
7. -   - -  
 
8. -    
 
9. -
 
   
 
10. ( )- -
 
, 
 
, 
  
11. -  
 
 
 
12. -   , 
 ,   
 
13. ( )-  
 
  
 
14. - -
( - - - )  
, 
 
- - ( - - -
)  
 
-  
-  
–  
***** 
254

255

,
2461
15 , 2019
.....
-
:
       :  
( )           - ,        
                 
    ;  
( )            100    -    
   : :   :        
      ;   
( )   ,    -   :   :    -   
  ? 
( )
) ( ) , ( ) 
1.4 , 35 
2.5 
29.9 (2000 ) 
http://cwc.gov.in/sites/default/files/water-related-
statistics-2015.pdf.
2017 
 
 432 39 
393 
249 , 
63 ( ) 
, 6881 ( / / / / ) 
256

1186 “ - ” , 
,  
08.06.2019   
 
 
 
( . . . . . .) '
' ' ' 
, -
/ 
01.05.2019  
 
21.05.2019 -
 
 
11.6.2019 
 
 
, 
 
 
, , 
, 
:- 
http://mowr.gov.in/sites/default/files/Steps_to_control_water_depletion_Jun2019.pdf
 
*****
257

258

259

260

261

262

,
2465
15 , 2019
.....
-
. :
       :  
( )      -            
 ,     ;   
( )     -            
    ,     ? 
( ) 
( ) ( ) “
( ) , 1986” 3 (3)   ( ) 
 23 /  -  -
- /
,   
,  
/ 
, -    
 
,  
, 
- 
http://mowr.gov.in/sites/default/files/Steps_to_control_water_depletion_Jun2019.pdf
*****
263

,
2466
15 , 2019
.....
:
       :  
( )        -     ;  
( )                   60 
      ;  
( )                  
 2019                
 2021       ;  
( )   ,     ;  
( )                :  
(   )        ;   
( )   ,         :        
? 
( )
( ) ( )   
( )   66.96   
( ) ( ) ,  
 , ( ) 
 , 2019 
 , 
, 2021  
( ) ( ) , 105601 
3922 
 
, 
 
*****
264

,
2467
15 , 2019
.....
:
       :  
( )                 
              
  ;  
( )   ,     ;  
( )                  
     ;  
( )   ,     ;   
( )   ,     ? 
( )
( ) ( )  24.10.2018 
( ) - -
“ ” 
- -
 
 
( ) -
, 
, -
     
*****
265

266

267

 
 
 
,  
 
 2469
15.07.2019  
 
,  
 
2469.  
 
 ,    
 
(
)  ,  -    
   ; 
( )   /  
;   
( )  ,  ? 
 
,  
(  
 
(
) : - -
- - -
:
i) 6 3 -
ii)
iii)
iv)   
v)
vi)
vii)
viii)
 
 
  -   
, ( ), 
( ), , 
( ), , 
( ), ( ), 
- ( - ), 
( )  
268

 
: 2 : 
 
 ( ) 
( )  
 
( ) ( ) : ,  ( ) 
  
( ) 
, ( ), ( -
), ( ) 
 
***** 
269

 
 
 
,  
 
 2470
15.07.2019  
 
,   
 
 
2470  
 
 
 ,   
 
( )   
  ; 
( )  , ; 
( )   -  ; 
( )   - ;  
( )  ? 
 
,  
(  
 
( ) ( ) : 
 
( ) 
100 
50  
 
 
2018-19 80.56 
1386  
***** 
270

 
 
 
,  
 
 2471
15.07.2019  
 
,   
2471.  
 
 ,   
 
( )   
  , ,  
 ; 
( )    5000  
 , , 
 ;  
( )   , , 
  ,   
 ? 
 
,  
(  
 
( ) : , . .  
  
 
( ) : ,    
 
 
( ) :  
 
***** 
271

 
,
  
  . 2472
  15.07.2019
 
 ,    
2472.       
 ,            
( )                   
     ,               
 ;  
( )         ? 
 
,    
(   ) 
( ) ( ):  
 
  : 
 
2016-17 ( 99% ) 250 . 
 25%
( . 2) , 2019  400 . 
  
   1 . 
2  
 
 1.2 . 2.5 . 10 
. 25 .  
, 1961 
 5 .  
 
 80  
   240  
150   
 
272

/    
, , 
-  : 
 
,  18%
5%  
21.7.2018 28  
 15  10% 12% 8 
 12% 5%  
 12% 5%   
- 18% 12%
18% 12% 
 
 10%  20% 
 
5%   
( 27.7.2018)  
 ( 18%,  12% 
 5%)  2%  
 
****** 
 
 
273

 
 
,  
 
 2473
15.07.2019  
 
,  
2473.  
 
 ,   
 
( )   -
  
  ; 
( )  ,  ; 
( )  ,  
  /  
  ; 
( )  , ;  
( )  , ? 
 
,  
(  
 
( )  ( ) : , ( ) 
, , , 
,  
, 
 
 
( ) ( ) : 
( ) , 2012 
, / / ( ) 
25 . ./ . . .  
4  
3    
***** 
274

 
 
,  
 
 2474
15.07.2019  
 
 
2474.  
 
 ,   
 
( )    
 2007    
  ; 
( )  , ;  
( )    - ? 
 
 
,  
(  
 
( ) ( ) : 
(i) , (ii) 
, (iii ) (iv) 
, 2008 
 
 
 , 
, , 
( ), - ( -
), , 
, ( ), ( ), 
, ( ), 
( ) 
( - )  
 
( ) : 2015-16 , 
( ) 73 -
- 11.10  
( ) , 1948 2 (i) 2 (ii), ( ) , 1956 ( ) 
( ), 2008  
 
 ( ) 2016-17, 2017-18 2018-19 
( ) : 26.32 %, -5.15 % 
51.68%  
***** 
275

 
 
,  
 
 2475
15.07.2019  
 
,  
2475  
 
 ,   
 
( )   
  ,  
 ; 
( )   ; 
  
( )   
  ,  ? 
 
 
,  
(  
 
( ) ( ) : 
:  
( ) ( . ) 
, 2017 232.06 1070129.48
, 2018 259.64 1149353.83
, 2019 ( ) 322.09 1497687.10
  
   
 , 
( ) , , 
-  -
 
***** 
276

 
,  
 
2476
15.07.2019  
 
,  
2476.  
 
 ,   
 
( )  ,  -  
  - ; 
( )   
  ; 
( )   -  
   ; 
( )  , ;  
( )  , ? 
 
,  
(  
 
( ) ( ) : ( ) , 31 , 2017;
30 , 2017; 31 2018 30 , 2018   
 ( )   
1,00,803, 87062; 1,30,208 1,50,165 31 , 2016 
4,86,291  
( )  ( ) : ,  
/     
/  ( ), 
- ( - ), 
,  ,  
( ), ( ), 
, ( ), 
( - )  
***** 
277

 
 
 
2477 
15 ,  
 
 
 
 
2477.  
 
  
(   
; 
( 31  2020  
  
; 
( , ; 
(    
 
;  
( , ? 
 
,  
 
 
, 1986 , 
1980  
 
, , 2020 
, 2020 
, 
, 2020 
,  
 
 
278

 
 
 
2478 
15 ,  
 
 
 
2478.  
 
  
(   ; 
( , ;  
(   ? 
 
 
,  
 
 
, 1957 
, 
, , 
-  
 
-I (
, 2017 , 
 
 
***** 
279

 
 
 
2479 
15 ,  
 
 
 
 
2479.  
 
  
(   2020
 ; 
( ,  , 2020  
  
;  
( , ? 
 
,  
 
 
, , 2020 
 
, , 2020 , 
 
, 
 
 
 
280

 
 
 
2480 
15 ,  
 
 
 
2480.  
 
  
(   
; 
( , ; 
(  31 2020  
 ;  
( , ? 
 
 
,  
 
 
, 31 , 2020 
 
, 2020 
, 
 
 
 
 
281

*****
 
  
282

 
# # # # #
1 0 0 3 0 19 7 4 2 63 59 
2 0 0 0 0 0 0 0 0 15 3 
3 0 0 2 0 3 0 0 0 33 3 
4 0 0 0 0 0 0 0 0 4 6 
5 1 0 0 0 0 0 0 0 1 3 
6 0 0 0 0 0 1 0 1 0 5 
7 0 0 0 0 0 0 0 0 5 2 
8 1 0 0 0 1 0 0 0 0 0 
9 0 0 0 0 0 0 0 0 1 1 
10 0 0 0 0 0 0 0 0 5 9 
11 2 0 3 0 3 0 3 2 33 81 
12 0 0 8 7 20 19 5 7 206 192 
13 0 0 0 0 0 2 3 1 29 17 
14 0 0 1 0 0 2 1 2 10 5 
15 0 0 0 0 0 0 0 0 0 2 
16 0 0 0 0 0 1 0 0 1 3 
17 0 0 0 0 0 0 0 0 1 1 
18 0 0 0 0 0 0 0 0 4 1 
19 0 0 0 0 0 0 0 0 0 1 
20 1 1 0 0 3 3 1 0 29 46 
21 0 0 0 0 1 0 0 0 18 15 
22 2 0 2 0 5 0 10 6 231 45 
23 0 0 0 0 0 0 0 1 5 11 
24 0 0 0 0 0 0 1 0 8 6 
  7 1 19 7 55 35 28 22 702 517 
#  
*  
811 
582    
 
283

%
%
***** 
284

l 
2016-17 2017-18 2018-19* 
*
285

2016-17 2017-18 2018-19* 
*
286

2016-17 2017-18 2018-19* 
*
287

 
2016-17 2017-18 2018-19* 
288

* %
289

I
seekhoaurkamao-
moma.gov.in
 
****** 
290

I
  * 
*
 
291

 
  
 
 
 
 
 
  
 
 
 
 
 
292

 
 
  
  
 
 
  
 
 
 
 
  
www.minorityaffairs.gov.in 
 
****** 
293

, 15 , 2019/ , ( )
‘ ’  
2485  
 
( ‘ ’ - ; 
( ( )
- ;  
( ‘ ’ ?  
( )
( ( ): 2012 ( 494 - . (
26
1,57,93,259
1,65,29,733
*****
294

2486
, 15 , 2019/24 , ( )
2486  
 
(
;  
( ? 
( )
( ( ):
(
“ ” 
*****
295

2487
, 15 , 2019/24 , ( )
2487  
 
(
; 
(
, , ; 
( -
;  
( , ? 
( )
( ( ): 1,
/ /
/
/
( ( ): -
***** 
296

2488
, 15 , 2019/24 , ( ) 
/
2488  
 
( / ; 
( , / - ;  
( , / - ? 
( )
( ) ( )
11
,
*****
297

, 15 , 2019/ , ( ) 
 
2489   
   
( )  ( ) 
; 
( )   ; 
( )   ; 
 
( )   ? 
( )
( ): 
 
( ( ):   
( ):  28915  
 
***** 
298

2490
, 15 , 2019/24 , ( ) 
 
2490   
  
( )  /  
 ;  
( )    
? 
( )
( ):  /  
2015 2017    / 
  
2015 501423 16298 (3.25%) 32385 2403 (7.42%) 
2016 480652 14894 (3.10%) 35612 4633 (13.01%) 
2017 464910 14071 (3.03%) 38783 3336 (8.60%) 
2015 2017 / 
 -    
( ):   
 :- 
(i) , 1988 185 
 
(ii) / -33044/309/2016 / 
 06-04-2017 01-06-2017  
(iii)  /  
  
  
  
(iv) 
 
(v)  
  
299

 –I 
15.07. 2490 ( ) 
2017
 
  
2015 2016 2017
1 2 3 4 5
1 490 128 2064
2 22 15 19
3 611 352 373
4 1457 593 0
5 227 145 86
6 6 3 10
7 361 64 65
8 1092 529 180
9 50 72 214
10 375 47 1
11 1518 543 801
12 298 396 169
13 49 133 133
14 2665 3083 1049
15 1345 226 863
16 0 71 44
17 137 35 132
18 15 27 16
19 2 13 157
20 972 1255 1533
21 118 317 129
22 667 673 421
23 30 12 32
24 818 531 1833
25 42 202 163
26 13 5 11
27 6 40 56
28 2403 4633 3336
29 413 462 16
30 30 27 13
31 8 9 10
32 6 0 1
33 7 7 12
34 40 164 124
35 0 0 0
36 5 82 5
16298 14894 14071
******* 
300

2491
, 15 , 2019/24 , ( ) 
2491   
   
( )  16451 19 , 2016  2483 
30   ;  
( ) ,   
  ? 
( )
( ) ( ):  / ( ) /
( ) 
, -  -
/  , 2014 , 2019 ,  
1,099    
***** 
301

2492
, 15 , 2019/24 , ( ) 
2492   
   
( )   
 ; 
( ) ,  , - , 
; 
( )   ; 
( )  -  
 ;  
( ) ,   ? 
( )
( ) ( / / , , 
, / , , 
/  , , / 
 -I 
( ) ( (  
: 
, 90 
, , 
( ) 
302

‘ ’ 15.07.2019
2492 (  
 
     
 
.    
 
  
( ) ( .)
(1) (2) (3) (4) 
( ) 6 94 262.76 
 5 0 88.93
-  1 163.50 1479 
-IV 1 41.28 336.60 
 
.  (  )  
/ - / -
 
  ( ) ( .)
(1) (2) (3) (4)
 
(
( )/ /
)  
  15 368.99 2535.38 
7 143.36 281.51 
 12 94.48 267.39 
  3 58.56 235.23 
 11 0 235.5 
7 43.46 102.16
 8 169.49 2962.68
  11 561 2530 
 7 298.75 1803.14 
  7 40.9 419.99 
  17 938.36 3051.57 
 1 0 28.98 
 3 121.6 290.63 
 10 318.68 1672.08 
 44 1930.8 7559.96 
 7 33.98 1317.65 
 28 582 2468 
  13 369.3 2173.34 
17 406 2553 
5 41.8 116.69 
303

 11 225 2844 
3 316.01 2472.32 
 10 305.45 1382.74
1 0 14.15 
 1 0 26.4
 4 191.18 2004.19 
2 27.3 509.07 
 3 88 712.98 
0 0 0 
268 7674.45 43169.73
0 0 0 
-  15 261.34 1520.48
 20 624.57 10340 
 135 11044 111182 
438 19604.36 166212.21 
*31 , 2019   
***** 
304

, 15 , 2019/ , ( ) 
/  
2493  
 
(
;
( , ; 
(
;
 
( , 
? 
( )
 
( ) ( )
, ,  
***** 
305

, 15 , 2019/ , ( ) 
 
2494   
  
( )   ; 
( )  ,   
-  ;  
( ) ?  
( )
( ( ):     
, / ,     ,    ,     
,     , , , ,   
,     ,   ,      ,  
 , -     
" "  , / 
     2017   "  
"  "  /  ” 
: - 
  
  
    /  
2017 464910 9423 
(2.03%) 
11822 
(2.54%) 
( ): , ( ) 
/
 
/ 
/ 
( ) , : 15 30 
, ( ) , 
 -  5 10 (  
)  /   
****** 
306

2495
, 15 , 2019/24 , ( ) 
2495
 
( (
, ; 
(
;  
( , ? 
( )
( ( ): (
 - , -
( “ ” 
 
 
 
- , - ,    
 /     , , - , 
, -
,  
, (  
, 100 ,  
(
-
-
(
( ( (
( (
307

( /
( ) ( )/
/
-
“ ” 
*****
308

2496
, 15 , 2019/24 , ( ) 
‘ ’ 
2496  
 
(
; 
( , ; 
( ; 
( / ;  
( - ?  
( )
( ( ) 34, (10,
5,35,
-I
6,
-I
*****
309

, 15 , 2019/ , ( ) 
 
 
 
2497  
 
 
(
; 
( ; 
( ;  
( , - , , 
? 
( )
( ( ): - - 4- , 2017
, 2019
,
- - ,
2021 ( 48.41 , 2018 
2- - ( 53.25 2-
, 2020 -
( 11.38 )
2- , 2018 
*****
 
310

, 15 , 2019/ , ( ) 
 
-  
 
2498  
 
 
( -
; 
( ; 
( ( )
- ;  
( ( )
? 
( )
( ( ): -
( , 2009 
535000 34,800 
- , , 2017 
-1 286 
,
, 2010 , ,
,
2019-20
, , ,
,
                
*****
 
311

2499
, 15 , 2019/24 , ( ) 
-
2499   
    
( )   ( -2) 
 , 15 , - ,
 ,  , 
 ; 
( ) -2  /  ;  
( )  / -  ? 
( )
( ( -2 192.40 
114 6 /
  
,  
 , 2020  
***** 
312

2500
, 15 , 2019/24 , ( ) 
VI
2500   
   
( ) ( 10) 10   ; 
( )  VI  
;  
( ) VI    
 , ? 
( )
( ( ) ( ) 
2018-19 17.06.2019 6.2 
- VI 
-VI 
 
( ) -VI
 
**** 
313

2501
, 15 , 2019/24 , ( ) 
2501  
    
( )   
9635.00  ,  (1927 ) 
; 
( )  25 , 2017 , 
2017-18  8443.00  
; 
( ) , ; 
( )  , 2017-18  
 ; 
( ) , ;  
( ) , ? 
( )
( ): ,  
( ( ): , 2017-18 8443 . 
 
( ( ): , 
2017-18 
1108 . , 2675 . 
2017-18 1986 .  
314

‘ ’
15.07.2019 ( (
2017-18 
:-  
1  
 
6459  . 
2 9 320  . 
3 + + + (4 )  504  . 
4 (2287 ) 80  . 
5 ( ) ( , )  500  . 
6  80  . 
7  500  . 
 8443 . 
****
315

, 15 , 2019/ , ( ) 
 
 
 
2502   
 
  
( )    
 ,  ‘ ’  
;  
( ) , ? 
( )
( ( ): , 04 , 2019 ‘
’  ( ) 
 
 , 
( )  
- , , , 
(  – /  – ) 
   -
 
***** 
316

, 15 , 2019/ , ( ) 
 
2503   
  
( )  /  
;  
( ) ? 
( )
 
( ( ): : 
,  /   
317

‘ ’
15.07.2019 2503 ( ) ( )
 
 
1.  /
. .  
(
(
)
 
1 66 
50:50 
-47 ( -66) 
408/100 414/900 6.80 
 
2-  
6.80 348.43 98.6%
2 966 -966 ( -
213) 87/000 
133/720 (
) 
2-  
46.72 294.26 30%
3 85 -85 ( -49) 
119/017 161/300 
( 119/017 
160/800) ( ) 
2-
 
41.78 380.76 56%
4 966 -966 ( -213) 
64/0 87/0  
 
23 60.110 90%
5 966 -966 ( -213) 
15/656 54/000 
 
36.65 71.593 25%
6 185 -185 16/00 
41/500  
25.50 50.14 60%
318

7 85 -85 ( -49)  
202/00 248/530 46.53 82.13 30%
8 85 -85 ( -49) 
161/300 184/000 22.70 34.99 60%
9 766 -212 76/000 
117/600  
41.60 55.3808 20%
10 183 -183 ( -220) 
50/300 51/800 
53/500 62/100 
 
10.10 15.72
26.06.2019
11 766 -766 ( -212) 
89/400  
- 5.23 85%
12 744  -744 69/960 - 3.43 90%
13 66 -17 ( -66) 
157/000 174/000 
 
17.00 31.70
  
14 183 -183 103/200 
116/800 13.60 18.98
15 183 -183 ( -220) 
172/200 185/500 
 
13.30 23.43
16 85 -85 ( -49) 
274/00 286/610 12.61 17.73
17 744 -744 ( -
208) 45/00 
81/250 
 
36.25 45.96
18 85 -85 ( -49) 
184/000 184/000 
 
10 15.23
19 766 -766 5/000 
15/000 
 
10 19.77
319

2.  /
. .  
(  
(
) 
 
1 66 -66 ( -47) 
( 0.000) (
26.500) 4- 26.798 845.24 92.11%
2 66 -66 (  -47) 
( 26.500) /
( 43.000) 
4-
16.202 1435.43 68.86%
3 66 ( 170.600) 
( 188.000) - 
4-  
18.600 1181 28.25%
4 66 ( ) 
93.468 ( 95.650) 
94.248 ( 96.450) 4-
 
0.780 81.87 11.74%
5 66 – -
47 ( -66) 547/080  
549/801
4- (2 x 
10.50 ) 
2.721 317.31 5.9 %
6 66 -66 230.400  258.800
6- 28.4 1710.00 0%
7 -
544  
( 240.400) (
270.000) 6- 28.355 910.28 82.87
8 -
966  . 12.300  .
14.900 2.600 21.47 75%
 
320

2504
, 15 , 2019/24 , ( ) 
-
2504  
   
( )  , 2006-07,  
 ; 
( ) ,   - ; 
 
( )  ? 
( )
( ( ): -  
, -  
, , 2017  - I , 
-  
,  - - -11 
-  -11 -
-   
- - 730  
  
***** 
321

, 15 , 2019/ , ( ) 
2505   
  
( ) - - - - 
; 
( ) , ;  
( ) ? 
( )
 
( ( ) - - - - 30.11.2016 
 167 
 
****** 
322

2506
, 15 , 2019/24 , ( ) 
2506   
   
( )  ; 
( )   , 
, ; 
( )   
;  
( ) -  ,  
? 
( )
( ( ):  2012 
 235 29.10.2014  -
12 , 2015  1 (7) (8) 
21 2016 , 
 
,  
30 2016 
12.05.2015 21.01.2016  
 142 32 
 
 141 
( ( ):  , , 
 
***** 
323

, 15 , 2019/ , ( ) 
 
-  
 
2507   
 
    
( ) -544   
 ; 
( )  ,   
  , 
;  
( ) -544  
, ,   ? 
( )
( ) ( ):   , -
544    , 2012 
  
  ,
  
 , 2018 
/     
    ,  
83%    , 2020
*****
 
 
324

, 15 , 2019/ , ( ) 
2508
  
( )  
; 
( ) , ; 
( ) , ;  
( ) 
? 
( )
( ): , ( )  
( : :21:2009) , 
, , 
, 
 
 
( ): /
80.60 . 
, - /
 
( ): 2019-20 220  
( ): 
( : :21:2009)   
***** 
325

2509
, 15 , 2019/24 , ( ) 
 
2509  
 
 
 
( - , , 
, - , ; 
(
; 
( , -
, , / -
;  
( - ? 
( )
 
( ( ) ( ) 
/ - -
, 
-  
(
( / ( )
( )/ /
-
 
, , , , / -
( )
( ) / /
- -
-I -II , , , , 
/
( ) ( / -
326

 
/ / - - -III  
 
 
 
 
 
 
 
 
 
 
 
 
 
 
 
 
 
327

-
‘‘ ’’ ,
15.07. 2509 ( ( )
 
/ ( )- -  
,
. . / - 2016-17 2017-18
. . . .
(1) (2) (3) (4) (5) (6) (7) (8) (9) (10) (11) (12) (13) (14)
1 17 521.8 4,685.5 17 521.8 4,685.5 17 355.0 2,551.5 17 355.0 2,551.5
2 35 338.6 1,299.1 14 248.1 870.1 11 174.3 466.1 11 139.6 324.5
3 13 186.5 813.8 13 186.5 813.8 15 225.1 917.8 15 225.1 917.8
4 10 225.4 1,063.3 10 225.4 1,063.3 7 81.7 694.3 7 81.7 694.3
5 18 149.6 990.9 17 126.8 793.8 8 380.6 402.7 2 13.8 15.8
6 17 295.1 455.9 16 209.9 394.1 9 106.0 212.9 8 106.0 198.6
7 3 32.1 47.4 3 32.1 47.4 2 26.0 33.5 2 26.0 33.5
8 14 180.5 624.2 14 180.5 624.2 11 166.0 316.8 11 166.0 316.8
9 138 665.0 9,331.9 49 706.0 4,125.8 240 1,531.8 13,543.0 28 592.0 2,240.0
10 8 90.5 766.9 8 90.5 766.9 15 317.7 474.0 15 317.7 474.0
11 7 350.6 1,667.0 6 313.1 1,137.0 12 679.9 3,430.6 19 768.8 3,447.7
12 9 174.9 777.2 9 174.9 777.2 4 10.0 67.0 4 10.0 67.0
13 15 12.0 129.3 15 12.0 129.3 3 8.0 32.1 3 8.0 32.1
14 11 22.6 334.7 11 22.6 334.7 2 56.4 56.5 2 56.4 56.5
15 5 85.5 1,072.3 5 85.5 1,072.3 1 6.0 24.0 1 6.0 24.0
16 6 377.5 1,078.0 6 377.5 1,147.5 3 121.9 505.0 3 121.9 443.5
17 36 105.9 1,112.5 36 105.9 1,112.5 17 265.6 1,317.1 17 265.6 1,317.1
18 75 565.0 908.0 75 565.0 908.0 34 372.0 1,986.0 34 372.0 1,986.0
19 1 3.0 10.9 1 3.0 10.9 0 0.0 0.0 0 0.0 0.0
20 38 69.5 308.0 38 69.5 307.9 53 510.1 1,059.4 53 510.1 1,059.4
21 10 439.1 2,609.9 11 378.2 3,664.7 12 311.7 3,054.1 13 313.7 3,066.7
22 6 77.8 452.1 6 77.8 452.1 2 20.0 153.5 2 20.0 153.5
23 17 472.0 2,683.7 11 378.6 2,041.6 11 109.5 1,586.6 11 142.7 1,622.6
24 39 590.7 2,999.9 39 590.7 2,999.9 22 194.8 1,533.5 22 194.8 1,533.5
25 18 142.0 1,281.6 18 142.0 1,281.6 8 92.0 1,007.1 8 92.0 1,007.1
26 0 0.0 0.0 0 0.0 0.0 0 0.0 0.0 0 0.0 0.0
27 0 0.0 0.0 0 0.0 0.0 0 0.0 0.0 0 0.0 0.0
28 0 0.0 0.0 0 0.0 0.0 0 0.0 0.0 0 0.0 0.0
.
328

…
,
. . / - 2018-19 2019-20
. . . .
(1) (2) (15) (16) (17) (18) (19) (20) (21) (22) (23) (24) (25) (26)
1 15 341.5 2,163.4 6 98.1 267.4 0 0.0 0.0 0 0.0 0.0
2 12 90.7 296.5 3 74.0 106.1 0 0.0 0.0 0 0.0 0.0
3 13 103.9 4,827.7 13 103.9 4,827.7 0 0.0 0.0 0 0.0 0.0
4 9 28.6 15.3 9 28.6 15.3 12 365.0 2,412.0 0 0.0 0.0
5 4 28.7 166.0 3 26.2 105.9 0 0.0 0.0 0 0.0 0.0
6 10 152.5 175.4 7 143.2 6,488.6 5 137.9 1,459.3 0 0.0 0.0
7 8 107.7 202.6 8 84.7 170.5 7 118.0 1,297.5 0 0.0 0.0
8 7 116.3 118.3 7 116.3 118.3 0 0.0 0.0 0 0.0 0.0
9 39 214.9 2,757.1 3 40.0 476.3 59 414.1 3,919.5 0 0.0 0.0
10 8 122.9 188.5 8 122.9 188.5 0 0.0 0.0 0 0.0 0.0
11 3 153.3 779.8 1 79.6 264.5 0 0.0 0.0 0 0.0 0.0
12 1 14.7 28.8 1 14.7 28.8 0 0.0 0.0 0 0.0 0.0
13 1 5.0 24.1 1 5.0 24.1 0 0.0 0.0 0 0.0 0.0
14 6 73.9 274.3 6 73.9 274.3 0 0.0 0.0 0 0.0 0.0
15 2 38.0 257.4 2 38.0 257.4 0 0.0 0.0 0 0.0 0.0
16 5 89.7 494.2 3 41.2 139.4 0 0.0 0.0 0 0.0 0.0
17 16 161.6 436.8 16 161.6 436.8 26 119.8 1,225.4 0 0.0 0.0
18 5 84.0 432.0 5 84.0 432.0 0 0.0 0.0 0 0.0 0.0
19 0 0.0 0.0 0 0.0 0.0 0 0.0 0.0 0 0.0 0.0
20 24 142.3 1,294.7 24 142.3 1,294.7 108 586.7 3,501.2 0 0.0 0.0
21 3 64.5 255.7 3 64.5 255.7 0 0.0 0.0 0 0.0 0.0
22 0 0.0 0.0 0 0.0 0.0 0 0.0 0.0 0 0.0 0.0
23 6 169.2 3,069.6 4 73.0 2,413.7 0 0.0 0.0 0 0.0 0.0
24 21 42.3 110.5 21 42.3 110.5 0 0.0 0.0 0 0.0 0.0
25 10 102.0 158.1 10 102.0 153.0 0 0.0 0.0 0 0.0 0.0
26 0 0.0 0.0 0 0.0 0.0 0 0.0 0.0 0 0.0 0.0
27 2 7.1 94.4 2 7.1 94.4 0 0.0 0.0 0 0.0 0.0
28 3 17.8 59.0 3 17.8 59.0 0 0.0 0.0 0 0.0 0.0
329

-
‘‘ ’’ ,
15.07.2019 ( (  
( (
/ ( )- -  
,
. . / - 2016-17 2017-18
. . . .
(1) (2) (3) (4) (5) (6) (7) (8) (9) (10) (11) (12) (13) (14)
1 14 139.2 55.8 14 139.2 54.2 0 0.0 0.0 0 0.0 0.0
2 23 265.5 148.3 14 158.8 158.8 6 46.6 31.2 0 0.0 0.0
3 23 430.8 128.9 23 430.8 128.9 14 168.7 52.0 14 168.7 52.0
4 10 124.9 35.2 10 124.9 35.2 0 0.0 0.0 0 0.0 0.0
5 13 217.4 45.4 11 152.9 39.1 0 0.0 0.0 0 0.0 0.0
6 14 195.5 49.1 13 186.0 70.0 6 218.2 64.0 3 75.0 26.8
7 0 0.0 0.0 0 0.0 0.0 0 0.0 0.0 0 0.0 0.0
8 16 217.1 89.6 16 217.1 89.6 3 22.5 11.4 3 22.5 11.4
9 19 371.8 112.0 19 319.6 108.5 0 0.0 0.0 0 0.0 0.0
10 6 90.4 100.0 6 90.4 100.0 0 0.0 0.0 0 0.0 0.0
11 7 83.4 41.1 8 90.4 40.7 9 89.3 50.4 0 0.0 0.0
12 2 34.0 29.1 2 34.0 29.1 0 0.0 0.0 0 0.0 0.0
13 10 94.1 63.7 10 94.1 63.7 7 100.0 59.1 0 0.0 0.0
14 9 248.7 164.1 9 248.7 164.1 0 0.0 0.0 0 0.0 0.0
15 14 155.5 76.3 14 155.5 76.3 0 0.0 0.0 0 0.0 0.0
16 12 186.3 46.5 12 187.3 45.8 9 134.4 33.5 0 0.0 0.0
17 13 222.9 105.7 13 222.9 105.7 0 0.0 0.0 0 0.0 0.0
18 18 344.0 108.0 18 344.0 108.0 0 0.0 0.0 0 0.0 0.0
19 2 20.4 9.2 2 20.4 9.2 0 0.0 0.0 0 0.0 0.0
20 11 82.4 54.9 11 82.4 54.9 0 0.0 0.0 0 0.0 0.0
21 13 60.4 73.3 13 60.4 73.3 0 0.0 0.0 0 0.0 0.0
22 11 66.7 21.7 4 66.7 21.7 6 75.2 30.4 6 75.2 30.4
23 9 247.3 98.4 9 247.3 97.7 10 209.8 78.2 3 75.8 24.9
24 6 69.7 27.7 6 69.7 27.7 0 0.0 0.0 0 0.0 0.0
25 13 142.1 60.3 13 142.1 60.3 3 83.5 34.2 3 83.5 34.2
26 0 0.0 0.0 0 0.0 0.0 0 0.0 0.0 0 0.0 0.0
27 0 0.0 0.0 0 0.0 0.0 0 0.0 0.0 0 0.0 0.0
28 0 0.0 0.0 0 0.0 0.0 0 0.0 0.0 0 0.0 0.0
.
330

…
,
. . / - 2018-19 2019-20
. . . .
(1) (2) (15) (16) (17) (18) (19) (20) (21) (22) (23) (24) (25) (26)
1 14 99.8 50.4 14 99.8 50.2 11 84.4 30.0 0 0.0 0.0
2 9 91.6 80.3 0 0.0 0.0 5 48.0 46.7 3 29.0 24.7
3 0 0.0 0.0 0 0.0 0.0 0 0.0 0.0 0 0.0 0.0
4 0 0.0 0.0 0 0.0 0.0 7 77.2 25.1 0 0.0 0.0
5 0 0.0 0.0 0 0.0 0.0 0 0.0 0.0 0 0.0 0.0
6 20 149.9 70.8 20 149.9 70.3 0 0.0 0.0 0 0.0 0.0
7 4 35.1 14.9 4 35.1 14.9 7 41.0 24.7 0 0.0 0.0
8 0 0.0 0.0 0 0.0 0.0 0 0.0 0.0 0 0.0 0.0
9 0 0.0 0.0 0 0.0 0.0 15 308.9 134.5 15 308.9 134.5
10 6 72.6 74.1 6 72.6 74.1 0 0.0 0.0 0 0.0 0.0
11 7 75.3 38.9 4 46.4 15.9 10 116.6 24.5 0 0.0 0.0
12 1 2.5 5.9 1 2.5 5.9 5 19.4 160.4 0 0.0 0.0
13 7 100.0 59.1 7 100.0 59.1 11 82.8 75.2 0 0.0 0.0
14 0 0.0 0.0 0 0.0 0.0 0 0.0 0.0 0 0.0 0.0
15 7 61.0 30.0 7 61.0 30.0 4 64.7 42.9 0 0.0 0.0
16 3 19.5 12.5 3 17.5 12.5 9 184.7 70.4 0 0.0 0.0
17 6 35.4 17.6 6 35.4 17.6 8 116.1 92.5 0 0.0 0.0
18 9 156.8 39.9 9 156.8 39.9 0 0.0 0.0 0 0.0 0.0
19 0 0.0 0.0 0 0.0 0.0 0 0.0 0.0 0 0.0 0.0
20 5 41.6 25.8 5 41.6 25.8 14 62.8 60.2 0 0.0 0.0
21 18 164.6 96.2 18 164.6 96.2 0 0.0 0.0 0 0.0 0.0
22 1 24.2 3.6 1 24.2 3.6 0 0.0 0.0 0 0.0 0.0
23 8 150.2 67.7 8 148.6 62.0 0 0.0 0.0 0 0.0 0.0
24 10 88.2 31.5 10 88.2 31.5 0 0.0 0.0 0 0.0 0.0
25 5 62.4 40.0 5 62.4 38.8 0 0.0 0.0 0 0.0 0.0
26 0 0.0 0.0 0 0.0 0.0 0 0.0 0.0 0 0.0 0.0
27 0 0.0 0.0 0 0.0 0.0 0 0.0 0.0 0 0.0 0.0
28 0 0.0 0.0 0 0.0 0.0 0 0.0 0.0 0 0.0 0.0
331

-
‘‘ ’’ ,
15.07. 2509 ( ( )
 
/
/ ( )- -
. .
/ -
/
2016-17 2017-18 2018-19 2019-20
1 129.87 123.10 83.52 77.02 87.98 18.06 39.39 13.28
2 36.63 28.87 42.67 36.31 34.10 15.97 13.58 0.00
3 136.50 97.52 122.63 89.28 48.33 11.33 33.55 0.00
4 104.77 88.68 121.68 97.29 38.86 20.92 24.71 0.02
5 51.00 36.05 28.17 21.95 28.59 8.24 12.39 0.00
6 34.13 24.96 21.60 14.75 8.10 4.61 4.40 0.00
7 121.69 108.44 65.19 68.43 80.30 30.31 23.60 1.60
8 56.31 50.38 40.38 39.53 0.80 0.26 11.00 0.08
9 94.85 89.41 79.02 56.46 55.45 39.00 20.90 0.08
10 10.34 6.50 12.95 2.96 33.48 9.14 5.30 0.00
11 91.26 96.14 65.48 54.69 44.31 32.25 18.13 0.00
12 204.53 161.51 126.78 88.91 66.21 5.18 18.93 0.00
13 115.46 91.18 113.99 99.15 81.95 29.93 52.11 0.00
14 24.35 10.98 75.37 48.75 40.59 11.23 18.00 0.00
15 319.23 276.21 225.75 200.99 387.90 338.89 226.80 0.93
16 27.86 6.77 23.06 12.01 34.94 21.67 15.94 0.00
17 57.83 60.17 107.60 122.37 121.29 67.35 64.41 0.00
18 64.51 66.87 125.93 125.25 158.98 126.86 84.67 0.00
19 47.77 45.09 55.32 55.64 63.33 50.65 33.37 0.00
20 88.39 86.88 34.81 27.74 43.24 25.90 12.21 0.00
21 78.00 74.60 38.00 30.45 33.20 10.62 20.20 3.85
22 64.91 63.71 69.78 63.30 52.73 16.23 22.70 0.00
23 1.99 0.00 4.13 4.13 16.00 17.30 6.64 0.00
24 156.66 151.23 74.39 72.99 52.77 42.64 21.92 2.20
25 117.15 107.92 54.36 52.15 37.34 21.17 8.46 0.00
332

. .
/ -
/
2016-17 2017-18 2018-19 2019-20
26 52.78 52.22 40.65 43.19 47.94 47.35 21.85 1.51
27 140.27 119.81 88.53 56.51 73.07 26.19 29.47 0.58
28 52.67 32.39 31.98 18.92 38.06 15.04 12.02 0.00
29 93.47 76.75 60.78 59.74 32.27 28.54 7.55 0.01
30 0.00 0.00 0.00 0.00 0.00 0.00 0.00 0.00
31 1.49 0.00 1.26 0.00 0.10 0.00 0.30 0.00
32 0.00 0.00 0.11 0.00 0.10 0.00 0.30 0.00
33 0.00 0.00 0.07 0.00 0.10 0.00 0.30 0.00
34 0.00 0.00 0.98 0.00 0.50 0.00 0.90 0.00
35 1.21 1.02 1.14 0.36 1.08 0.32 1.10 0.00
36
( ) *
100.00 100.00 575.00 575.00 272.19 272.19 50.00 0.00
37
( )
*
52.00 52.00 125.00 125.00 100.00 100.00 25.00 0.00
38 ( )* 115.00 114.75 135.00 134.78 115.00 114.81 25.00 0.00
39 1.80 0.88 2.69 2.68
*- / - -
*****
 
 
333

, 15 , 2019/ , ( ) 
2510
  
( ) , 50 (4772 
) 
, , , ; 
( ) 50 
? 
( )
 
( ( ) 
( ) 
 50 
, 
    
***** 
334

2511
, 15 , 2019/24 , ( ) 
2511   
   
( )  - /  
-  ; 
( )  ; 
( )   -
 ; 
( ) ,   
;  
( )  ,  
 ? 
( )
( ):  ( ) - ( ) 
/  -
 
( ):  - 
, - ,     
/     , , - , 
, -
,    
,  (  ) 
, 100 ,  
( ( ):    2019-20 
 20.90  
( ): ( ) 71,898   
“  ” , 19,170 
   
335

‘‘ ’’ 15.07.2019 
. 2511 ( ) 
______________________________________________________________________________  
( ) (
)   - /
.
. .
/ -
/
2016-17 2017-18 2018-19 2019-20
**
1 129.87 123.10 83.52 77.02 87.98 18.06 39.39 13.28
2 36.63 28.87 42.67 36.31 34.10 15.97 13.58 0.00
3 136.50 97.52 122.63 89.28 48.33 11.33 33.55 0.00
4 104.77 88.68 121.68 97.29 38.86 20.92 24.71 0.02
5 51.00 36.05 28.17 21.95 28.59 8.24 12.39 0.00
6 34.13 24.96 21.60 14.75 8.10 4.61 4.40 0.00
7 121.69 108.44 65.19 68.43 80.30 30.31 23.60 1.60
8 56.31 50.38 40.38 39.53 0.80 0.26 11.00 0.08
9 94.85 89.41 79.02 56.46 55.45 39.00 20.90 0.08
10 10.34 6.50 12.95 2.96 33.48 9.14 5.30 0.00
11 91.26 96.14 65.48 54.69 44.31 32.25 18.13 0.00
12 204.53 161.51 126.78 88.91 66.21 5.18 18.93 0.00
13 115.46 91.18 113.99 99.15 81.95 29.93 52.11 0.00
14 24.35 10.98 75.37 48.75 40.59 11.23 18.00 0.00
15 319.23 276.21 225.75 200.99 387.90 338.89 226.80 0.93
16 27.86 6.77 23.06 12.01 34.94 21.67 15.94 0.00
17 57.83 60.17 107.60 122.37 121.29 67.35 64.41 0.00
18 64.51 66.87 125.93 125.25 158.98 126.86 84.67 0.00
19 47.77 45.09 55.32 55.64 63.33 50.65 33.37 0.00
20 88.39 86.88 34.81 27.74 43.24 25.90 12.21 0.00
21 78.00 74.60 38.00 30.45 33.20 10.62 20.20 3.85
22 64.91 63.71 69.78 63.30 52.73 16.23 22.70 0.00
336

.
. .
/ -
/
2016-17 2017-18 2018-19 2019-20
**
23 1.99 0.00 4.13 4.13 16.00 17.30 6.64 0.00
24 156.66 151.23 74.39 72.99 52.77 42.64 21.92 2.20
25 117.15 107.92 54.36 52.15 37.34 21.17 8.46 0.00
26 52.78 52.22 40.65 43.19 47.94 47.35 21.85 1.51
27 140.27 119.81 88.53 56.51 73.07 26.19 29.47 0.58
28 52.67 32.39 31.98 18.92 38.06 15.04 12.02 0.00
29 93.47 76.75 60.78 59.74 32.27 28.54 7.55 0.01
30 0.00 0.00 0.00 0.00 0.00 0.00 0.00 0.00
31 1.49 0.00 1.26 0.00 0.10 0.00 0.30 0.00
32 0.00 0.00 0.11 0.00 0.10 0.00 0.30 0.00
33 0.00 0.00 0.07 0.00 0.10 0.00 0.30 0.00
34 0.00 0.00 0.98 0.00 0.50 0.00 0.90 0.00
35 1.21 1.02 1.14 0.36 1.08 0.32 1.10 0.00
36
( ) *
100.00 100.00 575.00 575.00 272.19 272.19 50.00 0.00
37
( )
*
52.00 52.00 125.00 125.00 100.00 100.00 25.00 0.00
38 ( )* 115.00 114.75 135.00 134.78 115.00 114.81 25.00 0.00
39 1.80 0.88 2.69 2.68
-
- /  
* - /
** - , 2019 
*****
337

338

339

340

341

342

343

344

345

346

347

348

349

350

 
 
 
. 2517  
, 15 , 2019/24 , 1941 ( )  
 
 
2517.   
           :  
( ) 2022  5 6  
( )  , 275-325  
; 
( )  2035  
189  , 1.42  
;  
( ) , ? 
 
( ) 
( ) 
( ) 2022 6% ( ) 
500  
( ) ( ) 2035 139,284 . 
252 
 
  
351

.
 
( .)
1 18
2  80
3 54
4 44
5 - 315
6 600
7 110
8 100
9
- -  
– 
1
10 – 20
1 1 -  240
12 - 28
13 - 15
14 1,799
15 -  - 970
16 - 150
17   12
18 - - - -  151
19 5151
20 - -2 150
21  4 -18 258
22 4 250
23 1 1 2 1270
24 3 247
25  480
26 - -1 35
27 3 334
28 - - . . . 24
29 - - 228
352

30 - 393
31
- 2- - 2 
16 
-V
250
32 2 2,000
33 - -2 × 9 700
34 - -3 350
35   200
36 4 - 1 4719
37 15 - 160
38 115
39 -II 1,963
40 149
41 - 385
42 4 - 2 3196
43 600
44 5 5,500
45 1,000
46 7 42
47 11 12 160
48
- - 2 
-
448
49 93
50 461
51 14 138
52 16 150
53 8 150
54 - - 5000
55 100
56 155
57 - 70
58 - 1 1500
59 - 1 1,050
60 - 2 1500
61 - 2 - 400
62 13  2 50
63   16
64 2 65
65   - 73
353

66  2 11  8
67 - 28
68  13 1.13
 44
69 -2 74
70  - I 481
71 - -II 173
72  II- 25
73  3 323
74 120
75  18 94
76  - 5
77 18 - 16 469
78
- 30 
- 
22
79 - 40
80  14 258
81 15
82 56
83 194
84 8- 9  :  – 1,145
85 – 5
86 156
87 203
88 –
2 
850
89 – 5  5  811
90 50
91 - 1,286
92 - - 55
93 - - 300
94 – - - 2690
95 - 200
96 - 10
97 2 - 70
98 - 740
354

99 431
100 1- 2 3 - 1438
101  80
102 656
103 690
104 - 86
105 1 2 - 1,103
106 1  50
107 - 5
108 IX 93
109 7  25
110 - II - 335
111 30 8 
- 312
112 15000 –150 
 10.0 36
113 65
114 - 1 2 98
115 III IV 29
116  3 37
117 - - 250
118 325
119 200
120  1 - 10
121 - 100
122 - - 330
123 - - 500
124 - 1 -2 2 - 1500
125 330
126 -2 2 5 - 1700
127 633
128 -2- -3 -4 -5 - 182
129 1 2 - 1 395
130 - -7 -8 243
131  1A - 313
132 - 7
133 -  30
355

134
100   2 - -
-
39
135 43
136  - 1 2 3 168
137  5,040
138 - 8767
139 3000
140 9267
141 – 6575
142 2783
143 72
144 2 63
145 - 7
146 - 7
147 - 14
148 - - 7
149 - - 13
150 - 7
151 8
152 - 10
153 15
154   -    18
155 37
156 - 22
157 59
158 - 74
159 - 62
160 - 58
161 - 58
162 79
163 48
164 100
165 - 29
166 1258 250
167 145  1-160 - 215
168 65
169 250 61
170 16 100
171 60
356

172
-1- -2  
- 
135
173 - 37
174 - 715
175 108
176 12.48
177 5.20
178 – 6.01
179 8.17
180 6.56
181 - 496
182 19
183 7.11
184 6.17
185 9.89
186 11.45
187 63
188 20
189 - 234
190 14
191 10
192 200
193  143
194 90
195 - - 5808
196 - 27
197 ( ) 25
198 - 1 1
199 - -  9.12
200 8.48
201 7.81
202 9.12
203 98
204 8.3
205 8.8
206 7.99
207 8.46
208 9.46
209 49
210 -10 - 55.38
357

211 7 - 80
212  , 98
213 - - - - - 4.17
214 - – 12.68
215 - - 9.94
216 7.4
217 25.72
218 - 21
219 68.75
220 - 45
221 - 1 11,924
222 - - 2123
223 – 4000
224 115
225   66.47
226 -2 2000
227 1 5.02
228 29.22
229 10.27
230 9 159
231 10 11 200
232 5
233 – 135
234 320
235 1 –   61.31
236  1.5  54.48
237 40
238 - -2 50
239 331
240 - 40
241 - - - 69.82
242 38.08
243 - - TBD
244 14.5 -7 16.5
245 200
246 - - 77
358

247 - - - 160
248 15
249 5- 700
250 46.44
251 45.9
252 2 – 13.87
( ) 139,284
 
***** 
359

360

361

362

363

( )
 2521 
15 , 2019
24 , 1941 ( ) 
  
2521.    
 
( )  ;
( ) , 
- , / -  ;  
( ) , 
, / -  ?
( )
( ) 
( ) 12 2017-18 
( )  8
5 . ,
/ 
-
( )  20 2437 
 2433 
- - -
364

, ,
15.07.2019 2521 ( ) 
  
- I
        
. . 
(  .)  
1 2017-18  
2 2018-19 2637.50
3 2019-20 (30.06.19 ) 2382.29
365

, ,
15.07.2019 2521 ( ) 
  
-II
         -   
-  
. .     
 
 
2018-19
 
  
2019-20* 
 
 
1 16 16
2  41  54 
3  8  8
4 36  38 
5 9  10 
6  27  33 
7 21  25 
8    3  4
9  176  206 
10 14  14 
11 63  83 
12 292 360
13 13  27 
14   14  19 
15  22  25 
16 119  134 
17  81  103 
18  52  67 
19   251  303 
20 85  90 
21 3  3
22  24  25 
366

. .     
 
 
    
2018-19 2019-20*
23 46 50
24  2  3
25 144  173 
26 56 76
27  2  2
28  94  130 
29   52  67 
30 8 8
31 119  147 
32   26  37 
33   82  93 
2019-20    2018-19  
       
**** 
367

( )
2522 
15 , 2019 
24 , 1941 ( )
 
2522. 
 
( ) ( ) 
;
( ) ,  ; 
( ) 
;  
( ) 
 ?
( )
( )
( ) ( ):  ( ) , 2011
/ / / 
( ) ( ): 2019 43 ( ) 
, 2011 
9
****
368

( )
2523 
15 , 2019
24 , 1941 ( ) 
 
2523.  
 
( ) ,  
; 
( ) , ;
( ) ;
( ) /    
;  
( ) , ? 
 
( )
( )
( ) ( .) :   ( ) , 2011
/ / / 
 
,
,
( ) 
25
****
369

( )
2524 
15 , 2019 
24 , 1941 ( ) 
2524. 
( ) ;
( ) , ; 
( ) - ?
( )
( )
( ) ( ) : 
/ 
( ) 
( ) / 
,
*
***
370

( )
2525
15 , 2019 
24 , 1941 ( ) 
2525. 
 
( ) 
; 
( ) , , ; 
( ) - ?
( )
( )
( ) ( ): " " 
/ -
, 
( ) 
/   
-
( ) ( )
( ) /  ( ) 
2018-19 1297.39 
 : - 
. . ( ) 
1. 483.83
2. 312.32
3. - 501.24
 
***** 
371

( )
2526 
15 , 2019
24 , 1941 ( ) 
 
2526.  
 
( )  ,  
;
( ) ,   , 
;
( )  
;  
( ) ,  , ?
 
 ( )
( )
( ) , 
 
( ) 2017 , 
, , , , - ,  
( ) 
( )  
****
372

( )
2527
15 , 2019 
24 , 1941 ( ) 
 
2527. 
( ) ,  
 ;
( ) 7 , 
1.2  ; 
( ) , ; 
( )  ?
( )
( ) 
( ) ( )   , , 
30 .03. 2017  
( ) ( ) : 7.00 1.50 
      
 3.99
( ) 
( )    
     
  
 
*****
373

( )
 2528  
15 , 2019 
24 , 1941 ( )
2528. 
   
( ) - ;
( ) ;
( )   
/ ;  
( ) , ?
( )
( ) 
( ) ‘ ’ / 
, 
( ) ,
/ 
 
( )  ( ) 
17.08.2018
, 2018  
 
( ) ( ) : 
 / 
 
*****
374

( )
2529
15 , 2019 
24 , 1941 ( ) 
 
2529.  
( ) ‘  
’ ; 
( )   
; 
( )   
;  
( ) , ?
( )
( ) 
( )  
  
 
( )  84 
 
( ) 
( )  
*****
375

( )
2530
15 , 2019 
24 , 1941 ( ) 
2530. 
( )  
;
( ) ,  ; 
( )   
; 
( ) , ; 
( )  
;  
( ) ,  - ? 
( )
( ) 
( ) ( ) : ( ) 
:  
 
. .   
1 2016-17 3112 79 
2 2017-18 3822 74 
3 2018-19 4348 187
 
376

( ) ( ) : , 
, 2011  
, 2012
( ) ( ) 
 
 
*****
 
377

( )
2531
15 , 2019 
24 , 1941 ( ) 
 
2531. 
( ) 
  ,   ; 
 
( )  , ‘ ’  
 
 ? 
( )
( ) 
( ) ( ) : , 
2018-19 
, , 8.00 . 
 
***** 
378

 
( )
 
2532
15 , 2019
24 , 1941 ( ) 
‘ ’  
2532.  
( )  ‘ ’  
;
( ) , ;
( ) ; 
 
( )  ?
( )
( ) 
( ) ( ) :
 2018 2019 
: 3507 5925
–
 
***** 
  
379

‘ ’  , 
15.07.2019  2532 
( ) ( ) 
 
 
1.  2016-17 2019-20 (30.06.2019 ) 
  
 
( .)
. .
 
1 ,
 
6.00
 
1.00
2 / 
 
8.00
 
2.50
3 , 7.00
 
1.50
4  , , 5.50
 
2.50
 
2. 2016-17  
1.49 . 
3. 
 ( ) 
  
 
****
 
380

( )
2533
15 , 2019 
24 , 1941 ( ) 
 
2533.  
( ) ;
( ) , , ; 
( )  
;
( ) , , ;  
( ) ?
( )
( ) 
( ) ( ) : ‘ ’
,  
  
( ) ( ) : 
, , 
4 ,
, -
30   
, ,  
381

( ) 01.04.2018
:
 
. .    
( ./ )
1. /  20,000
2. /  16,000
3. 
 
14,000
4. / / 14,000
5. / /  
 
12,000
 
*****
382