अंक: 249  
संख्या: 2 
शुकर्वार, 
21 जून, 2019 
31 ज्येÍठ, 1941 (शक)  
 
 
संसदीय वाद-िववाद 
राज्य सभा 
अिधकारीय Ģितवेदन 
(िहन्दी-संÎकरण) 
(भाग-I) 
 
 
िवषय-सूची 
 
तारांिकत ĢƘȗ के  िलिखत उǄर पृǞ 1-8 
अतारांिकत ĢƘȗ के  िलिखत उǄर पृǞ 9-403 
 
 (संबंिधत मंतर्ालयȗ से ĢाÃत रूप  मȂ) 
 
 
 
 
 
 
 
राज्य सभा सिचवालय 
नई िदÊली 
  


 
 
 
 
 
 
 
 
 
 
 
 
 
 
 
 
 
 
 
 
 
 
 
 
वेबसाइट :     http://rajyasabha.nic.in
 
http://parliamentofindia.nic.in 
   ई-मेल  : rsedit-h@sansad.nic.in 

 
 
, 
 
 
 
 
 
1 ,  
 
 
 
 
,  
 ; 
(  , ; 
(  
;  
 ,  
 
 
 
,  
 
   
   
 
2

 
 
 
  -
 
  
  , 
- , -
-  
    
   -
(
, 
, 
, 2019  
 
 
3

 
,   
 
 
- *  
21 , 2019  
 
  
*  
,   
  
  ; 
,  ; 
, ;  
,  ? 
 
,   
 
 
( )  
  
4

,  
21-06-2019 14
 
 
) 12
12
) 61
 
(1) 15 14 61  
(2) 1 31 61  
 
-
)  
 
****** 
5

15*
‘
 
( )  
( - ) 
 ; 
( ) ,   , - , ;  
( )  - ? 
( )
( ( ): 
 
 
 
 
 
 
 
 
 
6

‘
’ ,
( (
( ) ( ) . -
 
 
 
 ( ) 
 
 
 
  
( )  2,69,605 
   
119743   : 
 ( )   
 119743 -     
 
 
-
 
 
 
 
 
 
 
 
7

. . . . 15
. . 
1  2
2 55
3 346
4 29
5 22
6  32897 
7 86314 
8 78
119743
**********
8

9

,
1
21 , 2019
 
:  
1.  
 
( )  , 
; 
( ) , 1.5  
; 
( ) , ;   
( )  ? 
( )
 
( ) , - 3,29,52,568  
2,85,73,889   
  /  -  
    
 
( ) ( ) -  ,   
/  - -
   
 -
 ,  
, , /    
  , 
   , 
     
 ,  4-  , 
-    
  
10

. . . . . .1 
  
 
 
( ) ( ) ( ) ( ) 
   10,004 20,008,000   0 
 3,443,116 6,886,232,000 3,126,852 6,253,704,000 
 0 0   0 
 1,119,983 2,239,966,000 762,427 1,524,854,000 
 231,873 463,746,000 219,136 438,272,000 
 13 26,000   0 
 111,898 223,796,000 87,632 175,264,000 
  5,322 10,644,000   0 
 2,119 4,238,000   0 
 0 0   0 
 2,385 4,770,000   0 
 2,832,333 5,664,666,000 2,821,569 5,643,138,000 
 942,052 1,884,104,000 935,929 1,871,858,000 
 474,763 949,526,000 438,256 876,512,000 
 497,204 994,408,000 459,593 919,186,000 
 470,307 940,614,000   0 
 307,935 615,870,000 231,847 463,694,000 
 935,786 1,871,572,000 931,661 1,863,322,000 
 0 0   0 
 9,304 18,608,000   0 
 2,129,137 4,258,274,000 1,324,089 2,648,178,000 
 7,276 14,552,000   0 
 0 0   0 
 24,410 48,820,000 11,931 23,862,000 
 30,831 61,662,000 30,459 60,918,000 
 962,115 1,924,230,000 799,293 1,598,586,000 
 4,200 8,400,000   0 
 1,275,440 2,550,880,000 1,144,648 2,289,296,000 
 1,375,566 2,751,132,000   0 
   0   0 
 2,148,504 4,297,008,000 2,063,192 4,126,384,000 
 1,881,602 3,763,204,000 1,858,210 3,716,420,000 
 151,095 302,190,000 151,064 302,128,000 
 11,169,349 22,338,698,000 10,848,667 21,697,334,000 
 396,646 793,292,000 327,434 654,868,000 
 0 0 0 0 
32,952,568 65,905,136,000 28,573,889 57,147,778,000 
******** 
11

 
 
,  
2
21
:
( ) /
;
( ) , , ; 
( )
?
( )
( ) ( ): - ( ) 
 ‘  ’ 
, 2012 - , 2013
70
,
6,426 . -
 
( ):  
- -
/ , , 
  
12

3000 
365 
, , 
, , , , , , , ,
13

21. . 2 ( ) ( )
‘ ’
: / , , 
 
*****
 ( ) 
 5979 
10869
 6695 
3558 
5177
 7926 
14434 
 8777 
 12683 
4721 
 8832 
 11888 
6210 
7386 
 8842 
 11792 
9099 
10048 
4976 
 18059 
7350 
6798 
6980
6311 
5429
 4701 
4923 
3980 
 8568 
14

,
3
21 , 2019
:  
3.  
 
( )   
 ; 
( ) , 2017-18, 2018-19   
- -  ;  
( )  - ? 
 
( )
 
( ):  ,   
 
( ): ,  2017-18 2018-19   
-  - I, - II, - III, - IV - V
    
 
( ):  
( ),  ( ),  
( )    
“  ” ( - )  
  
 
,  
  ,  ( - ) 
    
, / ( )  
15

, 2018 “----- /
    (  ), , 2018 "   
     
  
  ,   
/ , 2017 “
( ) , 2017”  
  
, , - ,  
  
  -  (i)  
 ( ii)  ,  ( )  
 - " ( )"    
 
 
 
 
 
 
 
 
 
 
 
 
 
 
 
 
 
 
 
 
 
 
 
 
 
 
 
 
 
 
16

. . . . 3
I 
2017-18 2018-19  (13.06.2019 )
/ / 2017-18 2018-19* 
 
( ) 
  (
) 
   
( ) 
  (
) 
 2000271.21 840590.36 1749382.21 783062.38
1051582.68 467954.29 717514.93 350864.80
61300.12 27278.55 _ _
829697.00 369215.17 447638.22 218895.09
 11860.28 5277.82 _ _
_ _ 28501.21 13937.09 
2418.78 1076.36 130.76 63.94
146279.51 65094.38 232482.14 113683.77
26.98 12.01 _ _
 _ _ 8762.60 4284.91
873661.00 349464.40 1009243.36 423882.21
52659.55 21063.82 29302.20 12306.92 
 227602.00 91040.80 250985.00 105413.70
119747.28 47898.91 182483.29 76642.98 
471614.16 188645.66 546070.52 229349.62
 1211.41 484.56 402.35 168.99
 826.60 330.64 _ _
 _ _ 15.90 9.34 
_ _ 15.90 9.34 
 72282.10 22046.04 19483.02 6622.28
 _ _ 6.00 2.04 
26104.46 7961.86 1283.02 436.10
11624.58 3545.50 2957.80 1005.36
34553.06 10538.68 15236.20 5178.78
 2745.43 1125.63 3125.00 1683.75
 2400.00 984.00 2375.00 1279.65
 130.43 53.48 _ _
215.00 88.15 750.00 404.10
4552908.86 2162833.71 1916260.55 1039284.92
 2769430.16 1218549.27 755437.43 349012.09
91982.65 40472.37 3470.85 1603.53
91000.00 40040.00 17068.40 7885.60
 _ _ 207.60 95.91
 135422.10 59585.72 15.10 6.98 
1611972.09 709267.72 576745.58 266456.46
194726.89 85679.83 22392.32 10345.25 
579972.38 255187.85 100961.08 46644.02 
50000.00 22000.00 34500.00 15939.00 
 14354.05 6315.78 76.50 35.34
 246943.85 104951.14 56148.27 25126.35 
233245.61 99129.38 56075.02 25093.57 
 13698.24 5821.75 73.25 32.78
 299182.35 166794.16 322531.29 224965.57
17

3962.70 2209.21 12671.25 8838.20
_ _ 4044.75 2821.21
_ _ 224.90 156.87
21758.40 12130.31 28950.00 20192.63
_ _ 3037.46 2118.63
5262.35 2933.76 18230.48 12715.76 
 2675.11 1491.37 550.48 383.96
262203.84 146178.64 236277.28 164803.40
_ _ 5169.38 3605.64
3319.95 1850.87 13375.31 9329.28
 873758.62 476198.45 290735.07 164992.15
55600.00 30302.00 4680.27 2656.05
69986.72 38142.76 32275.90 18316.57 
336154.15 183204.01 125938.10 71469.87
_ _ 3154.96 1790.44
336717.75 183511.17 53985.94 30637.02 
_ _ 399.90 226.94
75300.00 41038.50 70300.00 39895.25
 363593.88 196340.70 491408.49 275188.75
 92763.00 50092.02 13290.05 7442.43
19878.40 10734.34 9409.75 5269.46
 13090.50 7068.87 10.10 5.66 
_ _ 345000.00 193200.00
58663.95 31678.53 11374.09 6369.49
 4216.77 2277.06 302.60 169.46
130905.00 70688.70 77444.94 43369.17 
1547.86 835.84 3379.07 1892.28
13170.41 7112.02 1454.94 814.77
 22567.99 12186.71 29742.95 16656.05 
 6790.00 3666.60 _ _
* 2018-19  
 
 
 
 
 
 
 
 
 
 
18

. . . . 3
II 
( )
 
/
2017-
18
2018-
19* 
2017-18
 
2018-
19*
 40.00 41.32 
 36.18 51.28
0.35 0.72
7.93 9.28 0.18 0.02
 0.14 0.13 0.14 0.12 
32.55 40.80 
  
0.01 0.09 0.37 0.05 
 39.92 39.41 87.84 93.20 
  0.01 0.01 
 0.13 0.09
1.43 1.53
  
3.29 4.61
 10.96 13.95 73.13 67.25 
 1.79 4.55
  
32.87 36.59 
118.33 113.34 126.92 129.12
( )  0.07
   15.32 13.40 
 10.11 11.70 
 28.75 32.33 52.94 35.11 
0.38 4.62 1.10 0.42 
 16.73 17.12 
  
: 381.85 423.53  357.95 338.71
# 10.06.2019  
19

. . . . 3
III 
 
( )
 
2017-18
264 2668 2932
31347 4121 35468
 47794 47794
      0
0 31347 0 4385 50462 86194
2018-19* 
  135 10963 11098
696 180744  4099   185539
 1538    6987 8525 
      0
2234 180744 0 4234 17950 205162
*13.06.2019  
 
 
 
 
 
 
 
 
 
 
 
 
 
 
 
 
 
 
 
 
 
 
 
 
 
 
20

. . . . 3
IV 
2017-18 2018-19 - , 
*19.06.2019  
 
 
 
 
 
 
 
 
 
 
 
 
 
2017-18 2018-19*
18.06.2019 
(
)
 
(
 
) 
% (
) 
18.06.2019 
(
) 
(
)
%  
( ) 
11.76 - - 11.50 - -
 21.48 - - 23.00 - - 
 23.26 - - 25.00 - -
 103.84 0.951 0.92% 213 87.00 0.08 0.09% 22 
 83.35 0.146 0.18% 33 77.00 1.96 2.55% 516 
 22.14 0.078 0.35% 18 24.00 0.51 2.13% 137
 54.44 2.635 4.84% 597 47.00 7.77 16.53% 2155 
 21.26 0.065 0.31% 15 15.00 0.05 0.33% 13 
17.32 0.003 0.02% 1 15.00 0.08 0.53% 21 
3.65 0.020 0.55% 5 4.50 0.25 5.56% 71 
 
7.5 
0.004 0.05% 
1 
8.00 - - - 
370.00 3.902 1.05% 883 337.00 10.70 3.18% 2935 
21

. . . . 3
V 
2017-18 2018-19    
( - ( - )
2017-18 2018-19
1.994 80.23  0.697 42.83
0.382 18.13  0.023 1.31
0.964 50.97  0.003 0.21
0.050 2.72  0.004 0.23
 0.000 0 0 0
 0.000 0 0 0
3.390 152.05  0.727 44.58
*********
22

,
4
21 , 2019
 
:  
4.  
 
( )   
2829   ; 
( ) ,  ;  
( ) -  - ;  
( )   
? 
 
( )
 
 ( ) ( ): 2017-18 2018 
:  
 
      
( ) ( ) 
 
2017-18 
3523 3224 3012 212 20.58 
2018 
13471 9473 8540 933 76.07 
  
/   , 
   
2018-19  
 
23

 2018 
  
 ( )  
:   
 /
2  
, 
, , 
 
  
 
24

25

26

27

28

29

30

31

32

33

,
5
21 , 2019
 
:  
5.  
 
( )  ,  
; 
( )   
 , , ;  
( ) ,  , ? 
 
( )
 
( )  
5 
 
( ) 
-
01.12.2018 ( - ) 
, 
2  
-  2000   3 6000 
 
-   
 
, 
34

 
60 
 3 
,  18 40 
29 100 
100 
 
( ) 
 , 
 
 
 2018-19 
150 
 
  
2016 
( ) 
 
   -  
1  
21 171   
   
i. - 16-25  
4500   
ii. - 10-15  25000-30000 
 
35

iii. -  10-15  25000 
 , 10000   
iv. -  25 , 
12000  
v. : 3000  
2 ( )- (
2014    
 :  
i. 20 50  32  
ii. 31  
iii. 7 42  
iv. 42.3 52 
 
v. 20 68 
48.5   
36

. . . . .
 
 
 
 
********
37

,
6
21 , 2019
 
: - ( -  
6.  
 
( ) - ( - )   
/  ; 
( )  ;  
( ) -  ? 
( )
 
( ) ( )   , 
 ( - )  ,  
    
16 02 ( )  585  -
    11.06.2019 ,  1,64,73,191 
  11.06.2019   2,55,84,598.03   
  70096.99   ,  -   
 
 
******** 
38

,
07
, 2019
:
7
;
( ;
(
;
(
( ?
( )
( )
( ( ) - , (
/
( 22
( , /
:
,
, - ,
, : ,
39

, ,
,
, / ,
, , , ,
, ,
, / ,
-
2018-19
,
2018-19
50
( ,
, ,
-
, /
, (
*****
40

,
, 2019
:  
8.  
 
( )   ; 
( ) ,  ;  
( ) ,  , ? 
 
( )
( ( ): 2007-08 
( ) ( )  
, ; 
( ) 29 
 
 ,  
/ ( )/
( )/ ( )/ ( ) 
/  
 ( ) 
; 
 
( /  ) 
        
 
: ,
********* 
 
2006-2007 
2016-17 2017-18 2018-19* 
 93.36 2131 109.7 2494 112.76 2576 115.63 2647 
 75.81 2708 98.51 3200 99.87 3368 101.2 3424 
 14.2 612 23.13 786 25.42 853 23.33 803 
/   33.92 1182 43.77 1750 46.97 1934 43.33 1973 
 217.29 1756 275.11 2129 285.01 2235 283.33 2283 
41

,
, 2019
 
:  
9.  
 
( )  
  ; 
( ) ,  
 ; 
( ) ,  ;   
( )  ? 
( )
 
( ( )  ( )   
 
******** 
42

,
10
21 , 2019
 
:  
10.  
 
( )  ; 
( )  ; 
( )   
,   -  
; 
( )   ; 
 
( ) ,   
 ? 
 
( )
 
( )  4,53,622 ( ) 
11,47,401  
 
(
) 2015    
500-1000    2018   
 2500  1500 
  1000    
 ( ) 
 ( )   
  l , , 
, ,    -
43

,  
 
 
( ( .) 2015  
   ( ) 
 ( )   
/ , 
 ,     , , , , , 
   
( )    ( ), 
   
 
( ),   
 
      ll 
 
44

. . . . . .10  
l 
 
    
( ) 
 
 
. .   /  
1   
2   
3     
4   
5    
6  (  ) 
7    
 
 
 
 
 
 
 
 
 
 
. .   
1    
2   
3  ( ) 
4  ,     
5   ,  
6    ,  
7   
8   
45

. . . . . .10 
II 
 
( ) 
 
         ( ) 
     
2017-18 100.00 66.22 
2018-19  182.93 174.78 
Total 282.93 241.00 
 
 
                                                                                              (  ) 
   
2017-18 250.00 203.46 
2018-19 335.91 329.46 
Total  585.91 532.92 
 
******** 
46

,
11
21 , 2019
 
:  
11.  
 
( )   
 2016  
 ; 
( ) ,   
 - ;  
( )   
2016  - - ? 
( )
 
( ): ,     
2016  ( )  
 
( ):  , ,  
  : 
 
 
  
 
 
( ) ( ) 
2016-17 577 16344 16702 16255 
2017-18 521 21777 21469 21233 
2018-19 553 13788* 9644* 8665* 
 
* 2018-19  /    
 
( ): - ,  
-  -  
 :  
 
47

. . . . . .  
 
 
( ) 
 2016 2018-19 
 
. .  
 
2016-17 2017-18 2018-19 
(
 
2018) 
 
1 
 
5,478.30 7,608.54 1,844.22 14,931.06 
2   1,116.03 1,062.72 144.56 2,323.30 
3  - 88.57 249.85 338.42 
4  142.88 523.05 2.50 668.43 
5    69.51 - - 69.51 
6  2,107.55 1,251.25 472.17 3,830.96 
7  1,812.40 2,885.03 133.97 4,831.40 
8  679.33 1,374.25 546.10 2,599.68 
9   69.01 2,046.37 5.88 2,121.26 
10  1,488.77 1,241.90 164.94 2,895.62 
11  2.55 445.50 1,539.52 1,987.58 
12  433.81 707.76 934.77 2,076.34 
13  - 1.25 227.43 228.68 
14  84.72 410.90 612.34 1,107.96 
15  38.77 -  38.77 
16  518.23 565.46 521.53 1,605.22 
17  1,534.16 774.25 406.57 2,714.98 
18   678.78 246.16 733.76 1,658.69 
  16,254.80 21,232.95 8,540.11 46,027.87 
******** 
48

,
12
21 , 2019
 
:  
12.  
 
( )   
; 
( )   
, ,  ; 
( )  / ;  
( ) ,  ? 
 
 
( ) 
 
( ):  (2018-19) 307000  
I 2018 
0.35 0.11 
II  
( ): 
 
( ) ( ): , , ( ) 
  ,  
 –III  
49

 . . . . 12 
-I 
 ‘000 ; ‘000  
 
  (
) 
 (
) 
 
307 917 
 
2076 
 
50

 . . . . 12 
-II 
 
 
 2018   2018  
 
 22511654 20512636 
 
 80848 24154 
 
 
51

. . . . 12 
III 
 
 
: 
 
. .    
 
I.  ( ) 
 
I.  1.00 / . 
 
 
 40 
 25 
, 
, 
 
 50  
II.   1.50 ./ . 
 
 
III.  0.40 ./ . 
II.    
 
I. /  
 
700 ./ .  4000 
 50%  
II. /  
 
610 ./ .  4000 
 50% 
III. /  
 
426 ./ .  4000 
 50% 
******** 
52

,
13
, 2019
 
:  
13.  
 
( )   
 ; 
( ) ,  ;  
( ) ,   ,  ? 
 
( )
 
( ( ): 2022  
 2022 
  
-  -
     
, , ,  
  
 : 
 
(i) 
; ; - ; ( , , ) 
; ;  , 
  
   
   
,  
 
(ii) ( )  , 
 100 
 , , , ,  , 
53

,    
 ,  ,  , 
,   
(iii)   
 (www.mkisan.gov.in)  
(iv) -
 
(v) ,  /  
   -
-     
(vi) 2    
 
 
 -  
 
(vii) ,  ,  
(  )  
, ,   
    
  
(viii) /
, - -  , 
  , 
,    
,   
  
(ix)  -
 
 
  713 
684   
, , - -   , 
,     
******** 
 
54

,
14
, 2019
:
. .
( )
;
( ) -
- ;
( ) -
( )
?
( )
( ( ‘‘ - 2014-15’’ ( 2014-
/ - - 2010-
2014- / -
-
( ) - 2014-15 ( ,
/ - 125.
( ): 7 ,
, ,
, ( -2007
55

-
–
( -2007
-
- - -
, /
(
2015- (
*****
56

I
21.06.2019 14 ( ) ( )
2014- / ( )
( )
/ 2014-15
9047
423
3364
6579
5558
197
12661
3656
812
1075
4343
12827
2266
17252
21099
390
1056
367
694
6784
4285
25511
97
8112
6877
272
1549
18939
5655
28
1
24
3
53
2
29
181886
57

II
21.06.2019 14 ( ) (
2010- 2014- / (
( ) 
/  2010-11 2011-12 2012-13 2013-14 2014-15 
13415 13434 13454 7536 7638
 253 254 254 261 261
2889 2891 2897 2906 2915
6179 6177 6169 6166 6167
 4949 4947 4928 4946 4948
144 144 144 144 144
  10681 10681 10681 10681 10681
 3640 3641 3616 3598 3608
601 604 604 604 604
 833 855 858 856 864
 2814 2782 2846 2829 2770
11722 11613 11615 11623 11615 
 2148 2117 2125 2122 2108
 15623 15660 15727 15772 15740 
 18772 18764 18762 18769 18744 
 348 365 309 377 383
342 345 346 346 347
 187 158 166 161 191
 417 429 430 431 434
5559 5391 5335 5372 5392
 4191 4179 4208 4200 4202
 19584 19511 19348 19671 19377 
84 84 84 84 84
5969 5953 5852 5829 5817
, 2014 5921 5777
 257 257 257 257 257
766 763 757 758 757
 17808 17796 17765 17681 17720 
5565 5597 5584 5583 5577
 17 17 17 17 17 
1 1 1 1 1
20 22 22 21 21 
 3 3 3 3 3
34 34 34 34 34 
2 2 2 2 2
 22 22 21 21 21 
 155840 155492 155223 155581 155221
: ,  
***** 
58

,
15
21 , 2019
 
15
( )   
  ; 
( ) ,  ; 
( )   
 ;  
( ) ‘  , 2001’,   , 
 ? 
 
( )
 
( ) ( )  
 , 2001 
 5 ( 2027)   
12 , 2019 5 ( 2027)  
   , 
  ,  
( ) ( )   , 2001   
    39 (iv)   
,  ,    
, , , , - ,   
  ,  
  
******* 
59

,
16
21 , 2019
 
16
( )  2015 ,  , 
  ; 
( )    
; 
( ) ,   ;  
( ) 2015  -
? 
 
( )
( ) 10.12.2015 
, , , 
  
( )  
,  - ,  
 
( ) 2018 ‘’ , ,
’’
 1151.80 . 
 
2018-19 ,  ,
 ( ) 
, ( ) 
, : 269.38 ., 137.84 . 148.60 
60

. 2019-20 , : 248.00 .,
175.00 . 97.54 . ,
( )
,  
 , ,
,
***** 
  
( ) 
2015-16 2016-17 2017-18 2018-19
  73.22 133.94 167.58 
 19.38 52.78 61.72
 28.60
61

,
17
21 , 2019
:  
17.  
   
( )  /  
 ; 
( ) , ;   
( ) ,  /  
? 
 
( )
( ( ,  
( ):  -    
: 
(i)  , 2007 ( -4 
4.2.2)   
     -  
  /
-    
  
(ii) ,   , 2013  
 -III  10 " " 
- -  ( 2) 
 -
    
********* 
62

 
 
,  
 
. 18 
21 , 2019  
:  
18.  
   
 
( )  ,  10 
; 
( ) ,   
  ; 
( )  ,  , 
;  
( )   ? 
 ( ) 
( )    
 
( )  ( ) , /   
  ( ) :  
( )  
   
 
 
( )     -
  
  ( ) 
  500  
  50%  (25,226 ) 
 1500 50% (75,680 
)  
  2016-17 
20,000  
  ( )   
( )  
****** 
63

,
19
, 2019
:
19
( )  
; 
( )   ; 
( )   
 ;  
( )  , ? 
 
( )
( )
( ) ( - ) 2015-16 2017-18 
   :  
( ) 
2015-16 251.54 
2016-17 275.11 
2017-18 285.01 
( ) ,
 ( ), 
( ), ( ), 
64

( ), ,  
/
/ , -
 
, ( ) , 
( ),   
:
  
, ,
( ) - /
 ,  
( ) ( ): , ( ) 2018-19 
3600.00/- 2019-20 
3800.00/-  , , 
- ( - ) 
2018-19 2954.69 ( ) 
2019-20 3500.00              
*****
65

 
 
,  
 
. 20 
21 , 2019  
:   
20.  
   
 
( )   -
; 
( )  ;  
( )   
? 
( ) 
( ):   ,  2014-15 
( )   
 
, , 
  2018-19 2019-20 ‘ , 
,  ( )  
’    
( ), 
( )  ( )  
( )  
  , , , 
- - I, II, III, IV V  
- VI   
  ( )  
( )  ( )  
  VII   
66

( ):    
'  ’, '
' ,   -
, 
  
  
2014-15 2018-19    
 58303 , 40033  , 
962528 13899  
 2018-19 18555 -  ,  22525 
, 32831 7444 
   
( ):   
     - 
(i)  -  ( ) 
(ii)  - ( ) 
(iii) ( ) 
(iv)   ( )  
(v) ( ) 
(vi) ( ) 
(vii) ( ) 
(viii) ( )
(ix) -  ( - ) 
 
 
/ ;  / /
 ;   ; 
; , , 
; 
-  ;  ; "
" , 
;  ;  
,    
 
 
67

. . . . . . 20 
:  
 
( )  -  
. .  2014-15 2018-19 -
/ ( . ) 
1. 34973
2.  1274 
3. 1670
4. 4801 
5.  6919
6. 3666 
7.  11866
8. 3306 
9. 1779 
10. 1237 
11.  23402
12. 2353 
13. 15344
14. 23092
15. 3547 
16.  376
17. 1309 
18.  6476 
19. 18777
20. 10268
21. 5311 
22. 566
23. 26471
24.  3366
25.  6163 
26. 15625
27. 7270 
28. 3688 
244895
 
 
68

. . . . . . 20
: II 
‘ , , 
 ’ 
( ) -   
. . -  2018-19  2019-20 
  ( . ) 
1 31084
2  
51738
3
24555
107377
 
 
 
69

. . . . . . 20
: III 
2016-17 2018-19 
        
. . - 2016-17 2018-19
( . )
1  16.8
2  1449.56
3 23.55
4 438 
5 8.53
6  1784.19
7  359.51
8  20.67
9  1512.15
10 1357.77
11 1552.23
12  3276.32
13 701.35 
14  640.98 
15 89.48
16  1052.55
17  535.85 
18 392.07 
19 321 
20  374.5
21 1408 
22  213.8
23  5.42
24  512 
25  354.9
26  243.75 
27  2033.25
28  734.67 
29  2154.55
30 869.1
  24436.5
 
70

. . . . . . 20
:IV 
2015-16 2018-19  
 
. .  - 2015-16 2018-19
( . )
1 3320.477 
2  134.200
3  7871.220 
4 4083.965
5  6085.803 
6 6.500
7  1092.244 
8 888.331
9  603.296
10 443.628
11 1422.295 
12  5973.054 
13  41.700 
14 12595.658
15 8706.364 
16  438.470
17  92.136 
18 25.950 
19  483.186
20 3159.594 
21  1378.112
22 5872.826
23 76.654 
24 2149.274 
25 1370.043 
26 336.276
27 13547.920
28 709.444
29 2413.742 
 85322.362
71

. . . . . . 20 
: V
(2016-17 2018-19) -
. . - 2016-17 2018-19 ( . )
1  164.3
2 27.72
3  1031.26
4 0
5 839.92
6 4576.82 
7 42.76
8  604.34 
9 243.96 
10 1204 
11 7451.46 
12  7400.36 
13  79
14 22
15  5.04 
16  83
17 26.2 
18 1800 
19 7.2 
20  485.1
21 300 
22 2718.72 
23 45.66
24 3470 
25 32628.82
72

. . . . . . 20 
 : VI 
 2014-15 2018-19   
. . 
 
  ( ) 
1 
 
2014-15 22 28.09
2015-16 10 34.23
2016-17 6 50.35
2017-18 2 155.08
2018-19 1 60.52
2 
 
 
2014-15 2 4.40
2016-17 2 1.85 
2018-19 4 5.05
3 
 
2014-15 7 62.50
2015-16 1 27.37
2016-17 1 26.25
2017-18 1 39.56
2018-19 1 17.52
4 2014-15 2 31.75
5 
 
 
2015-16 1 9.20 
2017-18 1 0.80 
2018-19 1 0.80 
6 2017-18 1 26.36
7  2014-15 1 281.04 
8  
2014-15 2 22.75
2016-17 1 20.86
2017-18 3 69.92
9  
2015-16 1 1.75 
2016-17 1 3.00 
2017-18 1 1.50 
2018-19 1 1.60
10 2014-15 9 3.58 
11 2015-16 2 10.62
12 
 
 
2014-15 3 72.68
2015-16 3 146.05 
2016-17 1 65.00
2017-18 3 2.16 
2018-19 1 19.10
13  
2014-15 1 4.00 
2016-17 1 3.00 
2017-18 1 6.19 
14 
 
 
2014-15 11 100.08 
2015-16 12 138.24 
2016-17 8 110.15 
2017-18 7 126.10 
2018-19 7 70.00
....
73

-vi ( )
15  
2016-17 4 333.00 
2017-18 2 115.00
2018-19 2 300.00 
16 2014-15 3 0.94
17  
2014-15 1 0.30 
2015-16 1 2.17
2016-17 1 1.12 
2018-19 1 0.99
18
2014-15 9 9.13 
2015-16 2 0.37 
19 
 
 
2014-15 3 11.00
2015-16 1 1.00 
2016-17 3 6.00
2017-18 3 6.25 
20 
 
2014-15 1 24.95
2015-16 1 1.81 
2016-17 3 49.59
2017-18 2 59.12
2018-19 3 36.30
2019-20 2 62.11
21  2014-15 2 43.72
22 2014-15 1 0.87 
23 
 
2014-15 6 57.68
2015-16 7 60.36
2016-17 2 88.16
2017-18 7 61.64
2018-19 4 42.60
24 
 
2014-15 16 53.03
2015-16 2 49.01
2016-17 7 80.00
2017-18 13 85.00
2018-19 6 129.30 
25 2014-15 2 4.77 
26
 
2014-15 2 55.95
2015-16 4 118.82 
2016-17 5 104.07
2017-18 2 15.43
2018-19 3 23.68
27 
2014-15 2 29.22
2015-16 1 2.31 
28 
2014-15 2 59.25
2015-16 4 40.00
2016-17 2 40.40
2017-18 3 29.70
2018-19 3 54.25
  303 4211.41 
 
 
 
74

. . . . . . 20
: VII
2014-15 2018-19 
 -
. . (2014-15  2018-19) 
( . ) 
1 107.5
2 108.65 
3 104.884
4 340.7
5 133.55
6  243.96
7  58.25
8  241.8
9 642.07 
10 152.303
11  13108.79 
12  1106.401 
13 27.989 
14  527.85 
15 1049.625 
16  606.89 
17 348.651
18  1026.109 
19  643.55 
20 343.685
21 235.13 
22  197.915
23  21356.25 
********* 
 
75

,
21
, 2019
21
( )
;
( ) - -
( ) ?
 
( )
( )
( ) ( ): 2015-16 2017-18
2017-18 285.01
2018- ( ), 283.37
( 2013-14 2017-18
17.
2015-16 2018-19
, ,
, , ,
 
( ,
( ),
( ), ( ),
76

( ), ,
/
/ , -
,
( ,
( ),
:
, ,
( /
, ,
77

21 ( (
2015- 2018- -
( )
2015-
16
2016-
17
2017-
18
2018-
19*
2015
-16
2016
-17
2017
-18
2018-
19*
2015
-16
2016
-17
2017
-18
2018-
19*
2015
-16
2016
-17
2017
-18
2018-
19*
2015-
16
2016-
17
2017-
18
2018-
19*
7488.
7
7452.
4
8166.
2
8106.
0
0.0 0.0 0.0
1916
.0
1982
.0
2776
.1
2096.
3
1229
.0
931.
0
1217
.4
1003.
2
1063
3.7
1036
5.4
12159
.8
11205
.6
204.0 220.0 233.3 # 7.7 7.7 7.7 #
102.
8
102.
5
104.
5
# 13.0 13.1 13.5 # 327.5 343.3 359.1 #
5125.
1
4727.
4
5283.
7
5135.
4
34.3 23.5 24.7 27.8 91.6 94.1
101.
8
94.9
107.
6
107.
5
115.
8
118.9
5358.
6
4952.
5
5525.
9
5377.
0
6802.
2
8239.
3
8093.
1
6042.
6
4736
.4
5110
.8
6104
.3
6020.
6
2548
.6
2719
.1
2385
.2
2140.
7
420.
7
461.
7
454.
2
442.1
1450
7.9
1653
0.8
17036
.9
14646
.1
5789.
4
8048.
4
4930.
8
6526.
9
137.
4
159.
5
130.
7
142.3
215.
5
357.
5
347.
2
304.0
511.
9
758.
7
550.
0
580.1
6654.
3
9324.
1
5958.
7
7553.
2
115.1 113.2 103.0 # # 0.0 0.0 0.0 # 0.3 5.9 4.8 # 115.3 119.1 107.8 #
1702.
0
1930.
0
1890.
9
1908.
3
2484
.0
2737
.0
3069
.0
2769.
2
1549
.7
1937
.0
1782
.2
1718.
2
543.
6
818.
0
922.
6
646.7
6279.
3
7422.
0
7664.
7
7042.
4
4145.
0
4453.
0
4523.
4
4516.
1
1135
2.0
1154
6.8
1076
5.3
11653
.9
796.
0
1087
.0
833.
8
973.2 65.7 75.9 69.4 69.5
1635
8.7
1716
2.7
16191
.8
17212
.7
129.9 146.6 114.8 114.6
667.
6
704.
2
565.
7
564.5
777.
0
826.
4
750.
3
749.6 40.5 63.3 57.5 57.3
1615.
0
1740.
6
1488.
3
1485.
9
646.4 572.2 513.1 645.1
541.
5
475.
5
487.
4
504.0
535.
4
561.
0
559.
9
539.6 9.3 10.3 10.6 14.0
1732.
6
1618.
9
1571.
1
1702.
7
2882.
2
3841.
8
4078.
0
2913.
7
287.
3
425.
2
468.
7
303.0
395.
5
590.
8
617.
9
502.0
527.
0
806.
5
836.
7
730.2
4092.
1
5664.
4
6001.
3
4448.
8
3021.
0
2604.
8
3017.
1
3112.
5
156.
0
171.
0
230.
2
172.9
5608
.2
5281
.0
6592
.6
5637.
3
1138
.8
1737
.9
1951
.2
1740.
5
9924.
0
9794.
7
11791
.2
10663
.2
549.3 437.1 521.3 577.2 0.0 0.3 0.2 0.4 0.6 4.3 1.7 2.0 2.2 553.8 439.0 523.8 580.0
78

3546.
7
4226.
8
4123.
9
4497.
1
1768
8.7
1793
9.3
1591
0.8
17349
.4
3848
.8
4766
.9
5304
.1
6279.
8
5302
.5
6291
.3
8111
.6
7811.
4
3038
6.6
3322
4.4
33450
.4
35937
.7
2593.
0
3109.
5
2730.
8
3510.
0
981.
0
1875
.1
1696
.8
725.5
3635
.7
6579
.0
5471
.3
3139.
2
1544
.7
3768
.1
3347
.8
2075.
9
8754.
4
1533
1.6
13246
.7
9450.
5
338.8 430.4 607.8 # 5.6 5.6 5.6 # 61.6 58.8 63.1 # 29.8 30.3 30.0 # 435.7 525.1 706.5 #
301.1 203.0 304.6 # 0.9 0.9 0.9 # 44.0 44.4 44.4 # 11.7 11.8 11.9 # 357.7 260.1 361.8 #
62.1 61.5 59.6 # # 10.3 8.9 9.5 # 5.0 4.8 5.1 # 77.4 75.2 74.2 #
318.8 336.7 349.6 # 6.0 6.2 6.3 #
148.
0
149.
5
150.
3
# 43.1 44.5 46.1 # 515.8 536.9 552.3 #
5875.
4
8325.
9
6551.
3
7238.
4
0.5 0.1 0.2 0.1
157.
2
256.
2
170.
2
170.5
375.
1
479.
1
429.
6
419.9
6408.
1
9061.
3
7151.
3
7828.
9
11823
.0
11586
.2
13381
.8
12833
.0
1607
7.0
1644
0.5
1783
0.4
17779
.7
457.
3
477.
2
453.
2
429.7 43.5 33.0 26.5 25.2
2840
0.8
2853
6.9
31691
.9
31067
.5
369.8 452.7 450.9 453.2
9871
.0
8985
.3
9368
.5
9601.
9
5808
.9
6734
.5
6732
.2
6981.
0
1990
.2
3181
.2
3405
.4
3466.
0
1803
9.9
1935
3.6
19957
.0
20502
.1
13.1 19.7 17.6 # 0.4 0.3 0.2 # 75.3 75.9 71.0 # 5.4 5.5 5.1 # 94.1 101.3 93.9 #
7517.
1
2369.
4
6638.
9
6119.
3
0.0 0.0 0.0
3406
.6
1345
.2
3518
.4
3397.
7
554.
8
427.
1
556.
3
623.7
1147
8.5
4141.
6
10713
.6
10140
.7
3047.
0
5173.
4
6262.
2
6485.
1
8.5 7.0 5.6 6.4
1834
.0
2768
.2
2639
.3
2140.
3
239.
6
536.
0
514.
0
403.5
5129.
0
8484.
6
9421.
1
9035.
3
794.8 814.6 812.1 # 0.4 0.5 0.4 # 12.2 21.3 23.6 # 10.9 23.2 19.3 # 818.3 859.6 855.3 #
12501
.0
13754
.0
13274
.0
15535
.8
2542
5.2
3005
6.0
3187
9.1
32206
.2
3460
.0
3909
.0
4016
.8
4002.
4
1164
.6
2184
.4
2200
.0
2314.
1
4255
0.8
4990
3.4
51369
.9
54058
.5
639.1 630.0 646.7 603.4
772.
4
882.
0
915.
4
876.4
282.
8
308.
0
286.
9
248.4 51.6 53.0 54.2 53.0
1746.
0
1873.
0
1903.
2
1781.
2
15953
.9
15302
.5
14967
.0
16115
.2
960.
0
862.
7
312.
0
386.0
732.
7
721.
6
1154
.7
1324.
7
334.
0
259.
5
443.
8
488.5
1798
0.6
1714
6.3
16877
.5
18314
.3
13.4 12.6 16.8 # # 0.4 0.2 0.0 # 0.9 0.5 0.2 # 14.7 13.3 17.0 #
0.0 0.0 0.0 # 0.3 0.3 0.3 # # # 0.3 0.3 0.3 #
36.8 31.7 31.7 # 0.1 0.1 0.1 # 1.6 1.5 1.5 # 2.6 5.7 2.5 # 41.1 38.9 35.7 #
79

17.3 17.3 16.8 # 85.6 87.2 83.4 # 7.7 6.7 6.6 # 1.2 0.1 0.0 # 111.7 111.2 106.9 #
2.0 2.0 2.2 # # 0.6 0.5 0.6 # 0.0 0.0 0.0 # 2.6 2.5 2.8 #
43.9 52.2 42.5 # # 0.0 0.1 0.4 # 0.8 0.6 1.2 # 44.7 52.8 44.1 #
2637.
7
110.5 457.9 131.6
3337.
7
10440
8.2
10969
8.4
11275
7.6
11562
6.6
9228
7.5
9851
0.2
9986
9.5
10120
0.1
3852
2.3
4377
2.1
4697
0.2
43327
.9
1632
3.5
2313
0.9
2541
6.2
23217
.4
####
###
####
###
28501
3.5
28337
2.0
*****
80

 
     
 
,  
 
. 22 
21 , 2019  
:    
22.  
   
( )  - - ; 
( ) , ,  ; 
( )  7,000  
; 
( ) ,  ;   
( )  ?  
 
( ) 
( ) /
2 4 
130 
/ -  
( ) 3 
2018-19 7758 
70  
   
 
( )   
( ) , , 
 3  
, , 4 
 
( .) 
15-20  
 
81

22 
 
 - : 
  
-    
  
1  : 
    ,  
    ,  
    , ,    
  = 03 
2  , ,  
    , ,  
    , ,  
    , ,  
  = 04 
3  ,  
    ,  
    , ,  
    , ,  
  = 04 
4  , ,    
    , ,  
  = 02 
5  ,  
    ,  
    ,  
    ,  
    ,  
    ,  
    ,  
    ,  
    ,  
    ,  
    ,  
    ,  
    ,  
    ,  
    ,  
    ,  
    ,  
    ,  
    ,  
    ,  
    ,  
    ,  
    ,  
    ,  
    ,  
    ,  
    ,  
    ,  
    ,  
    ,  
......
82

22 
( ) 
    ,  
    ,     
     , ,  
  = 33 
      
   6   ,  
  = 01 
7   , ,  
    ,  
    ,  
    ,  
 
  
 
  
    ,  
    ,  
     ,  
    ,  
  = 08 
8  ,  
  = 01 
9  , ,  
    , ,  
    , ,  
    ,  
    , ,   
    , ,   
  = 06 
10  ,  
  = 01 
11   ,  
  = 01 
12  ,  
  = 01 
13  , ,  
  = 01 
14   ,  
    ,  
    ,  
     , ,  
     , ,  
     , ,  
    , ,  
    , ,  
  = 08 
15   ,  
    ,  
  = 02 
16   , ,  
    , ,  
    , ,  
    , ,  
    , ,  
.....
83

22 
 ( ) 
    , ,  
    , ,  
    , ,  
    , ,  
    , ,  
    , ,  
    , ,  
    , ,  
  = 13 
17  ,  
    ,  
  = 0 2 
 
  
 
  
18  , ,    
    , ,    
    , ,   
    ,   
    ,  
    ,  
    ,  
    , ,  
  = 08 
19  ,  
    ,  
    ,  
    ,  
    ,  
  = 05 
20  , ,  
    , ,  
    , ,  
    , ,  
  = 04 
21  ,  
    ,  
    ,  
    ,  
    ,  
    ,  
    ,  
  = 07 
22  ,  
  = 01 
23  , ,  
    , ,  
    , ,  
    , ,  
    ,  ,  
  = 05 
....
84

22 
( ) 
24  ,  
    ,  
    ,  
  = 03 
   
1  ( ),  
2  - ( ), , 
 
3  ( ), ( )   
4  ( ), ( )   
  = 04 
 
1  - ( ), 
  
2  , , ( . ) 
  = 02 
  = 130 
 
**** 
85

,
23
, 2019
 
( )  ( - )  
 ; 
( )  , ,  
; 
( ) -   , 
,  ;  
( )  ,  ? 
( )
( ( - )  
- -  
  2 
-  6000 
      -
 2 
 
( ) , -
  -  
   
( ) ,    
  ( ), 
( ), ( )   
/ ,  /  
  ,    
( ) 2019-20 75,000   
, 2019-20    
87,217.50   217.50        
****  
  
86

,
24
, 2019  
:  
24.  
 
 
( )   
; 
( ) ,  ;  
( ) , ;   ,  ?        
( )
( (  
-    
-  
01.12.2018 ( - )    
 -
 2 -
 2000  4- 6000  
, -
    
      
 ,  ( ) 
  ,   
 
 
 60 3000 
 ; 
 18 40 , ( ) 
 , 
29 100 
 , 100               
*****  
 
87

,
25
21 , 2019
  
25  
   
 
(    
, -   
;  
(   , , 
 
, ,  , 
? 
 
( ) 
( ) ( -
-
2018-
-
15. 14.
( )  
 
 
 
88

25
2018-19
  
 2018-19 
1  9060622 
2  115261 
3 2752922 
4 17080379 
5 4145911
6 59625 
7  5566106 
8  1644072 
9 1021356 
10  1436069 
11 2759963 
12  9088868 
13 7848898 
14 10805149 
15 15100885 
16  151237 
17  243368 
18 90239 
19  207591 
20 5057212 
21 1126501 
22 8211322 
23  66278 
24 7902531 
25 6322237 
26 578471
27 24370682 
28 874070 
29 7356557 
30 12126 
31  689 
32  15337 
33  8321 
34  19857 
35 10522 
36  34764 
 151146000 
*******
89

,
26
21 , 2019
 
26
( )  , 
;  
( )   2022 
 - ? 
( )
 
( )  , 
/ , 
 
-   
  – ( ) ; 
( ); ( ); ( -
);  ( ); - ( - ); 
( ); ( ); ( ); 
( ); ( ); 
( )  
, -
 
( - )   
2000 .   6000 . 
 14.5 
 
90

( ) 2022 
, 
  
, ; ,  
; ;  ;  
 ; -   
  -
 ,  
,  
  , 
- , , 
( )-‘’  ’’ , 
( )  , 3 
. 5 (3 ) 
, 4  
  ( ) 
 -  
 1½  
2018-19  
 
, ( )  
, 60 
3000 .   
 18 40 2022 
10774.50 . 
  23.01.2019 
   
******* 
91

,
27
21 , 2019
:    
27.  
   
(
;
(
-
(
?
 
( ) 
 
( ) ( ): ,
( ( )
(
/
2018-
25-
-
******
92

,
28
21 , 2019
:    
28.  
    
(
(
- -
(
?
 
 
  (  ) 
 
( ( ( -
/
-
/
, 3,29,52,568
2,85,73,
/
( -
2
93

 
. . . . 28 
  
(
) 
  
( ) ( ) ( ) 
 
( ) ( ) 
 10,004 20,008,000   0 
 3,443,116 6,886,232,000 3,126,852 6,253,704,000 
 0 0   0 
 1,119,983 2,239,966,000 762,427 1,524,854,000 
 231,873 463,746,000 219,136 438,272,000 
 13 26,000   0 
 111,898 223,796,000 87,632 175,264,000 
 5,322 10,644,000   0 
 2,119 4,238,000   0 
 0 0   0 
 2,385 4,770,000   0 
 2,832,333 5,664,666,000 2,821,569 5,643,138,000 
 942,052 1,884,104,000 935,929 1,871,858,000 
 474,763 949,526,000 438,256 876,512,000 
 497,204 994,408,000 459,593 919,186,000 
 470,307 940,614,000   0 
 307,935 615,870,000 231,847 463,694,000 
 935,786 1,871,572,000 931,661 1,863,322,000 
 0 0   0 
 9,304 18,608,000   0 
 2,129,137 4,258,274,000 1,324,089 2,648,178,000 
 7,276 14,552,000   0 
 0 0   0 
 24,410 48,820,000 11,931 23,862,000 
 30,831 61,662,000 30,459 60,918,000 
 962,115 1,924,230,000 799,293 1,598,586,000 
 4,200 8,400,000   0 
 1,275,440 2,550,880,000 1,144,648 2,289,296,000 
 1,375,566 2,751,132,000   0 
   0   0 
 2,148,504 4,297,008,000 2,063,192 4,126,384,000 
 1,881,602 3,763,204,000 1,858,210 3,716,420,000 
 151,095 302,190,000 151,064 302,128,000 
 11,169,349 22,338,698,000 10,848,667 21,697,334,000 
 396,646 793,292,000 327,434 654,868,000 
 0 0 0 0 
 32,952,568 65,905,136,000 28,573,889 57,147,778,000 
******
94

,
29
21 , 2019
:   
29.   
   
  
( -
- ;
( -
- - ;
(
(
- - ?
 
 (  ) 
 
( ): 2014- /
- I
( ):
( 2015-
(
2016- (
(
- -
(
(
:-
95

1 ;
2
3
2016- 2380.20
13.
(
- II  
( ): ;
(
2013-
(
2014- "
"
( 2014- 2018-
- III
2014-15
( )
/
/
" ‘’
’’
( ): /
2014- 2018-19 ,
- 
IV
 
 
96

-I 
. . 29 
  /     
 2014-15 ( / )   
 
. . ( )
2014-15 2015-16 2016-17 2017-18 2018-19
. . . . .
1. 7 10 8
2. - 25 - -
3. - - - - 11
4. 21 - - - -
5. - 24 - -
6. - - 14 - -
7. 9 -
8. - 42 - -
9. 26 21 - -
10. - 26 - - -
11. - 19 13
12. - - 32 - -
13. - 7 - - -
14. - 8 - - -
15. 44 50 - -
16. - - 2 - -
107 259 99 62 103
 
           
 
 
 
 
 
 
       
 
 
 
97

 
 II 
. . 29 
2014-15 2018-19   -
 
 
 
.             
 
.   2014-15 2015-16 2016-17* 2017-18 2018-19 
1 2 3 4 5 6 
1   0.00  0.000  0.0000  0.0000  69.1800  
2   1.50  8.310  0.0000  0.0000  0.0000  
3     0.00  24.319  0.0000  0.0000  3.5500  
4     38.82  7.752  12.6433  8.7600  14.4200  
5   0.00  0.000  0.0000  11.7800  9.9300  
6     0.00  0.000  0.0000  0.0000  0.0000  
7     0.00  354.718  681.6387  690.4760  347.0400  
8     18.59  77.389  0.0000  0.0000  0.0000  
9     0.00  1.674  0.0000  0.0000  0.0000  
10     15.31  27.673  0.0000  0.0000  1.7000  
11   0.00  0.000  0.0000  0.0000  0.0000  
12     22.62  61.095  31.4200  15.2400  13.4900  
13     0.00  1.925  0.0000  0.0000  0.0000  
14     29.27  104.309  77.7470  102.7850  70.9100  
15     0.00  4.781  15.1740  32.8260  25.7900  
16     0.00  27.919  0.0000  0.0000  0.0000  
17     0.00  0.000  0.0000  0.0000  0.0000  
18   0.00  0.000  0.0000  0.0000  0.0000  
19   0.00  0.000  0.0000  0.0000  0.0000  
20     0.00  57.951  35.2750  58.5677  3.6500  
21   38.87  155.921  0.0000  0.0000  0.0000  
22     2.47  113.220  0.0000  2.4790  7.4300  
23   0.00  0.000  0.0000  0.0000  0.0000  
24    3.49  29.271  0.0000  0.0000  0.0000  
25   0.00  0.000  0.0000  10.2200  26.1200  
26     0.00  0.000  0.0000  0.0000  0.0000  
27     29.05  76.934  0.0000  0.0000  0.0000  
28   0.00  0.000  0.0000  0.0000  0.0000  
29     0.00  7.552  0.0000  0.0000  0.0000  
    : 199.99  1142.71  853.90  933.13  593.21  
* 2016-17 99
;
98

  -III 
. . 29 
 
 (2014-15) -  (2015-16 2018-19) 
  
        
. ..  2014-15 2015-16 2016-17 2017-18 2018-19 
1  121.48 206.47 308.69 517.1 520.0 
2  35 28.6 21.6 12.5 27.9 
3  10 20.3 44.8 55 43.4 
4  0.2 0.3 0.8 0 1.2 
5  140.68 213.05 274 300 272.5 
6  23 34.97 27 14.01 27.4 
7  1.5 7.6 8.5 19.25 26.0 
8  15 14.97 30.7 25 10.0 
9  0 4.87 5.4 3 7.8 
10  124.25 213.12 229 385 372.0 
11  3.75 8.53 0 25 4.0 
12  66.5 161.74 121.1 150 132.6 
13  177.5 107.26 305.7 362.5 360.0 
14  10.14 28.7 39.7 48 58.0 
15  0 43 1.18 0 9.0 
16  75 142.84 129 107.5 168.5 
17  56.63 129.78 143.5 369.55 355.0 
18  77.57 111.32 189 257 122.0 
19  6.97 9.6 15 27.2 43.0 
20  3 37.51 41.4 55 87.9 
21  0 4.8 19.9 31 40.0 
22  0 2.6 2 8.3 12.5 
23  1 5.03 11 3 30.0 
24  2.72 2.76 3.6 7.5 40.0 
25  0 1.43 0 3.3 12.0 
26  4.5 3.27 8.1 12.3 27.8 
27  0 2.34 4.5 11.8 35.0 
28  4.26 4.86 5.4 4 55.2 
29  2 1.55 0 3.75 15.0 
30   2.23 0 0.5 0.0 
31  0.9 1.33 0.67 1.43 2.7 
  963.55 1556.73 1991.24 2819.49 2918.37 
 
 2019- ( . .)
99

-IV 
. . 29 
 
 2014-15 2018-19      
 
                                                                            ( ) 
. .    
 
 
 
2014-15  
1. 4829.25 168.87
2. 779.20 200.85
3. 4819.49 777.34
4. 6013.28 1962.99
5. 1532.00 237.51
 :  17973.22 3347.56 
 
 2015-2016   
1.
-
3830.84
1417.14
1540.20
723.23
2. 6093.79 1276.25
3. 5114.53 2032.68
4. -
-
6020.36
2251.66
3638.83
679.54
5. 2344.99 815.00
6. 2601.17 791.21
7.
-
2057.79
1888.35
1304.52
622.76
8. 2000.56 433.77
9. 2142.78 336.94
10. 10537.02 1193.41
11. - 91.97 70.22
 :  48392.95 15458.56 
 2016-2017  
1. ( )
)
4702.54
3310.83
1782.44
795.544
2. ( ) 2513.97 518.93
3. ( ) 1019.90 112.05
4. ( ) 39565.00 1748.28
100

5. ( ) 3660.97 588.34
6. ) 150.52 17.70
   54923.73 5563.28        
 
 
 
  2017-18                                                                                                                
1.  ( ) 4401.00 
 
395.91 
2.  ( ) 3705.95 836.09 
3.  ( ) 3078.26 526.14  
 
4.   ( ) 679.19 113.14  
 
5.   ( ) 678.98 157.23 
                           12543.38 2028.51 
 
 
 
 
 
 
 
 
 
 
 
 
 
 
* 
-
  
 
******
 2018-19                                                                                                                  
1.  ( ) 1466.91 900.40 
2.  ( ) 2434.00 949.49 
3.  ( ) 7902.77 4714.28 
4.  ( ) 2819.58 1206.62 
5.  ( ) 4547.85 127.60 
6.  ( ) 1535.29 272.42 
7.   ( ) 2064.30 * 
                           22770.70 8170.81 
101

30
2019
:
30
( ) -
, - ;
( )
;
( )
, ;
( )
( ) ?
( )
( ), ( ( /
(
(
, , , , , , ,
, , , , , , ;
, , , ( ), /
/
:
102

, , , - -
- , :,
-
, /
, (
( ( ):
, ,
,
(
103

,
, - ( - ,
( , 2017
(
22,000
( ; -
‘ -
)’ /
( ), (
(
*****
104

 
 
,  
 
31 
21 , 2019  
: 
31.  
 
( -  
; 
( , , 
;
(
;  
( , ?
 
( ) 
( ): ( '
' (
2013, 2014 201
, ' ' '
' /
/ , 
( ):
,
:
i) 
ii) 
105

iii) 
 
 
( ) ( ): -
:
, , 
 
 
2022
23.01.
 
-
,
,
,
- ,
, -
,
, 150
2018-
( , 5
(3
4
,
-
106

( -
3
14.
 
,
60
3000
107

/ -   
2013 2014 2015
 
/   
 
2 3
 
2+3
 
4 5 4+5
1 2014 160 472 632 516 400 916
2 37 0 3 3 7 3 10 
3  305 21 38 59 84 54 138
4 127 0 10 10 0 7 7
5 0 443 312 755 854 100 954
6 1 0 0 0 0 0 0
7 582 45 555 600 57 244 301
8 374 14 105 119 28 134 162
9  33 32 31 63 0 46 46 
10  18 12 25 37 0 21 21 
11  142 0 4 4 0 21 21 
12 1403 321 447 768 1197 372 1569 
13  972 107 700 807 3 207 210
14  1090 826 372 1198 581 709 1290 
15  3146 2568 1436 4004 3030 1261 4291 
16  1 0 0 0 1 0 1
17 5 0 2 2 2 1 3
18  6 0 5 5 0 1 1
19  2 0 0 0 0 0 0
20 150 5 97 102 23 27 50 
21  83 24 40 64 100 24 124
22 292 0 373 373 3 73 76
23 35 35 0 35 15 3 18 
24 105 68 827 895 2 604 606
25  NA 898 449 1347 1358 42 1400 
26  56 0 32 32 1 48 49 
27  750 63 129 192 145 179 324
28 15 0 0 0 0 2 2
29 0 0 230 230 0 0 0
30  5 8 0 8 0 0 0 
31 0 0 0 0 0 0 0 
32 15 0 0 0 0 0 0 
33  0 0 0 0 0 0 0 
34 ( ) 8 0 0 0 0 0 0 
35 0 0 0 0 0 0 0 
36  0 0 16 16 0 12 12 
 ( ) 11772 5650 6710 12360 8007 4595 12602 
: ,  
****
108

,
32
21 , 2019
: -  
32.  
    
( /
;
( - -
;
(
( ?
 
 
( ) 
( (
, , ,
,
2020,
(
(
109

- ,
, ( )
( ) , ,
, , , , ( ),
( (
/ , ,
( (
50
/
, 1.5
/ /
, ,
- (
), - ( ),
(
******
110

,
33
21 , 2019
:   
 
33.   
  
 
   
(
;
(
( / ,
?
 
( ) 
 
( )  ( ): ,
-I
( ): 
/
 
 
 
 
 
 
 
 
 
111

-I 
. . . . 33 
. .   
1.   
2.  -  
3.  -  
4.  /  
5.   
6.   
7.  /  
8.   
9.   
10.   
11.   
12.   
13.   
14.   
15.  ( ) 
16.   
17.  -  
18.   
19.  -  
20.  /  
21.  - - -  
22.  -  
23.  -  
24.   
25.  -  
26.   
27.   
28.   
29.   
 
*****
112

,
34
21 , 2019
:   
34.   
  
  
(
, - -
;
(
;
(
( -
- ?
 
(  ) 
( ) ( ): (
: 
/ :
 
 
 ,  
/
(
: 
 
 ( ) - ( ) 
--------------------------------------------------              X  
            ( ) 
 
7 5
 
 , , , , 
, /
 
 
(
.
113

 
. . . 34 
( ) 
 
 (  ) 
2016-17 2017-18 f 2018* 
/   
  
 
 
  
 
 
  
 
 
            0.15  
           
0.15  
           
0.15                 -                  -                  -                  -                -                -   
 
      932.31  
      
932.31  
      
932.31  
      
637.22  
      
637.22  
      
637.18  
   
1,015.08  
    
861.92  
    
579.44  
 
           5.15  
           
5.15  
           
5.15  
           
1.11  
           
1.11  
           
0.87                 -                -                -   
 
      347.89  
      
347.89  
      
347.89  
      
421.95  
      
396.95  
      
374.54                 -                -                -   
 
      160.07  
      
160.07  
      
160.07  
   
1,385.28  
   
1,385.28  
   
1,384.81  
      
898.53  
    
867.90  
    
863.99  
 
           0.03  
           
0.03  
    
0.03  
           
0.00  
           
0.00  
           
0.00                 -                -                -   
 
   1,267.20  
   
1,267.20  
   
1,267.20  
   
1,057.18  
   
1,057.18  
   
1,056.89  
   
2,183.22  
 
2,183.2
2  
 
2,159.4
9  
 
      296.20  
      
296.20  
      
296.20  
      
895.61  
      
895.61  
      
895.46  
      
707.02  
    
694.02  
    
704.10  
 
         45.46  
         
45.46  
         
45.37  
         
64.54  
         
64.54  
         
64.54  
           
8.50  
         
8.50  
         
7.19  
 
               -                  -                  -   
           
9.80  
           
9.80  
           
9.80  
           
1.93  
         
1.93  
         
1.92  
 
         31.17  
         
31.17  
         
31.17  
      
45.76  
         
45.43  
         
45.42  
           
0.00  
         
0.00  
         
0.00  
 
   1,810.69  
   
1,724.96  
   
1,724.69  
      
856.64  
      
850.53  
      
850.53  
      
679.28  
       
28.88  
       
28.88  
 
         44.55  
         
44.55  
         
44.55  
         
11.02  
         
11.02  
         
11.02  
         
11.14  
         
8.14  
         
8.14  
 
   2,021.66  
   
2,021.66  
   
2,020.37  
   
5,839.92  
   
5,773.10  
   
5,742.44  
      
656.23  
       
56.11               -   
 
   2,314.71  
   
2,314.71  
   
2,314.71  
   
3,661.07  
   
3,656.87  
   
3,656.11  
   
4,235.51  
 
3,084.1
8  
 
2,922.9
5  
 
           1.96  
           
1.96  
           
1.96  
           
0.67  
           
0.67  
           
0.67                 -                -                -   
 
           0.03  
           
0.03  
           
0.03  
           
0.02  
           
0.02  
           
0.02  
           
0.01               -                -   
                -                  -                  -                  -                  -                  -                  -                -                -   
 
      432.16  
      
432.16  
      
432.16  
   
1,775.23  
   
1,775.23  
   
1,775.23  
      
750.01  
    
293.37  
    
293.37  
 
           7.57  
           
7.57  
           
7.57                 -                  -                  -                  -                -                -   
 
   1,914.64  
   
1,914.64  
   
1,914.64  
   
2,081.87  
   
1,888.19  
   
1,800.16  
   
1,386.41  
    
861.16  
    
474.17  
 
           0.11  
           
0.11  
           
0.11                 -                  -                  -   
           
0.01               -                -   
 
   3,500.44  
   
3,500.44  
   
3,499.66  
   
1,740.28  
   
1,739.83  
   
1,664.90  
         
45.00  
       
10.18  
         
7.68  
 
      178.33  
      
178.33  
      
178.33  
      
610.94  
      
605.01  
      
598.04  
      
346.21  
         
2.21               -   
 
           0.71  
           
0.71  
           
0.71  
           
0.96  
           
0.96  
           
0.96                 -                -                -   
 
      582.07  
      
582.03  
      
582.07  
      
380.31  
      
380.31  
      
380.08  
      
414.60  
   
408.79  
    
408.45  
 
         27.47  
         
27.47  
         
27.47  
         
39.44  
         
39.44  
         
39.44  
         
47.53  
       
47.53  
       
47.53  
 
      421.71  
      
421.49  
      
420.25  
      
260.31  
      
254.33  
      
243.86  
         
85.23  
       
54.96  
       
32.80  
  
 16,344.42  
 
16,258.44  
 
16,254.80  
 
21,777.12  
 
21,468.62  
 
21,232.95  
 
13,471.44  
 
 9,473.00  
 
8,540.11  
* /  
---
114

,
35
21 , 2019
:   
35.  
   
(
;
( ;
( ;
( ?
 
 
(  ) 
( ) ( ): ,
,
-
 
( ) ( ): ,
 ( )
- ‘’
’’ ‘’ ’’
: ,
, ,
-
;
115

, ,
; ; ;
-
-  
- ,
, ,
, , ,
,
23.01.2019
****
116

,
36
21 , 2019
:    
36.  
   
( 2019
;
( ;
( -
(
- ?
 
(  ) 
( ) ( ): (
50
68 25 /
:
,
50 (
******
117

 
,  
,  
 
-  
21 , 2019  
 
   
 
 
,    
 
    ; 
  - -   ;  
    ? 
 
 
,  
  
 ( ) 
, ,
 : 
 
  
  
 1 ,  
 1  
 1  
 2  
 3 ,  
 1  
 1  
 1  
 3 ,  
 1  
 1  
 3 ,  
 1  
 1  
 21  
 
( ) ,86,651  
 
( ) 
 
***** 
118

 
,  
  
 
-  
21 , 2019  
 
 
 
,  
 
; , ; 
, 
, ; 
, 
, - ; 
- ;  
? 
 
 
,     
 
 
 
( ) 
-
119

( ) , , 
 
( ) -
-
 
( ) 
i
, 
ii
,
iii
iv
v
vi
 
( ) -
 
120

 
,  
 
 
- *  
2  , 2019  
 
 
39.  
,   
( ,    
 -  
(  -  ;  
( -  ?   
 
  
 
 
 
-
 
-  
 
 
 -  -  -  -  -  
      
 
 
121

,  
    
 
-  
21 , 2019  
 
 
 
 
  ,  
   , 
  ; 
, ; 
  ,  , 
; 
, ;  
, ? 
 
 
,  
  
 
,
 
(i)  
(ii)  
(iii)  
(iv)  
 
***** 
122

,  
,  
-  
21 , 2019  
 
 
 
 
 
,     
   
; 
, ; 
    ; 
  ;  
, ? 
 
 
,  
  
 
-
-
 
 , 
, , ,  
 
 -
 
I  II)  
 
,  
- ,
- ,683.00  
 
  
123

-I
2016 2018  
    2016 2017 2018 
 /           
1  
- - - - - - - - -
2  
- - - - - - - - -
3  
21 2830 25 34 17062 45 28 7457 23
4  
1 150 - 1 1788 - 10 4267 6 
5  
- - - - - - - - -
6  
- - - - - - - - -
7  
1 142 14 2 135 14 5 87 2 
8  
3 152 48 2 182 19 - - -
9  
1 24 5 3 49 6 5 217 35
10  
- - - - - - 4 499 12
11  
- - - - - - - - -
12  
19 188 1 54 1933 303 27 2238 43
13  
9 545 - 5 76 - 42 5579 73
14  
- - - - - - - - -
15  
- - - - - - - - -
16  
- - - - - - - - -
17  
50 1892 2 33 1477 - 13 695 -
18  
- - - 2 21 - - - -
19  
- - - - - - - - -
20  
- - - - - - 49 1283 47
21  
- - - - - - - - -
22  
19 4781 270 7 603 - 6 158 -
23  
- - - - - - - - -
24  
- - - - - - - - -
25  
- - - - - - - - -
26  
18 442 5 3 75 1 - - -
27  
1 177 37 - - - - - -
28  
- - - - - - - - -
29  
11 310 37 - - - 33 19460 363 
30  
- - - - - - 5 310 -
31  
- - - - - - - - -
32  
- - - - - - - - -
33  
4 12 - - - - - - -
34  
- - - - - - - - -
35  
- - - - - - - - -
36  
- - - - - - - - -
   
158 11645 444 146 23401 388 227 42250 604 
124

-II
2016 2018  
    2016 2017 2018 
/
1  - - - - - - - - -
2  - - - - - - - - -
3  1 13 0 3 43 - 6 36 3 
4  - - - - - - - - -
5  - - - - - - - - -
6  - - - - - - - - -
7  - - - - - - - - -
8  - - - - - - - - -
9  - - - - - - - - -
10  1 11 - 1 2 - 3 31 -
11  - - - - - - - - -
12  2 22 - - - - - - -
13  - - - - - - 2 4 3 
14  - - - - - - - - -
15  - - - - - - - - -
16  - - - - - - - - -
17  - - - - - - - - -
18  - - - - - - - - -
19  - - - - - - - - -
20  - - - - - - - - -
21  - - - - - - - - -
22  - - - 1 30 4 - - -
23  - - - - - - - - -
24  - - - - - - - - -
25              - - -
26  - - - - - - - - -
27  - - - 2 4 - 2 12 -
28  - - - - - - - - -
29  - - - - - - - - -
30  - - - - - - - - -
31  - - - - - - - - -
32  - - - - - - - - -
33  - - - - - - - - -
34  - - - - - - - - -
35  - - - - - - - - -
36  - - - - - - - - -
   4 46 0 7 79 4 13 83 6 
 
125

 
,  
   
 
 
21 , 2019  
 
,    
 
 
 
 
,    
,    
;  
    
    ? 
 
 
,  
(  
( )  ( ) ,
I  VIII   
***** 
 
 
126

-I 
 
( ) 
127

128

129

130

131

-III 
-1  
 
  2014-15 2015-16 2016-17 2017-18 2018-19  
 
 
  
 
  
 
  
 
  
 
  
 
  
 
* 
 
6.92 4.04 5.54 19.82 22.8
7 
22.6
2 13.53 14.9
1 
15.7
2 9.62 6.96 6.65 18.38 23.4
7 7.09 68.27 72.2
5 
57.6
2 14.63 
 13.2
9 8 2.78 12.21 5.1 7.52 6.1 11.0
6 9.23 14.21 12.6
9 
11.1
8 15.96 18.7
3 
12.6
2 61.77 
55.5
8 
43.3
3 12.25 
 - - - 0.77 - - 2.18 2.22 1.31 5.23 3.05 1.11 2.85 3.21 2.72 11.03 8.48 5.14 3.34 
 89.9
3 
56.3
9 
61.1
2 69.59 56.3
7 
75.2
4 28.4 50.9
7 
52.1
5 47.4 42.0
5 
29.7
6 70.29 77.7 33.4
1 
305.6
1 
283.4
8 
251.6
8 31.8 
 16.7
1 4.22 4.49 19.58 11.2
2 
10.7
6 6.63 10.2
7 8.55 12.41 18.5
9 
16.1
7 7.27 10.2
4 
10.6
2 62.6 
54.5
4 
50.5
9 3.95 
 - - - 1.87 1.5 - 2.73 1.56 2.87 0.09 0.64 0.26        - 0.81  0.82 4.69 4.51 3.95 0.56 
 32.3 23.3
5 
22.1
9 19.68 25.2
6 
30.0
1 10.71 15.4
7 
23.4
3 37.58 38.6
5 
14.2
9 22.52 31.7
4 
21.3
1 
122.7
9 
134.4
7 
111.2
3 23.24 
 9.5 6.23 6.75 3.43 6.04 8.96 3.05 6.41 7.49 5.59 4.31 3.77 8.48 11.5
3 5.38 30.05 
34.5
2 
32.3
5 2.17 
 
3.44 1.73 0.78 5.81 5.63 7.55 0.32 3.57 3.87 4.38 4.22 1.8 0.69 1.88 2.62 
14.64 
17.0
3 
16.6
2 0.41 
132

 41.2
2 
14.4
2 
12.6
6 21.03 25.0
2 
26.4
1 3.45 17.6
6 
22.7
2 19.23 16.0
5 
10.0
5 13.78 19.5
8 13.7 98.71 
92.7
3 
85.5
4 7.19 
 5.21 5.23 2.72 6.02 3.34 6.44 2.17 3.87 3.78 6.83 4.08 2.12 3.26 0.6 1.54 23.49 
17.1
2 16.6 0.52 
 12.6
7 
11.4
3 9.53 19.7 25.5
5 
30.8
7 12.59 13.3
9 
14.0
6 24.69 18.9
4 
12.4
6 20.84 26.3
4 
14.6
5 90.49 
95.6
5 
81.5
7 14.08 
 
51.0
3 
31.6
6 
30.4
2 59.65 53.2
8 56.7 22.76 34.6
3 45.6 39.3 36.8
6 
18.2
9 19.12 33.4
2 
25.8
8 191.8
6 
189.8
5 
176.8
9 12.96 
 
14.1
6 
12.8
9 6.17 24.64 17.6
6 
21.1
4 12.12 19.1
7 
21.9
6 27.12 19.5
6 
15.0
2 20.55 30.3
1 
19.9
4 98.59 
99.5
9 
84.2
3 15.36 
 5.06 2.83 3.33 2.65 5.35 5.26 1.39 4.43 4.05 0.24 1.36 2.53 5.73 5.33 1.59 15.07 19.3 
16.7
6 2.54 
 
16.3
2 19 11.7
9 31.46 35.2
5 
36.7
3 37.03 36.1
9 
39.4
6 29.47 25.2
2 
22.9
1 19.87 26.1
7 
17.5
8 134.1
5 
141.
83 
128.
47 13.36 
 5.12 0.76 2.85 4.52 5.2 3.18 1.98 8.4 6.01 3.13 -0.41 3.42 0.59 2.34 1.5 15.34 
16.2
9 
16.9
6 -0.67 
 
4.96 7.57 5.8 6.7 4.65 4.18 1.69 3.35 5.58 1.7 3.53 4.25 16.55 14.7
6 3.72 
31.6 
33.8
6 
23.5
3 10.33 
 
11.2
4 5.07 5.07 1.69 0.12 0.12 - 7.52 7.52 - 0.22 0.22 27.65 0.01 
40.58 
12.9
4 
12.9
3 0.01 
 
339.
08 
214.
83 
193.
99 
330.8
2 
309.
42 
353.
69 
168.8
1 
265.
01 
295.
35 
288.2
2 
256.
57 
176.
24 
294.3
7 
338.
18 
196.
7 1421.
3 
1384
.01 
121
5.97 
168.0
4 
* , 2018  ( )
133

134

135

-V 
( ) 
 
21.06.2019  
 
                                          ( ) 
     
(
)  
 
2017-18 37  0.00 0.00  0.00 
2018-19 37 15 10 2.00 
 
2017-18  21.12.2017
- , -
-  
136

137

138

139

140

141

142

143

144

 
,  
   
 
-  
21 , 2019  
 
 
 
 
  ,    
  , ,   
- ; 
,   , , , , ,  
  ; 
, ;   
, ? 
 
 
,  
  
 ( ) -
 
( .)
( )     
( ) 
2007 2012 2007 2012 2007 2012 2007 2012
89.24 89.22 105.34 108.70 0.47 0.50 76.78 61.95 
 
 ( )  ( ) 
,  
 
i.  
ii.  
iii.  
iv.  
v.  
vi.  
***** 
145

 
,  
,  
-  
21 , 2019  
 
 
 
 
 ,    
  ; 
, ; 
  ;  
,     ?
 
 
,  
  
, 
 
( ) 
( )  
-I ( -I) 
) 
) 
 
,  
 
( )
  
 
2016-17 2017-18 2018-19 
1. 
( ) 
9.02 18.998 42.90 70.918 
2. 
( ) * 
0.75 21.89 27.26 49.90 
3. -I ( -I) 34.63 36.86 33.42 104.91 
*  
***** 
146

- , 
 ( , 2014
, , 2017 
, , 
 
-  
  
-
, 2010 , 
-
 
- -  
, 2012 -
, 2012 
, , , 
- , 2019 -
-  
 
, , 
, 2017 ,
, , -
, ; 
.5 
-
.  
 
-
 
- -
147

- 2018-19 
. -
 
***** 
 
 
 
 
148

/ (
( ) -
( /
(
(
( (
(
?
( . )
( ( ): (
( ) ( . (
(
( ) ( (
149

- :-
/
(
( ) ( )
( )
(
(
(
/
-
( ):
/
( (
-
( ( .):
*******
 
150

46
21, 2019
46. :
   : 
 
( ) /
;  
( ) -
?  
) (
( ): ( ) 10.06.2019 
5322 , 144 
/  
( ): 2018-19 39 
  
***** 
 
 
151

/ (
- (
( - (
(
( )
?
( . )
( ) 
( ( ): (
*******  
152

48
21, 2019
48. :
   : 
 
( ) ; 
;  
( ) 8 , 
; 
( ) -
;  
( ) -
, , ?  
) (
( ) ( ):    8  VIII 
 VIII :- 
(i)  
(ii) - ( - )  
( )  , 
  ( )  
 VIII (  VIII) 
 :- 
153

1. . , 4 , 4 , , 
,  
2. . .,  
3. ,  
4. , 496/1/ , , -
, - , , - 382213 
 
  , - VIII  
  
  VIII  
,    VIII 
:- 
  
 
VIII ( ) ( ) 
2016-2017 361291886 636040625
2017-2018 1061489154 618620627
2018-2019 1209770392 485063919
 
( ): -  ,  ( ) 
8  
  
(
): ( ) ,  
***** 
 
 
154

49
21, 2019
49. :
   : 
 
( ) ( ) 
146 
;  
( ) ;  
( ) ?  
) (
( ): , ( ) 
( ) 
154 -
 
( ): 154 - -I  
 
( ):  
  
155

-I
‘
21.06.
(
-
. .
1   
2   
3  
4   
5 .  
6 ( -1)  
7   
8 .  
9  
10 . .  
11  
12 (I)  
13 .  
14 . .   
15    
16 .
17  .  
18 .  
19  
20 .   
21 .  
22 .  
23
24  
25 .  
26   
156

27 . .  
28  .  
29 .  
30 . .  
31   
32 . .  
33 . .  
34 .   
35 .
36
37
38 . .   
39 . .  
40 .  
41  
42  .  
43
 . 
 
44  
45  
46 .  
47  
48 ( )  
49 . . 
50 . .   
51 .  
52 .  
53  
54  
55   
56  .   
57 .  
58 .   
157

59   
60  .  
61  
62  
63 .  
64 ,  
65   
66  .  
67
68 .
69
70  
71
72
73   
74 ( )  
75  .  
76  
77  
78 .  
79  .  
80 . .  
81   
82    
83  .  
84 .  
85   
86  .  
87 .  
88  
89  
90  .  
91 .  
158

92   .   
93  .  
94  
95  
96   
97  .  
98 .   
99  .   
100
101 .
102 .
103 . . ( .)   
104   
105  .  
106 .   
107   
108 .  
109   
110  
111 .   
112   
113 .  
114 .  
115  
116 .  
117 -   
118   
119   
120
121  
122  .  
123  
124
159

125  
126  
127 ( ) .  
128   
129 . .   
130 ( ) .   
131 . .  
132 .  
133
134 ( ) 
135 . 
136  
137  
138 .  
139  .  
140 .   
141 .  
142   
143    
144   
145
( . . 
)  
146
147 . 
148  
149   
150 .  
151 . .  
152   
153 .  
154 . .  
*****
160

 
 
 
 
 
-  
 21   
 
 
 
50   
   
  
 
(  
; 
(  ; 
 
;  
 ,
;  
 ? 
 
 
 
 
( ) 
 
(
(  
, ,
, ,
, ,
,
 
 
 ,
 
 
 
, ,
 
 
 
161

/ (
(
(
(
( ) ?
( . )
( ( ): (
(
-
(
( ) ( )
( )
162

- :-
(
(
(
( ( )
(
:-
( ( ):
(
*******
( )
(
(
( )
(
( +
163

भारत सरकार 
रसायन और उवर्रक मंत्रालय 
उवर्रक िवभाग 
राÏ य सभा 
अतारांिकत प्रæ न संख् या 52  
िजसका उ× तर शुक्रवार, 21 जून, 2019/31 Ïयेçठ, 1941 (शक) को िदया जाना है। 
 
उवर्रकɉ की मांग और आपू
ितर् 
 
52. Įी जी॰ सी॰ चÛद्रशेखरः  
 
क्या रसायन और उवर्रक मंत्री यह बताने की कृ पा करɅगे िकः  
 
(क)   िवगत तीन वषɟ मɅ राÏय/संघ राÏय क्षेत्र-वार 
द ेश मɅ उवर्रकɉ की कु ल िकतनी मा ंग और 
आपूितर् हुई है;  
(ख)   क्या हाल ही मɅ देश के  कु छ िहèसɉ मɅ उवर्रकɉ का अभाव है;  
(ग)   यिद हा ं, तो सरकार ɮवारा इस संदभर् मɅ िकए गए/िकए जा रहे उपचारा×मक उपायɉ सिहत 
राÏय/संघ राÏय क्षेत्र-वार Þयौरा क्या है और इसके  क्या कारण हɇ; और  
(घ)   िकसान सम ुदाय को उिचत म ूãय पर पयार्Üत मात्रा मɅ और ग ुणवƣापू
णर् उवर्रक की समय 
से आपू
ितर् सुिनिæचत करने के  ि
लए सरकार ɮवारा क्या कदम उठाए गए ह ɇ/उठाए जा रहे 
हɇ? 
 
उ× तर  
रसायन और उवर्रक मंत्री  
(Įी डी.वी. सदानंद गौड़ा) 
(क): महोदय, िवगत तीन वषर् के  दौरान देश मɅ उवर्रकɉ की राÏ य/संघ राÏ य क्षेत्र-वार कु ल मांग 
और आपूितर् दशार्ने वाला िववरण अनु
लग् नक- क मɅ िदया गया है।  
(ख):  हाल ही म Ʌ देश के  िकसी िहè से मɅ उवर्रकɉ की कोई कमी नहीं रही।  
(ग): उ प य ुर्क् त (ख) क े मɮदेनजर प्रæ न नहीं उठता।  
(घ): देश  मɅ ि क स ा न ɉ  क ो  स म य  प र  उ वर्रकɉ  की  आपूितर् स ुिनिæ चत  करने ह ेतु
 स
र क ा र  ɮ व ा र ा  
िनà निल िखत कदम उठए गए हɇ:-  
 
 
164

- : 2 :- 
(।) प्र ×  येक फसली मौसम के  प्रारंभ होने से पूवर् कृ िष, सहकािरता एवं िकसान कã याण िवभाग  
(डीएसीएÖ डएफडÞ ã यू
) ने सभी राÏ य सरकारɉ के  परामशर् से प्र× येक राÏ य के  संबंध मɅ उवर्रकɉ की 
मांग का आकलन िकया। मा ंग के  आकलन के  पæ चात डीएसीएÖ डएफडÞ ã यू
 ने उवर्रकɉ की माह-
वार आवæ यकता का अनु
मान लगाया।  
 
(।।) ड ी ए स ी एंडएफडÞ ã यू ɮवारा िदए गए माह-वार और राÏ य-वार अनु
मान के  आ
धार पर उव र्रक 
िवभाग  मािसक  आपू
ितर्  योजना  जारी  करते हुए  राÏ यɉ  को  उवर्रकɉ  की  यथेç ट/पयार्Ü त  मात्रा  का 
आवंटन  करता  है औ र  ि न à  निलिखत  प्रणाली  के  म ा Ú  यम  से उ प ल Þ  धता  की  लगातार  िनगरानी 
करता है: 
(i) द ेशभर मɅ सभी प्रमुख राजसहायता प्राप्  त उवर्रकɉ क े संचलन की िनगरानी एकीकृ त उवरर्क 
िनगरानी प्रणाली ( आईएफएमएस) नामक ऑनलाइन वेब आधािरत िनगरानी प्रणाली ɮवार
ा  
की जा रही है; 
 
(ii) र ा ज ्  य सरकारɉ को िनयिमत Ǿप से सलाह दी जाती है िक वे अपने राज ्  य की संस ्  थागत 
एजɅिसयɉ जैसे माकर् फ े ड आिद क े माध ्  यम से रेलवे रेकɉ क े िलए समय पर मांग पत्र प्रस्  तुत 
करके  आपू
ितर्यɉ को सरल बनाने क े िलए उवर्रकɉ क े िविनमार्ताओं और आयातकɉ क े साथ 
समन ्  वय करɅ; 
 
(iii) क ृ िष, सहकािरता एवं िकसान कल ्  याण िवभाग ( डीएसीएंडए
फडब ्  ल ्  यू), उवर्रक िवभा ग  
(डीओएफ) और रेल मंत्रालय ɮवारा राज ्  य कृ िष पदािधकािरयɉ क े साथ संयुक्  त Ǿप से िनयिमत 
साप ्  तािहक वीिडयो कांफ्रɅस की जाती है और उवर्रकɉ क े प्रेषण क े िलए राज ्  य सरकारɉ ɮवारा 
यथा इंिगत सुधारात ्  मक कारर्वाई की जा ती है; 
 
(iv) म ा ंग (आवश ्  यकता) और उत ्  पादन क े बीच क े अंतर को आयात क े माध ्  यम से पूरा िकया जाता 
है। समय पर उपलब ्  धता सुिनश ्  िचत करने क े िलए मौसम क े िलए आयात को भी पहले से ही 
अंितम Ǿप दे िदया जाता है। 
 
इस प्रकार, उवर्रक िवभाग राज ्  य स ्  तर पर उवर्रक
ɉ की उपलब ्  धता सुिनश ्  िचत करता है और राज ्  य मɅ 
िकसानɉ को िवतरण करना संबंिधत राज ्  य सरकार की िजम ्  मेवारी है। इसके  अितिरक्  त, र ाज ्  य सरकारɉ को 
एमआरपी/तक र् संगत मूल ्  यɉ पर उवर्रकɉ की िबक्री सुिनश ्  िचत करने क े िलए पयार्प्  त शिक्तयां प्रदान की गई 
हɇ। 
 
******* 
165

  
                      अनुलग ्  नक क  
06.04.2019 <आंकड़े 000 मी.टन मɅ>  
िवगत तीन वषर् अथार्त 2016-17 से 2018-19 के  दौरान उवर्रकɉ की संचयी आवश ्  यकता, उपलब ्  धता और िबक्री  
राज ्  य/संघ राज ्  य क्षेत्र वषर्  यूिरया  डीएपी  एमओपी  एनपीके   
    
अनुमािनत 
आवश ्  यकता उपलब ्  धता िबक्री 
अनुमािनत 
आवश ्  यकता उपलब ्  धता िबक्री 
अनुमािनत 
आवश ्  यकता उपलब ्  धता िबक्री 
अनुमािनत 
आवश ्  यकता उपलब ्  धता िबक्री 
अंडमान और िनकोबार  2016-17 0.83 1.00 1.00 1.20 1.00 1.00 0.53 0.00 0.00 0.90 1.00 0.50 
अंडमान और िनकोबार  2017-18 0.85 0.50 0.50 0.96 0.00 0.00 0.58 0.00 0.00 0.83 0.50 0.00 
अंडमान और िनकोबार 2018-19 1.01 0.00 0.00 1.20 0.00 0.00 0.60 0.00 0.00 0.95 0.00 0.00 
आंध्र प्रदेश  2016-17 1503.36 1557.86 1438.08 466.85 392.36 372.99 306.46 258.62 253. 78 1173.46 1202.08 1149.29 
आंध्र प्रदेश  2017-18 1550.00 1491.72 1408.82 375.00 338.04 326.25 241.00 296.67 289. 36 1150.00 1187.86 1062.28 
आंध्र प्रदेश  2018-19 1669.98 1422.18 1365.97 376.02 330.48 300.07 286.00 259.37 242. 10 1249.99 1189.87 1036.91 
अǽणाचल प्रदेश  2016-17 0.40 0.00 0.00 0.10 0.00 0.00 0.20 0.00 0.00 0.00 0.00 0.00 
अǽणाचल प्रदेश  2017-18 2.33 0.00 0.00 0.10 0.00 0.00 1.26 0.00 0.00 0.00 0.00 0.00 
अǽणाचल प्रदेश  2018-19 3.57 0.00 0.00 1.06 0.00  0.00 1.70 0.00 0.00 0.00 0.00 0.00 
असम  2016-17 310.00 323.17 319.28 43.00 56.87 54.41 105.00 74.18 73. 96 10.00 10.58 10.56 
असम  2017-18 295.00 371.82 371.48 55.00 57.07 56.52 65.00 82.26 80.8 1 5.00 12.91 12.73 
असम  2018-19 335.00 398.19 391.67 65.00 74.26 63.90 80.00 84.13 78.0 7 5.00 17.86 16.54 
िबहार  2016-17 1950.00 2015.48 1977.49 600.00 553.06 531.73 190.00 238 .01 229.81 400.00 264.46 254.24 
िबहार  2017-18 2100.00 2057.69 2039.34 575.00 697.69 682.31 190.00 253 .68 244.87 300.00 296.80 281.75 
िबहार  2018-19 2100.00 2195.03 2183.65 500.00 758.72 677.58 210.00 265 .47 222.78 350.00 348.86 332.24 
चंडीगढ़  2016-17 0.00 0.49 0.00 0.00 0.00  0.00 0.00 1.76 0.00 0.00 2.07 0.00 
चंडीगढ़  2017-18 0.00 0.00 0.00 0.00 0.00  0.00 0.00 0.00 0.00 0.00 0.00 0.00 
चंडीगढ़  2018-19 0.00 0.00 0.00 0.00 0.00  0.00 0.00 0.00 0.00 0.00 0.02 0.00 
छत ्  तीसगढ़  2016-17 598.84 692.54 649.63 360.00 316.72 290.98 120.00 68.52 60.74 160.00 81.41 68.39 
छत ्  तीसगढ़  2017-18 656.00 694.80 663.09 340.00 336.95 325.56 100.00 75.02 72.74 160.00 98.47 81.10 
छत ्  तीसगढ़  2018-19 600.00 784.81 757.52 350.00 394.30 323.03 120.00 106.26  91.40 150.00 142.14 114.18 
दादर और नगर हवेली  2016-17 1.01 0.67 0.67 0.96 0.89  0.88 0.07 0.00 0.00 0.00 0.10 0.10 
दादर और नगर हवेली  2017-18 1.20 0.60 0.58 1.00 0.55  0.49 0.07 0.00 0.00 0.00 0.00 0.00 
दादर और नगर हवेली  2018-19 1.08 0.19 0.19 0.97 0.14  0.14 0.05 0.00 0.00 0.00 0.00 0.00 
166

दमन और दीव 2016-17 0.53 0.32 0.32 0.16 0.11  0.11 0.02 0.00 0.00 0.23 0.00 0.00 
दमन और दीव 2017-18 0.53 0.02 0.02 0.16 0.00  0.00 0.02 0.00 0.00 0.24 0.00 0.00 
दमन और दीव 2018-19 0.53 0.00 0.00 0.16 0.00  0.00 0.02 0.00 0.00 0.24 0.00 0.00 
िदल ्  ली  2016-17 9.00 11.57 13.29 5.50 0.00 0.69 2.00 0.06 0.06 2.60 0.0 0 0.00 
िदल ्  ली  2017-18 9.20 13.43 12.83 5.20 3.36 3.36 2.00 0.27 0.27 2.60 0.0 0 0.00 
िदल ्  ली  2018-19 7.50 21.12 21.12 4.00 2.78 2.78 1.50 0.71 0.71 1.60 0.0 0 0.00 
गोवा  2016-17 4.00 3.30 3.32 2.00 1.70  1.68 1.25 0.61 0.63 4.20 2.30 2.73 
गोवा  2017-18 2.70 2.25 2.25 1.95 1.89  1.88 1.64 0.76 0.76 3.90 2.13 2.13 
गोवा  2018-19 2.63 2.19 2.19 1.91 1.64  1.64 0.80 0.60 0.59 3.29 2.55 2.55 
गुजरात  2016-17 1850.00 2077.17 2054.96 530.00 460.37 447.51 150.00 142 .81 142.80 560.00 625.88 611.59 
गुजरात  2017-18 2000.00 2294.34 2238.73 480.00 555.01 546.63 160.00 161 .27 160.76 520.00 691.93 679.75 
गुजरात  2018-19 1960.00 2154.66 2103.35 500.00 523.16 462.63 141.00 143 .40 143.00 465.00 640.70 559.72 
हिरयाणा  2016-17 1800.00 2036.03 1962.06 630.00 579.28 562.37 35.00 64.9 2 61.52 65.00 23.50 18.45 
हिरयाणा  2017-18 1800.00 2125.45 2062.08 620.00 548.15 546.78 65.00 76.5 7 71.93 55.00 21.70 19.09 
हिरयाणा  2018-19 1900.00 2205.05 2158.21 620.00 624.55 578.14 85.00 86.8 1 71.11 27.00 46.28 37.59 
िहमाचल प्रदेश  2016-17 58.00 62.25 62.47 0.00 0.77 0.77 6.21 7.34 9.10 32.80 3 6.07 36.82 
िहमाचल प्रदेश  2017-18 66.00 70.08 70.01 1.93 0.00 0.00 9.80 10.52 10.52 37.00  30.03 29.99 
िहमाचल प्रदेश  2018-19 66.00 66.96 66.95 0.00 1.07 1.07 9.80 8.35 8.35 37.60 3 5.92 31.58 
जम ्  मू और कश ्  मीर  2016-17 129.01 130.38 128.78 68.75 68.66 66.10 25.01 29.35 29.0 9 2.00 0.72 0.56 
जम ्  मू और कश ्  मीर  2017-18 128.01 162.58 150.93 64.75 65.31 64.95 26.01 38.46 37.6 1 0.00 0.81 0.78 
जम ्  मू और कश ्  मीर  2018-19 133.01 134.86 134.16 72.00 64.50 61.28 26.01 24.70 24.6 3 0.00 1.50 1.50 
झारखण ्  ड  2016-17 240.00 223.00 218.53 95.00 66.60 62.19 10.30 3.09 3.02 57.50 15.10 14.96 
झारखण ्  ड  2017-18 240.00 224.21 222.05 100.00 84.60 81.97 7.00 3.20 3.20 33.00 14.71 14.31 
झारखण ्  ड  2018-19 240.00 229.39 229.37 105.00 87.61 83.89 12.00 5.01 4.67  35.00 42.54 41.24 
कनार्टक  2016-17 1243.00 1376.21 1298.33 540.00 643.67 615.68 305.00 249 .46 238.84 1107.30 1198.25 1110.97 
कनार्टक  2017-18 1350.00 1395.12 1347.70 600.00 513.18 489.89 350.00 266 .17 254.09 1250.00 1303.97 1163.98 
कनार्टक  2018-19 1400.00 1382.32 1340.89 587.00 607.64 559.16 400.00 328 .36 302.83 1171.00 1539.56 1341.07 
क े रल  2016-17 86.70 120.80 114.50 23.20 32.76 29.23 56.30 95.06 89.86  103.75 122.14 112.63 
के रल  2017-18 110.00 136.78 133.30 35.00 34.74 31.28 110.00 103.88 10 2.47 145.00 129.06 116.68 
के रल  2018-19 140.00 108.27 100.54 27.00 25.77 22.33 124.00 103.34 99 .74 166.50 142.55 131.08 
167

लक्षɮवीप  2016-17 0.00 0.00 0.00 0.00 0.00  0.00 0.00 0.00 0.00 0.00 0.00 0.00 
लक्षɮवीप  2017-18 0.00 0.00 0.00 0.00 0.00  0.00 0.00 0.00 0.00 0.00 0.00 0.00 
लक्षɮवीप  2018-19 0.00 0.00 0.00 0.00 0.00  0.00 0.00 0.00 0.00 0.00 0.00 0.00 
मध ्  य प्रदेश  2016-17 2200.00 2430.60 2248.40 1250.00 995.01 808.53 125.00 11 1.64 100.57 395.00 352.46 279.10 
मध ्  य प्रदेश  2017-18 2200.00 2499.85 2449.11 1050.00 1124.75 1106.03 125.00 110.42 107.62 315.00 314.45 293.43 
मध ्  य प्रदेश  2018-19 2300.00 2603.20 2561.29 1150.00 1385.47 1298.53 125.00 131.06 114.73 280.00 379.80 334.27 
महाराष ्  ट्र  2016-17 2456.35 2567.26 2490.92 784.40 620.25 600.08 469.50 353 .84 352.40 2158.20 1836.65 1711.54 
महाराष ्  ट्र  2017-18 2662.25 2402.09 2357.92 722.00 672.67 666.29 450.00 435 .66 424.49 2050.00 2102.69 1970.97 
महाराष ्  ट्र  2018-19 2200.00 2220.70 2180.38 670.00 661.40 608.63 450.00 416 .02 400.29 1800.00 2240.05 1958.10 
मिणपुर  2016-17 20.00 17.08 17.08 8.30 0.00 0.00 5.24 0.00 0.00 0.00 0. 00 0.00 
मिणपुर  2017-18 22.00 20.96 20.96 5.50 0.00 0.00 4.99 0.00 0.00 0.00 0. 00 0.00 
मिणपुर  2018-19 24.00 27.42 27.42 12.00 0.60 0.16 11.74 0.40 0.18 0.00 0.00 0.00 
मेघालय  2016-17 0.00 0.00 0.00 0.00 0.10  0.10 0.00 0.00 0.00 0.00 0.00 0.00 
मेघालय  2017-18 0.00 0.00 0.00 0.00 0.00  0.00 0.00 0.00 0.00 0.00 0.00 0.00 
मेघालय  2018-19 0.00 0.00 0.00 0.00 0.00  0.00 0.00 0.00 0.00 0.00 0.00 0.00 
िमजोरम  2016-17 4.54 2.58 4.58 3.31 0.02  0.02 2.25 0.06 0.06 0.00 0.00 0.00 
िमजोरम  2017-18 6.54 6.20 6.20 1.91 0.00  0.00 2.25 0.00 0.00 0.00 0.00 0.00 
िमजोरम  2018-19 8.94 11.50 11.50 5.50 0.00 0.00 4.24 0.15 0.07 0.00 0.0 0 0.00 
नागालैण ्  ड  2016-17 1.91 0.41 0.41 1.35 0.00  0.00 0.70 0.00 0.00 0.80 0.00 0.00 
नागालैण ्  ड  2017-18 0.75 0.30 0.30 0.69 0.05  0.00 0.38 0.00 0.00 0.44 0.00 0.00 
नागालैण ्  ड  2018-19 0.75 0.39 0.39 0.69 0.05  0.05 0.39 0.00 0.00 0.45 0.00 0.00 
ओिडशा  2016-17 600.00 503.84 492.82 210.00 175.14 164.64 150.00 96.11 95.75 375.00 221.14 193.69 
ओिडशा  2017-18 525.00 530.45 525.83 220.00 184.34 173.41 135.00 127.35  122.45 310.00 251.14 223.42 
ओिडशा  2018-19 575.00 566.66 558.04 215.00 218.93 192.40 145.00 150.31  133.02 300.00 300.83 261.57 
पुडु चेरी  2016-17 18.00 9.86 10.50 1.95 1.69 1.69 3.50 2.34 2.44 7.62 4.93 5.96 
पुडु चेरी  2017-18 14.00 11.15 11.15 1.61 1.11 1.11 3.10 1.40 1.40 6.20 4. 72 4.62 
पुडु चेरी  2018-19 11.15 11.26 11.26 1.45 1.03 1.03 2.90 1.83 1.81 6.49 3. 83 3.75 
पंजाब  2016-17 2450.00 2711.44 2610.29 852.00 745.12 734.67 105.00 75. 05 74.96 70.00 45.01 38.90 
पंजाब  2017-18 2550.00 2866.39 2806.35 900.00 695.61 685.27 110.00 98. 58 83.06 43.00 34.73 31.86 
पंजाब  2018-19 2550.00 3091.43 3048.77 850.00 818.95 762.77 110.00 73. 94 59.54 68.00 65.56 59.18 
168

राजस ्  थान  2016-17 1790.00 2057.67 1994.87 480.00 673.44 644.60 23.00 16.9 0 16.76 82.00 65.78 58.87 
राजस ्  थान  2017-18 1850.00 1727.29 1680.26 583.00 542.31 536.61 25.00 28.6 6 26.22 59.99 67.07 59.48 
राजस ्  थान  2018-19 1900.00 2055.64 2031.55 615.00 751.14 702.87 29.50 40.7 9 32.46 55.00 108.25 95.11 
िसिक्कम  2016-17 0.00 0.00 0.00 0.00 0.00  0.00 0.00 0.00 0.00 0.00 0.00 0.00 
िसिक्कम  2017-18 0.00 0.00 0.00 0.00 0.00  0.00 0.00 0.00 0.00 0.00 0.00 0.00 
िसिक्कम  2018-19 0.00 0.00 0.00 0.00 0.00  0.00 0.00 0.00 0.00 0.00 0.00 0.00 
तिमलनाडु  2016-17 868.30 807.43 793.63 370.30 259.05 252.64 421.70 265.44  262.51 600.90 566.82 530.43 
तिमलनाडु  2017-18 900.00 888.15 881.15 350.00 247.97 244.41 331.00 297.93  296.13 600.00 581.83 535.42 
तिमलनाडु  2018-19 850.00 912.82 902.32 300.00 260.49 245.62 350.00 291.63  281.94 550.00 581.52 528.62 
तेलंगाना  2016-17 1390.00 1673.36 1549.09 290.00 255.97 243.16 170.00 181 .26 174.13 940.00 990.04 964.48 
तेलंगाना  2017-18 1380.00 1469.91 1402.08 260.00 267.45 253.24 180.00 210 .95 206.44 900.00 1130.03 1016.96 
तेलंगाना  2018-19 1500.00 1385.43 1375.45 320.00 255.27 228.46 260.00 162 .45 151.17 1050.00 1220.82 1057.20 
ित्रपुरा  2016-17 25.50 30.71 28.77 8.18 2.07 2.18 16.97 8.95 8.99 0.00 0 .87 0.87 
ित्रपुरा  2017-18 43.00 22.92 22.92 6.00 1.32 1.32 13.50 0.00 0.00 1.50 0 .10 0.10 
ित्रपुरा  2018-19 39.00 15.81 15.52 6.00 4.54 4.53 13.50 6.19 6.19 1.50 1 .19 1.19 
उत ्  तर प्रदेश  2016-17 5850.00 5800.68 5496.33 2000.00 2138.26 2007.65 250.00 277.70 275.38 900.00 550.88 508.67 
उत ्  तर प्रदेश  2017-18 5850.00 6296.61 5892.22 2130.00 1854.53 1807.74 350.00 305.46 297.47 750.00 551.91 521.24 
उत ्  तर प्रदेश  2018-19 5950.00 6728.09 6564.73 2100.00 2166.24 1964.68 350.00 230.69 210.48 900.00 729.15 657.24 
उत ्  तराखण ्  ड  2016-17 235.00 358.42 353.67 35.00 33.83 35.26 4.50 3.89 5.38 3 8.50 34.05 31.73 
उत ्  तराखण ्  ड  2017-18 235.00 317.63 309.86 40.00 29.31 28.97 5.50 6.14 6.14 4 5.00 33.57 31.84 
उत ्  तराखण ्  ड  2018-19 235.00 279.54 268.49 33.00 36.29 32.50 5.00 7.30 7.30 3 9.00 35.56 33.03 
प. बंगाल  2016-17 1215.00 1304.03 1273.13 395.00 304.62 289.00 275.00 264 .28 258.96 1010.00 994.54 942.33 
प. बंगाल  2017-18 1250.00 1255.36 1241.12 350.00 336.41 322.85 325.00 296 .34 292.62 1075.00 1000.48 921.36 
प. बंगाल  2018-19 1300.00 1315.91 1306.22 350.00 358.17 315.26 325.00 297 .98 265.08 1054.02 1126.27 985.93 
अिखल भारत  2016-17 28909.27 30907.62 29607.20 10056.51 9379.38 8822.55 333 5.70 2891.27 2821.49 10257.76 9248.81 8658.37 
अिखल भारत  2017-18 29800.36 31356.64 30331.13 9876.76 9194.37 8985.14 3390 .09 3287.62 3193.41 9818.69 9863.58 9075.25 
अिखल भारत  2018-19 30004.15 32331.01 31719.09 9839.96 10415.21 9495.14 368 0.75 3227.25 2954.23 9767.63 10943.17 9621.39 
 
************ 
169

/ (
(
(
(
( ?
( . )
( ):
( ):
( ): (
(
( )
( ) ( ( (
, , ,
170

- :-
(
(
(
/
( ): :-
(
-
-
*******
 
171

172

173

55
,
55.
( )  ;  
( )  , ;  
( )  , , ? 
 
( )
 
( ) ( ): ,  ( ) 
/ /    
  
 
 
 
***** 
  
174

.
( (
 31 , 2018 ( ), 2019 
190 77 2018 
100 23  190 
- 10  
2019 - :  
 
. .
1. 137 
2.   52 
3. 24 
4.  166 
5. 22 
6.  7
7.  121 
8.  80 
9.  163 
10.  108 
77 
 -
:  
(i
) ( ) , 2015 
 
)  (  ) 
 -  ,  
,  ( ),  ( ) /
 ( )    
175

) - ( ( ) 
, ( ) -
( ) )  
-
, 
 
) . . . (
) 
- ( )  
) 15  
 
) ,  
- ( )  
   
)   
 
)   
  
)  
 
(ii)    
)  ( ) ( ) 
    
-  
) - 2016  
) -
,     
) , - -  -
 
) -
-  
) 
 
) : 
     
  
176

(iii) :
) ( ) 
  
) , 150 
25,000/-  
)  
 
 
(iv)
)  
 
(v)
) 17  
( ) , , 
  
 
  
) 250   30% 25% 
 
) 
 
)  
) , 1952 ( )  , 2017 
0.85% 0.65%  ( ) 
0.01%  
(vi)
) , 
,  
 
)  , 5% 
 
) 
177

) 15 
 2,400,000 , 
  -I , 2018  
) 1,300,000 , , 2017 
 . .  
)  ( )  -
  
  
(vii
)
 
) , 2015 
  
 
(viii  
) , 2016 
 
 
) 
 
)  
) , 2016 42 
 
 
. /  
 
1. 2014 
/
 
2. 
 
178

3. http://eodb.dipp.gov.in
 
4. 2017 , 372  
, , -
 
5.
i.  29 , 2017 
 26 / 
100 / 
 
ii.  /
3 
 
iii. 
 
iv. , , , , , , 
/ 8 
 
v. 8  
vi. 10 , 2018   ,  
, 2017-18 /  
. - :- 
i.  19 / ( -
- ) , , -
 
ii. 21 /
 
iii. 16 / 45 (
30 / 7 , 
8 ) , 29, 30 
37 -
 
iv. 21 /
  
179

v. 23 /
2  
vi. 18 / , ,  
 
vii. 12 /  
,  
 
viii. 29 /
 
ix. 20 /
( )  
x. 18 /
 
xi. 20 / - , 2009 
 
. -  
i. 80 , 2019 
 
ii.  , ( , , , 
, , , ) 7 
 
iii.   ( ), ( ), ( ), ( ) 
 ( ) 8  
- 218-
8 : ,  
, , , , 
, /  
***** 
180

56
,
-
56.
( )   -  
;  
( )   , ;  
( )   , ? 
 
( )
( ( ): -    -
/ - , 
‘    ( )’ 
 , -
    
-   ;  -
; ;   -
    
( ):   
***** 
181

57
,
(
57. .
( )   , , 
;  
( )   ; 
;  
( )   , 
, ? 
( )   
( ):  -1 - ( ) -
( ) ( )   
 , 
  ( ) ( ) 
 ‘’  ’’ 
 
  
, ( ) ( ) 
(i) (ii) (iii) (iv)  
  , 
 
( ( ):
( ) 2019-20 850.00 
2018-19   
( )  
2.5 
  
******* 
182

. 58
21 , 2019
'kqYd eqDr vk;kr ;kstuk ds fy, ik=rk dh lekfIr 
58- Jh lhñ ,eñ jes'k%  
D;k okf.kT; vkSj m|ksx ea=h ;g crkus dh d`ik djsaxs fd% 
 
¼d½ fodkl'khy ns'kksa ds fy, 'kqYd eqDr vk;kr ;kstuk ds fy, vkSipkfjd :i ls Hkkjr dh ik=rk dks 
lekIr djus ds la;qDr jkT; vesfjdk ds fu.kZ; dk D;k fufgrkFkZ gS] rRlaca/kh C;kSjk D;k gS( vkSj 
¼[k½ D;k la;qDr jkT; vesfjdk ds mijksDr dfFkr fu.kZ; ds dkj.k Hkkjr }kjk vius Ms;jh mRiknksa vkSj 
fpfdRlk midj.k mRikn {ks= esa la;qDr jkT; dh vf/kd ls vf/kd cktkj igaqp dh ekax dks dfFkr :i 
ls vLohdkj fd;k x;k gS] rRlaca/kh C;kSjk D;k gS\ 
( )
( ): 2018 6.3
( )
12.1 2018
240
2018
3.8
( ): ,
,
*****
183

          
      59     
,  
 
 
( ) 
 
(  , 2019  
 
 
 
 
 
 
 
 
 
 
 
184

          
      60  
,  
 
 
 
( ) 
 
(  
, 2019 
 
 
 , 
 
 
 
 
 
 
 
185

          
      61   
,  
 
 
( ) 
 
(
,
,
,  
 (
,
 
 
, 
 
 
, 
-
,  
 
186

-  
 
 
  
 
 
1.   
  
431.55 243.52 
2.  , 
  
390.00 269.23 
3.  , 
  
421.00 252.60 
4.  , 
  
365.00 263.97 
5.   
 
108.00 63.48 
6.  
  
19.75 8.85 
 
***** 
187

          
      62    
,  
 
 
 
( ) 
 
(
- -
, 
 
 
 
 
 
 
 
 
 
188

 
. 63   
21 , 2019  
vesfjdk }kjk th,lih ds varxZr nh tkus okyh fj;k;rksa dks lekIr fd;k tkuk  
 
63- Jh foñ fot;lkbZ jsìh%  
 
D;k okf.kT; vkSj m|ksx ea=h ;g crkus dh d`ik djsaxs fd%  
 
¼d½ tsujykbZTM+ flLVe vkWQ fizQzsfUll ¼th,lih½ ds rgr nh tkus okyh fj;k;rksa dks 
lekIr djus ds vesfjdk ds uksfVl dks /;ku esa j[krs gq, vesfjdk }kjk O;Dr dh xbZ 
O;kikj lacaèkh fparkvksa dk lekèkku ea=ky; fdl rjhds ls djus dh ;kstuk cuk jgk gS( 
vkSj  
¼[k½ vesfjdk ds th,lih dk;ZØe dk lcls cM+k ykHkkFkhZ gksus ds ukrs vkus okys fnuksa 
esa vesfjdk ds O;kikj izfrcaèkksa dk Hkkjrh; oLrqvksa ij D;k izHkko iM+sxk\ 
  
     
(   )
( )                    
                  
  -           
( ):     2018         6.3 
   (    )       
,            12.1   
    2018          240  
     2018              
    3.8            
               3.8 
               
      
***** 
189

64
,
64. .
 ( )   
; 
( )   , 2015 
;  
( )   
;  
( )  
? 
 
( )
  
( ( ): , -
 -    ( )  
( ),    
 ( )   
  ,   
 ( )    
,    -
- -  
190

13 , 2019 249 -
- - -I   
 
( ):  ( ),  
,  -
:   , , 
  
 
( ): -  
  
, , ( ), , 
, ( ), 
( ), 
, ( ) 
( ) 
 -  
 
***** 
191

-I
64 ( (
( - -
-
2016-17 62 
2017-18 58
2018-19 98
2019-20 (13 , 
2019 ) 
31 
***** 
192

 
. 65   
21 , 2019  
vU; ns'kksa ds lkFk vfèkekU; O;kikj  
 
65- Jh ihñ ,yñ iqfu;k%  
 
D;k okf.kT; vkSj m|ksx ea=h ;g crkus dh d`ik djsaxs fd%  
 
¼d½ Hkkjr fdu&fdu ns'kksa dh O;kikfjd ojh;rk lwph esa 'kkfey gS( rRlacaèkh C;kSjk D;k gS(  
¼[k½ O;kikfjd ojh;rk lwph esa buds 'kkfey gksus ij Hkkjrh; O;kikfj;ksa dks izkIr gks jgs ykHkksa dk 
ns'k&okj C;kSjk D;k gS( foxr ikap o"kks± dk rRlacaèkh C;kSjk D;k gS( vkSj 
¼x½ D;k ;g lp gS fd dqN ns'kksa us Hkkjr dks viuh O;kikfjd ojh;rk lwph ls ckgj dj fn;k gS] ;fn 
gka] rks fdl&fdl ns'k us Hkkjr dks viuh ojh;rk lwph ls ckgj dj fn;k gS vkSj Hkkjrh; vFkZO;oLFkk 
ij iM+us okys izHkko dk C;kSjk D;k gS\ 
  
     
(   )
( )  ( ) :   ( )         
 ( )      /       
              ,  , 
 , ,  ,  , ,  ,     
                
          -        
( ) :       5 , 2019       
                    
  2018           6.3  . .  
   2018  240  . .          
  
193

 – I 
  
   
   
    .   
   
   )
  
   
  
  
  4476.0 4622.3 4740.8 5690.8 6307.3
  
 
194

 
 
 
. 66   
21 , 2019  
Hkkjr ds fy, vfèkekU; fucaèku dks lekIr djus ls lacafèkr vesfjdk ds fu.kZ; dk izHkko  
 
66- Jh bykekje djhe%  
 
D;k okf.kT; vkSj m|ksx ea=h ;g crkus dh d`ik djsaxs fd%  
 
¼d½ D;k ljdkj dks tsujykbZTM flLVe vkWQ fizQzsfUll ¼th,lih½ ds  varxZr Hkkjr ds fy, vfèkekU; 
fucaèku dks lekIr djus ls lacafèkr vesfjdk ds fu.kZ; ds ckjs esa tkudkjh gS(  
¼[k½ bl fu.kZ; ls Hkkjr dk vesfjdk ds lkFk O;kikj vkSj okf.kT; ij fdl rjhds ls izHkko iM+sxk(  
¼x½ D;k ;g fu.kZ; vesfjdk ds fy, O;kikj dh vuqdwy 'krks± dks Lohdkj djus ds fy, Hkkjr ij ncko 
Mkyus ds mn~ns'; ls vesfjdh iz'kklu }kjk 'kq: fd, x, vesfjdk&Hkkjr O;kikj lacaèkh mik;ksa dh 
Ük`a[kyk dk ,d fgLlk gS( vkSj  
¼?k½ bl fu.kZ ; ls vesfjdk&Hkkjr ds chp O;kikj ij iM+ us okys izfrdwy izHkkoksa ls cpus ds fy, 
ljdkj }kjk D;k dne mBk, x, gSa\ 
  
     
(   )
( ) :    
( ):     2018         6.3 
   (    )       
            12.1    
   2018          240     
  2018                 
 3.8              
                
     3.8           
             
( )  ( ):                 
                 
     -           
**** 
195

,
67
21 , 2019
67. . :
:
( )
;
( ) ;
( )
;
( ?
,
( )
( ( ): ‘ ’ ( ) -
( 2005- 2012-
‘
’ -1
741 ( 01.06.2019
(
862.45 ( 31.05.2019 ,
739.76 ( 122.
( -
" ( ,
(
........2/-
196

-2-
31.03. -
65. 38, (
-2
,
:-
i. ( : , ,
,
31.05.2019 142.
/ /
9/
,
ii. ( ):
12 (2012-17 1,84,175
01.04. 31.03.
01.04. 31.05. 49,
iii. :
(
- - (
31.05.2019
6.
0.
*****
197

-1
21.06.2019 67 ( (
 - ( ) 
:-  
. . / ( )
(%)
1 104.40 5.53
2 92.46 4.93
3 22.23 4.65
4 8.74 5.23
5 5.28 5.99
6 3.07 6.36
7 8.88 8.41
8 0.83 7.07
9 0.46 6.60
( ) 
- ,  
**** 
198

-2  
21.06.2019 67 ( (
31.03.2019 -
:  
. ( )
( )
1 1,338 54,08,801.38
2 1 945.00
3 325 9,87,169.48
4 1,000 5,03,742.46
5 594 19,43,545.00
6 1 299.00
7 11,663 44,72,390.27
8 2,017 65,57,370.25
9 87 27,486.01
10 14 83,026.65
11 26 1,57,315.87
12 4,508 37,87,601.08
13 206 90,511.24
14 3,828 1,06,25,861.08
15 3,581 66,70,710.53
16 16 21,011.76
17 1 302.00
18 1 813.57
19 691 10,09,179.94
20 1,745 67,41,841.72
21 1,471 27,20,572.65
22 1,127 14,07,402.45
23 760 46,25,222.59
24 5 28,764.00
25 1,119 53,22,568.61
26 287 7,72,269.26
27 2,552 15,81,523.32
38,964 6,55,48,247.17
, 
*****
199

 
,  
 
 
 
68 
21  201  
 
 
 
 
,   
 
 ,
; 
(  ;  
 ? 
 
 
,  
 
)  ( ):  ,
:  
 
 
** ,
 
**  2019,  2019 2019  
 
( ): 
 
 
  2017-  2018 2018-  2019 2019 
2019 
 
 
 
 
** 
 
** 
 128737 95,456 147661 93981 29192 15937 
  2029 1326 5459 3873 8960 4743 
 *   9621 6311 3216 1724 
200

 
,  
69
21 , 2019
 69. . :
       
:  
( )                 
 ( . . . .)         
 ; 
( )  ,     ;   
( )       ,           
?
,  
( )
( ( ): ( ) /
/
/
23.18 
85.41% 
/ ,
- , , / ,
/ ,
2013-2018 2.98 
/
******
201

21.06.2019 69 (
(
, /
/ -  
.
/ (%)
(2013-18)
1 14,602 13,310 91% 37
2 92,93,081 92,93,081 100% 11,55,661
3  1,77,607 1,00,514 57% 19,561
4 57,87,581 1,873 0% 2,86,008
5 1,63,44,784 1,27,86,374 78% 44,404
6 70,220 69,875 100% 88
7  52,85,760 51,86,560 98% 12,56,000
8  45,210 45,207 100% 549
9 19,949 19,949 100% 5,533
10 17,19,074 17,19,074 100% 65,647
11 1,41,428 1,38,348 98% 1,57,461
12 66,26,069 65,70,773 99% 2,57,728
13 26,65,586 26,59,841 100% 4,74,921
14  6,82,721 6,79,031 99% 61,438
15 -  16,75,723 12,88,658 77% 55,344
16 57,03,023 54,05,202 95% 4,53,958
17 1,24,48,653 1,24,48,636 100% 27,56,817
18 36,63,684 36,19,108 99% 4,464
19  5,157 5,138 100% 1,390
20  1,17,47,674 1,05,63,589 90% 5,75,110
21 1,46,01,093 1,41,40,794 97% 21,62,391
22 5,87,197 4,54,427 77% 336
23 4,21,455 0 0% 370
24 1,47,562 1,36,351 92% 1,503
25  2,84,934 1,82,383 64% 11,768
26 86,84,037 81,72,180 94% 6,86,211
27  1,76,571 1,76,521 100% 95,393
28 35,33,250 35,02,521 99% 2,06,166
29  1,05,99,974 1,02,15,364 96% 14,78,685
30 95,116 85,569 90% 12,840
31  1,00,70,930 1,00,70,919 100% 4,28,096
32 49,72,809 49,59,563 100% 20,97,564
33  5,78,852 5,78,603 100% 1,76,986
34 3,53,37,547 3,52,94,620 100% 75,57,332
35 13,24,139 12,31,182 93% 6,46,337
36 5,63,13,364 3,61,93,615 64% 66,13,961
  23,18,46,416 19,80,08,753 85.41% 2,98,08,058
****
202

,
70
21 , 2019
70. :
:
( ) 2018-
;
( )
( ) ( )
( )
?
,
( )
( ) ( ): 2018-
1,40, [ 70,
( ]
31,029.
,
( ,
*****
203

 
,  
 
 
 
 
21  201  
 
 
  
 
,  
 
 
- - ; 
(   , ;  
  -  
 
 
,  
 
 
 
 
 
 
-
 
 
 
(             -  
-
-
-
-
-
 
**** 
 
204

 
 
 
 
 
 
 
 
 
-  -  -  
    
    
    
    
    
    
    
    
    
    
    
    
    
    
    
    
    
    
    
    
    
    
 
- -  
 
 
205

,
72
21 , 2019
72. :
:
:
( )
( )
( ) ?
,
( )
( ( ):
( ,
, ,
, /
(
(
*******
206

 
21.06. ( (
.
1
-
, ,
2
(
(
(
3
- ,
, , , ,
2013-
6. ,
2019- 35. (
10.06.201
2013- /
62. , 2018-
97. ( 10.06.
4
5 (
,
1.
6 ( -
/
(
15,
25,
(
....2/-
207

:: ::
7
, 3-
(
27.05.
:-
: 6. ( )
: 6. ( )
: 32.50* ( )
/ : 6.
( )
: 32. ( )
82.
* (0.
- - (
2-
0.
2019-
8
,
( /
( ),
-
2019- 01.04.201 30.04.
( ),
2017-
2018-
*****
208

,
73
21 , 2019
73. . :
:
( ) 2016-
( ) 2017- 2018- ;
( ) -
( ) ?
,
( )
( ): 2016- (
473. (
0. (0. )
( ): 2017- 2018-
:-
 
( )
2017-18 0.027 
2018-19 0.05
( ): / /
 
( ): (  
***** 
209

21.06.
(
/
:-
(i)
(ii) 
(iii) 
(iv) 
(v) (
( )
(vi) ,
(vii) (
/
(viii) 
/
-
-
( ) 100
( ) (
( ) (
( ) , -
------2/-
210

....2...
(ix) ‘ ’ (
(x) 
(xi) 
(xii) 
(xiii) 
(xiv) 
(xv) ,
211

74. :
:
:
:
( ) 
;
( ) - -
;
( ) 
?
( )
( ): 18.06.2019
-
( ( ):
,
(
15
(
......2/-
212

::2::
- -
:-
(i)
07.06.
(
(
(ii) 2017-1
5.
(iii) ,
(iv) 2018-
13.88
(v) 2018-
(vi) - , 2018 ,
2018- (
- - / -
(vii)
, 2016- 2017-18
18.06.2019
*****
213

21 6 74
(
( )
- (
)
. - 7-18 -
-
1 923 26 1 38 988
2 293 0 0 0 293
3 989 39 0 0 1028
4 555 108 0 25 688
11082 58 22 121 11283
6 316 7 0 1 324
7 163 0 0 0 163
8 965 1 17 18 1001
1338 62 2 177 1579
1704 5 0 33 1742
11 362 0 394 1135 1891
12 0 0 10 11 21
13 106 2 0 0 108
14 75 0 0 3 78
83 4 6 2 95
16 4 0 0 0 4
18 312 21286
214

 
,  
75
21 , 2019
75. : 
       
: 
( )   ,       ,     
 ;  
( )         -    ;  
( )       ,  ,    
      ? 
,  
( )
 
( ):  
( ): ( - )  
( ): 
-  
***** 
 
215

21.06. (
,  
. /
*
** # ^^
1 12 30 0 16 0 58
2 6 26 0 3 0 35
3 31 44 0 21 0 96 
4 23 15 1 25 0 64
5 10 0 0 0 16 26
6 20 1 0 7 1 29 
7 4 0 0 0 0 4
8 5 0 0 1 2 8
9 3 0 0 0 1 4
10 6 0 0 0 19 25
11 6 0 0 3 26 35 
12 6 0 0 9 0 15 
13 33 148 1 24 0 206
14  7 5 0 3 0 15 
15   16 15 0 0 0 31 
16  121 191 6 25 0 343
17 36 15 0 30 0 81 
18 48 70 0 44 0 162
19 4 1 0 6 0 11 
20 24 7 0 26 0 57 
21 22 16 1 23 0 62 
22  23 1 0 11 0 35 
23  14 19 2 25 0 60 
24 11 8 0 17 0 36 
25  20 54 0 11 0 85 
26 14 4 0 24 0 42
27 25 83 9 27 0 144
28 13 32 1 34 0 80 
29 0 0 0 1 0 1
30 0 0 0 1 0 1
31 0 0 0 1 0 1
32  0 0 0 2 0 2
33 0 0 0 0 1 1
563 785 21 420 66 1855
* 
/   
** –   
# –  
^^
 
**** 
216

 
 
 
.  
, 201   
 
 
 
 
.  
: 
( ) 
;  
( )  ;
;  
 
? 
 
 
 
 
(  
, 
, , 2016 , 
 , 
 
 
 
 , 2016 , 
 
 ,
 
 
 
 
217

 
 
 
 
 
 
  
2014-15 2015-16 2016-17 2017-18 2018-19 
         
1 
 
0 0 1 0 0 0 0 0 0 1 
2 
 
0 0 0 0 0 0 1 0 0 0 
3  0 1 0 0 0 0 0 0 0 0 
4  1 0 0 0 0 0 0 0 0 0 
5  1 0 0 0 0 0 0 0 0 0 
6  1 0 0 0 0 0 0 0 0 1 
7  0 0 1 0 0 0 0 0 0 0 
8 
 
1 0 0 0 0 0 0 0 0 1 
9  0 0 0 1 0 0 0 0 0 0 
10  0 1 0 0 0 0 0 0 0 0 
11  0 0 2 0 0 0 0 0 0 0 
12 
 
0 0 1 1 0 0 0 0 0 0 
13  1 0 1 0 0 0 0 1 0 1 
14  0 0 0 0 0 0 0 0 1 0 
15  0 0 1 0 0 0 0 0 0 0 
16  0 0 0 0 0 0 1 0 0 0 
17  0 0 1 0 0 0 0 1 0 0 
18  0 1 2 0 0 0 0 0 0 0 
19  0 0 0 0 0 0 0 1 0 0 
20  0 0 2 0 0 0 0 0 0 0 
21  0 0 0 0 0 0 0 0 0 1 
22  0 0 0 0 0 0 0 0 0 1 
23 
 
0 0 0 0 0 0 3 0 2 0 
218

24 
 
0 0 0 1 0 0 0 0 1 0 
  5 3 12 3 0 0 5 3 4 6 
  
219

 
 
 
.  
, 201   
 
 
 
 
.  
: 
( ) 
;  
( )  ; 
 
; 
 ;  
 ? 
 
 
 
 
 
 
:
 
 
:
  
 
:
%
0%
 
 
 
 
 
 
 
 
 
 
 
220

 
        
 
 
1 
. . 
  19.02.2018 5.00 2.50 22.3  
2  
. .  
  07.12.2018 1.89 1.89 4.45  
 
3    13.04.2018 5.00 2.50 26  
4  
. .  
 
13.04.2018 4.65 0.00 21.97  
 
5    19.02.2018 4.61 2.30 14.63  
6 
 
  19.02.2018 2.30 1.15 7.65  
7 
 
  14.09.2018 4.96 0.00 14.54  
8 
. . 
 
 
14.09.2018 5.00 0.00 14.07  
9 
 
  14.09.2018 5.00 0.00 14.21  
10 
 
 
 
14.09.2018 5.00 0.00 14.56  
11   
 
31.01.2019 5.00 0.00 11.84  
12   
 
31.01.2019 5.00 0.00 13.21  
13 
 
  21.02.2019 5.00 0.00 19.75  
14 
 
  29.05.2019 5.00 0.00 10.27  
 
15  
   08.06.2018 5.00 0.00 27.84  
16 
 
 
 
  31.07.2018 5.00 0.00 31.54  
221

17 
 
. .  
  31.07.2018 1.60 0.00 5.75  
18 
 
  14.09.2018 5.00 0.00 36.75  
19 
 
 
  26.09.2018 5.00 0.00 22.23  
20 
 
  
 
26.09.2018 1.50 0.75 6  
21 
. . 
 
 
26.09.2018 2.80 0.00 9.56  
22 
 
. . 
 
 
26.09.2018 3.24 0.00 6.06  
23 
 
  09.01.2019 5.00 0.00 22  
24 
 
 
 
31.01.2019 2.17 1.08 7.02  
25 
 
 
 
21.02.2019 4.76 0.00 24.45  
26    29.05.2019 4.95 0.00 8.23  
 
27 
 
 
 
 
 
19.02.2018 4.46 0.00 10.07  
28 . .  
 
13.04.2018 5.00 0.00 13.57  
29    13.04.2018 1.59 0.00 3.64  
30 
 
. . 
 
 
31.07.2018 3.00 1.50 6.5  
31 
 
 
 
 
 
14.09.2018 1.59 0.00 3.6  
32 
. 
  07.12.2018 3.13 0.00 6.76  
33 .    07.12.2018 2.89 0.00 7.29  
34 
 
 
 
09.01.2019 5.00 0.00 17.39  
222

35 
 
  29.05.2019 3.51 0.00 8.5  
 
36   
 
14.09.2018 3.65 0.00 7.98  
37 
 
 
 
 
 
14.09.2018 2.64 0.00 5.87  
38 
 
 
 
 
14.09.2018 4.09 0.00 9.5  
39 
 
 
 
  26.09.2018 1.74 0.00 4.07  
40  
  
 
22.10.2018 4.81 0.00 15.48  
41 
 
 
 
 
07.12.2018 1.53 0.00 3.39  
42 
 
 
 
 
07.12.2018 5.00 0.00 10.83  
43   
 
09.01.2019 1.65 0.00 3.49  
44 
 
 
 
31.01.2019 3.14 0.00 6.64  
45   
 
31.01.2019 3.09 0.00 6.54  
46   
 
18.02.2019 2.84 0.00 6.02  
47 
 
 
 
06.03.2019 1.89 0.00 3.82  
 
48 
 
. . 
 
 
19.02.2018 5.00 0.00 36.76  
49 
. . 
  19.02.2018 5.00 0.00 20.85  
50 
. . 
  19.02.2018 5.00 0.00 29.15  
51 
. . 
 
 
19.02.2018 4.97 0.00 14.99  
52  
    13.04.2018 4.06 0.00 16.72  
223

53    14.09.2018 1.95 0.00 6.76  
54  
. . 
  26.09.2018 1.64 0.00 7.84  
55 
 
. .  
  22.10.2018 2.55 0.00 9.06  
 
56 
 
. . 
 
 
19.02.2018 4.91 2.46 20.35  
57 
 
 
  26.09.2018 4.28 0.00 14.86  
58 
 
  09.01.2019 3.63 0.00 18.77  
59 
 
  31.01.2019 4.51 0.00 12.89  
 
60  
. .   19.02.2018 4.98 0.00 22.65  
61 
 
. .  
(  
  19.02.2018 4.95 0.00 22.65  
62  
   08.06.2018 5.00 2.50 18.73  
63 
 
. 
  14.09.2018 5.00 2.50 24  
64  
 
 
 07.12.2018 5.00 0.00 12.93  
65 
 
 
 
 
 09.01.2019 5.00 0.00 11.2  
66 
 
 
 21.02.2019 5.00 0.00 11.11  
 
67 
 
. . 
 
 19.02.2018 5.00 0.00 25.06  
68 -  
. . 
 
 19.02.2018 4.46 0.00 25.5  
224

69  
 
 
 
(
) 
19.02.2018 3.41 0.00 19.33  
70  
 
 19.02.2018 4.41 0.00 20.54  
71  
   13.04.2018 2.57 0.00 15.09  
72 
 
. ( -1) 
 
 08.06.2018 1.50 0.75 5.63  
73 
. ( -2) 
 
 08.06.2018 2.56 1.28 10.18  
74 
. ( -3) 
 
 08.06.2018 1.56 0.78 6.74  
75 
. ( -4) 
 
 08.06.2018 1.70 0.85 7.26  
76 
. ( -5) 
 
 
08.06.2018 1.72 0.86 7.61  
77  
   14.09.2018 5.00 0.00 19.31  
78  
 
 
 14.09.2018 2.67 2.67 11.95  
79  
 
 
 26.09.2018 2.57 0.00 10.11  
80  
 
 
 
(
) 
26.09.2018 1.89 0.00 3.73  
81 . .  
 
 
 22.10.2018 1.06 0.00 3.6  
82 
 
  09.01.2019 2.40 0.00 5.75  
83 
 
 
 
09.01.2019 3.53 0.00 11.5  
84 
 
 
 
31.01.2019 3.74 0.00 8.95  
85 
 
  31.01.2019 4.20 0.00 12.15  
225

86 
 
  21.02.2019 1.94 0.00 6.88  
87 
 
  29.05.2019 5.00 0.00 18.52  
88 
 
 
 29.05.2019 5.00 0.00 16.76  
89 
 
 
 29.05.2019 5.00 0.00 18.01  
90 
 
 
 
29.05.2019 3.24 0.00 7.42  
 
91 
 
  19.02.2018 1.51 0.00 3.48  
 
92 
 
-   31.07.2018 1.36 0.68 3.04  
 
93    22.10.2018 2.04 0.00 4.15  
 
94 
 
 
 
  19.02.2018 5.00 2.50 10.69  
95 
 
 
 19.02.2018 5.00 2.50 10.58  
96 
 
 
 19.02.2018 4.87 2.44 10.4  
97  
 
 26.09.2018 5.00 0.00 10.65  
 
98 
-
. . 
 
 
19.02.2018 5.00 5.00 22.31  
99 
 
  09.01.2019 5.00 0.00 20.52  
 
226

100 
. 
 
 
19.02.2018 5.00 2.50 69.98  
101 
. . 
 
 
19.02.2018 5.00 2.50 30.67  
102  
 
 
19.02.2018 2.20 0.00 8.76  
103 
 
 
 
08.06.2018 5.00 0.00 25.33  
 
104  
 
 19.02.2018 4.96 2.48 23.6  
105 
. . 
 
 
13.04.2018 4.60 0.00 23.12  
106  
 
 13.04.2018 1.23 1.23 4.4  
107 
 
 
 31.07.2018 1.18 0.59 4.99  
108 . . 
 
 14.09.2018 5.00 2.50 20.87  
109  
 
  22.10.2018 1.18 0.00 4.97  
110 
 
  21.02.2019 5.00 0.00 20.11  
 
111 . .  
 
19.02.2018 5.00 0.00 36.05  
112 
 
  19.02.2018 5.00 2.50 21.49  
113 
 
 
 
19.02.2018 5.00 0.00 20.07  
114    19.02.2018 4.18 0.00 15.08  
115 
( ) . 
 
 
19.02.2018 5.00 2.50 19.99  
227

116  
 
 19.02.2018 5.00 2.50 27.58  
117 . .   19.02.2018 5.00 2.50 20.12  
118 
 
  19.02.2018 2.64 1.32 10.46  
119 -
. . 
 
 
19.02.2018 4.43 0.00 17.46  
120 
 
 
 
19.02.2018 2.24 0.00 8.97  
121 . . 
 
 
19.02.2018 2.77 0.00 8.75  
122 . 
 
 19.02.2018 2.60 1.30 10  
123   
 
19.02.2018 1.68 0.00 6.62  
124 
. .( -2) 
  19.02.2018 4.88 2.44 20.24  
125    19.02.2018 3.16 1.58 9.58  
126 
. . 
  19.02.2018 3.59 1.80 11.46  
127 
 
 
. . 
  19.02.2018 1.00 0.00 5.17  
 
128 
. . 
  13.04.2018 4.32 0.00 26.67  
129 . .  
 
13.04.2018 5.00 2.50 19.14  
130 . .   13.04.2018 5.00 2.50 67.92  
228

131    13.04.2018 5.00 2.50 23.77  
132 
. . 
  13.04.2018 5.00 2.50 17.01  
133 . .   13.04.2018 5.00 2.50 55.13  
134 . .   13.04.2018 5.00 2.50 16.67  
135 
. . 
  13.04.2018 5.00 0.00 23.16  
136 . .  
  13.04.2018 5.00 0.00 18.32  
137 . . 
  
  13.04.2018 5.00 2.50 18.33  
138 .  
 
13.04.2018 1.98 0.00 7.06  
139 
 
  13.04.2018 1.64 0.00 4.97  
140    14.09.2018 4.12 0.00 12.89  
141 
 
 
  14.09.2018 4.65 2.33 20.07  
142 
. 
 
 
14.09.2018 5.00 0.00 23.34  
143        14.09.2018 5.00 0.00 18.71  
144  
   14.09.2018 5.00 0.00 15.78  
145  
 
 
 
  14.09.2018 5.00 0.00 26.36  
229

 
146 
. . 
 
 19.02.2018 5.00 0.00 15.45  
147 
. . 
 
 19.02.2018 5.00 0.00 14.41  
148 
. . 
 
 19.02.2018 4.27 0.00 14.86  
149 
. . 
 
 19.02.2018 5.00 0.00 14.75  
150  
 
 19.02.2018 5.00 0.00 14.39  
 
151 . .   22.10.2018 5.00 0.00 25.1  
152 . . 
 
 
07.12.2018 4.94 0.00 22.94  
153 
 
 
 23.01.2019 1.40 0.00 3.99  
154  
 
 29.05.2019 1.31 0.00 4.75  
 
 
 
 
 
 
 
230

  
 
 
 
.  
, 201  
 
 
 
.  
: 
 
( ) 
,
;  
 
( )  
;  
 
 
? 
 
 
 
 
 
 
I 
 
 
, ,
35% 
, , 50% 
50% 75% 
, , , , , 
231

 
 
 
 
 
  
 2010   2015  
 3.9-6.0 4.65-5.99 
 4.3-6.1 6.36-8.40 
 2.8- 10.1 5.26-9.96 
 5.8-18.0 4.58-15.88 
 0.8 0.92 
 6.9 5.23 
 2.9 10.52 
 2.3 2.71 
 3.7 6.74 
  
 
 
 
 
 
  
232

-I 
 
 
     
1.   11 3020 
2.   645 2533966 
3.   24 186984 
4.   170 906054 
5.   5 38050 
6.   82 467288 
7.   45 133611 
8.   16 18693 
9.   432 1600906 
10.   206 494538 
11.   17 20328 
12.   18 40073 
13.   20 82736 
14.   205 295114 
15.   158 243996 
16.   164 893411 
17.   532 907645 
18.   45 139264 
19.   9 90 
20.   425 1438404 
21.   14 80886 
22.   1385 9083758 
23.   498 5534394 
24.   115 237857 
25.   109 379509 
26.   17 65869 
  5367 25826444 
 
 
 
 
233

-II 
 
 
4-15  2019-20(31.05.2019 ) 
 
    
 
   
 
 
 
 
 
    2015-16         
1 
  
 22.05.2015 48.32 10.00 10.00   0.020 1.75 10   
    2016-17         
2 
 
  17.04.2017               
44.25  
               
10.00  
6.50 2.5 0.000   7  
3    17.04.2017               
63.70  
               
10.00  
10.00   0.032 0.9 10  
4    19.04.2017 14.02 4.29 2.78   0.008 0.75 4  
5 
 
  24.04.2017 31.87 7.23 2.50 2.30 0.011 0 0  
    2018-19         
6   15.10.2018               
35.36 
                
6.87 
    0.021 1.75 7  
234

7
 
12.10.2018
63.25  10.00  
0.025 2 14
8 
 
  29.10.2018 44.54 9.83       1 6  
9    15.10.2018               
76.48  
               
10.00  
    0.004 1.5 5  
10 
 
  22.10.2018 55.04 10.00     0.017 0.9 14  
11 
 
  09.11.2018 28.00 10.00   0.15 0.000   7  
12 
 
  31.10.2018 28.91 7.92     0.007 0.9 14  
13 
 
  06.11.2018 58.56 10.00     0.021 0.75 5  
14 
,  
  27.11.2018 48.73 10.00     0.067 3 12  
15 
 
  
 
 27.12.2018 86.00 10.00     0.028 1.5 12  
16
 
08.01.2019 58.04 10.00 0.000 1.8 1
17 02.01.2019 30.77 7.29 0.009 0.75 15
18 
 
  07.01.2019 38.48 10.00     0.021 0.9 14  
19 
 
  02.01.2019 52.50 10.00     0.020 0.9 14  
    2019-20         
20 
 
 
 
15.05.2019 12.45 3.53       0.6 1  
919.27 176.96 31.78 4.95 0.311 21.65 172  
    2017-18         
1    04.05.2017 5.00 2.45 0.77 0.00 0.01   3  
5.00 2.45 0.77 0.00 0.01   3  
    2017-18         
1     17.04.2017    15.32            
8.11  
5.28   0.010   2  
   15.32            
8.11 
5.28   0.010   2  
2015-16
235

1
 
22.05.2015 21.33 9.75 7.31 0.035 5
    2017-18         
2 
 
  04.05.2017 19.64 7.58 4.92 0.00 0.00   2  
40.97 17.33 12.23 0 0.035   7  
    2015-16         
1    22.05.2015 28.86 10.00 7.50 4.00 0.000   7   
    2017-18         
2 
 
  17.04.2017               
58.46  
               
10.00  
  2.00 0.030   5  
3 
 
  17.04.2017 29.46 10.00 6.50 2.00 0.010   16   
4 
 
/
 
 17.04.2017 25.18 8.71 5.66   0.01 1.20 1   
5 
 
  17.04.2017 41.83 10.00 2.50 2.70 0.030   3  
6   20.04.2017 176.74 10.00 6.50 8.00 0.000      
7    25.04.2017 35.00 10.00 6.50   0.014 2 7  
8 
 
  26.04.2017 46.00 10.00 6.50   0.003 1.5 6  
9    27.04.2017 32.85 10.00 6.50   0.030 2 2  
10 
 
  24.01.2018 33.51 8.43 2.35   0.024 0.5 14  
    2018-19         
11 
 
  05.11.2018               
90.14  
               
10.00  
  3.00 0.006   26  
12    06.11.2018 93.01 10.00     0.000 7.5 4  
13 
 
  27.12.2018 22.69 8.02     0.02 2.00 3  
713.73 125.16 50.51 21.7 0.177 16.7 94  
    2015-16         
1  , 
, 
 22.05.2015 38.69 8.80 8.80   0.094   4  
236

2
 
22.05.2015 36.92 10.00 2.50 0.097 24
    2017-18         
3 
 
  19.04.2017 19.31 4.00 1.00   0.005 0.5 3  
4 
 
  26.04.2017 36.38 8.32 5.41   0.035   8  
5    27.04.2017 23.19 8.72 5.68   0.040 3 5  
6 
 
  17.04.2017 26.11 9.20 2.30 1.00 0.002   5  
7 
 
  18.12.2018 17.47 7.38            
198.07 56.42 25.69 1 0.273 3.5 49 
 
 
 
2016-17 
1   31.08.2016 15.40 10.00 10.00   0.020   8  
    2017-18         
2 11.04.2017
40.00 10.00 
0.055 5
    2018-19         
3 
 
  12.10.2018               
16.94  
                
9.91  
    0.013 1 4  
4 
 
  30.10.2018               
15.00  
                
9.56  
    0.018   5  
5 
 
  12.11.2018               
19.04  
                
9.50  
    0.000   1  
6 
 
  08.01.2019               
21.13  
                
9.64  
  0.50 0.000   14  
127.51 58.61 10 0.5 0.106 1 37  
2015-16 
1    22.05.2015 16.88 10.00 7.50   0.020 2 6   
    2017-18         
2 
 
  19.04.2017 10.26 6.00 1.50 0.48 0.000   16  
3 09.05.2017 7.89 3.39 0.63 0.001 2
35.03 19.39 9.63 0.48 0.021 2 24
237

2017-18 
1 
 
  17.04.2017 17.27 4.49 1.12 0.50 0.001   8   
2 
 
  20.04.2017               
29.81  
                
7.61  
7.61 0.06 0.042   2   
3    24.04.2017 18.76 5.67 3.69 1.20 0.006   5  
4 
 
  08.08.2017 18.10 4.37 4.37   0.015 1 2   
    2018-19         
5 
 
  05.11.2018               
32.05  
                
9.52  
    0.021   7  
6    05.11.2018 15.00 8.62 2.16   0.024 1 5  
7      05.11.2018 36.54 10.00   0.50 0.0003   3  
8 
  
  12.11.2018 73.05 10.00     0.020   5  
9    16.01.2019 49.45 8.76   0.60     2  
    2019-20         
10
 
08.04.2019 31.74 8.71 36
321.77 77.75 18.95 2.86 0.1293 2 75
2017-18 
1 
 
  17.04.2017               
10.36  
                
3.01  
0.70   0.008 5 6  
2 
 
  17.04.2017 27.31 10.00 2.50   0.015 1 2  
    2018-19         
3    26.10.2018               
37.29  
               
10.00  
    0.180   2  
4 
 
  06.11.2018 46.66 10.00     0.026 0.75 10  
5 
 
  19.12.2018 28.09 9.47   1.00 0.003   7  
6  
 
 & 
 
 24.12.2018 31.36 10.00     0.020 0.75 2  
181.07 52.48 3.2 1 0.252 7.5 29  
238

2015-16
1 
 
  22.05.2015 32.25 10.00 7.50   0.070 2 4  
    2018-19         
2    12.10.2018 23.88 10.00   0.00 0.040 4 5  
3     17.12.2018 30.80 7.60   0.00        
86.93 27.6 7.5 0 0.11 6 9  
2015-16 
1    22.05.2015 20.47 7.69 7.69   0.035 2 1  
2 
 
, 
 
 22.05.2015 38.70 8.46 8.46   0.125   2  
    2016-17         
3 
 
  30.09.2016 24.87 7.85 7.846   0.090   2  
    2017-18         
4   17.04.2017               
31.29 
                
7.83 
1.95   0.094 1 5  
5    17.04.2017               
27.41  
                
7.25  
  0.80 0.050 1 9  
6    17.04.2017 26.48 8.44 8.44 3.00 0.003   9  
7 
 
  17.04.2017 22.79 4.88 3.17   0.050   7  
8 
 
  17.04.2017 5.31 1.71 1.03 0.40 0.000   9  
9 
 
  17.04.2017 17.45 4.00 2.56   0.05   4  
10 
 
  19.04.2017               
57.27  
                
7.46  
1.81   0.077   8  
11 
 
  19.04.2017 23.80 10.00 6.50 2.00     9  
12 
 
  19.04.2017 51.46 10.00 10.00   0.021 0.75 5  
13 
 
  19.04.2017 4.68 2.54 1.65 0.40     2  
14 19.04.2017 12.88 4.21 1.05 0.50 0.005 4
239

15
 
20.04.2017 33.74 9.54 2.38 3.00 0.000 1
16 
 
  20.04.2017 63.30 9.42 6.12   0.11   4  
17 
 
  25.04.2017 35.74 8.26 5.36   0.041   5  
18    25.04.2017 23.38 10.00 6.50   0.041 10 4  
19    25.04.2017 27.49 6.20 1.55   0.021   4  
20 
 
  25.04.2017 28.35 7.25 1.81   0.055 2 2  
21 
 
  03.05.2017 24.32 9.96 6.47   0.041 1.5 5  
22 
 
  29.01.2018               
14.26  
                
3.03  
0.76   0.050   3  
23 
 
  17.04.2017               
31.81  
                
7.46  
  1.00 0.020   5  
24    15.02.2018               
22.56 
                
9.99 
2.49   0.035 5 5  
    2018-19         
24
 
12.04.2018
16.25  5.50  
0.002 4.8 4
26 
 
  15.10.2018               
29.40  
                
9.67  
    0.040 2 8  
27 
 
  30.10.2018               
30.36  
               
10.00  
    0.030 4 4  
28    31.10.2018               
10.11  
                
3.60  
  0.50 0.000   6  
29 
 
  05.11.2018 14.87 4.02     0.012   5  
30 
 
  06.11.2018 18.90 5.83     0.006   2  
31 
 
  09.11.2018 63.33 10.00   2.50 0.00   4  
32     08.11.2018 44.80 10.00   2.00 0.001   17  
33 
 
  13.11.2018 46.06 10.00   1.00 0.002   5  
34   13.11.2018 27.89 8.52   1.00 0.000   20  
240

35
 
11.12.2018 21.00 8.68 0.066 4
36 
 
  27.12.2018 15.61 4.66   10.00 0.000   1  
37 
 
  08.01.2019 20.65 5.73   1.00 0.000   2  
38     18.01.2019 29.99 10.00     0.007 3 6  
39    07.01.2019 26.04 7.51     0.010   2  
40    07.01.2019 24.15 4.79     0.004   2  
41 
 
  23.01.2019 50.00 8.77   54.00 0.002   10  
42    18.03.2019 5.39 1.04   20.00 0.000      
1164.6
1 301.75 95.596 103.1 1.196 37.05 216  
2017-18 
1 
( ) 
  11.04.2017 14.96 7.87     0.026 1.50 3  
14.96 7.87 0.026 1.5 3
1 
 
  11.11.2011 5.20 3.03 3.03   0.003   11  
2 
 
  30.07.2012 17.26 9.74 9.74   0.003   29  
22.46 12.77 12.77   0.006   40  
2017-18 
1 
 
, 
   
 
 17.04.2017 21.44 8.10 5.28   0.010 1.00 7  
    2018-19         
2    12.10.2018               
15.27  
                
9.67  
    0.005   5  
36.71 17.77 5.28   0.015 1 12  
2017-18 
1 17.04.2017
77.18 10.00 
10.00 0.020 1.75 4
241

77.18 10 10 0.02 1.75 4
2015-16 
1 
 
  22.05.2015 31.00 10.00 10.00 1.50 0.000   24  
2 . 
 
  22.05.2015 18.92 3.83 3.83 2.00 0.002   15  
3    22.05.2015 23.30 10.00 7.50   0.050   3  
    2017-18         
4   /  11.04.2017 25.06 9.53 6.19   0.050 3.00 5  
5 
 
  17.04.2017               
22.77  
                
7.59  
1.90   0.006 2 4  
6 
II  
  19.04.2017 9.50 3.68 2.39 0.40 0.000   10  
7 
 
  25.04.2017 13.29 4.77 3.04   0.02 2.00 3.00  
8 
 
  02.05.2017 12.00 3.98 3.98   0.035 1.70    
9
 
09.03.2018 10.94 3.30 0.83 0.50 0.008 9
 
 
    2018-19         
10    29.10.2018               
17.31  
                
6.50  
    0.044 2.5 3  
11 
 
  05.11.2018                 
3.90  
                
1.38  
  0.80 0.001   2  
187.99 64.56 39.66 5.2 0.216 11.2 78  
2015-16 
1    22.05.2015 2.50 0.83 0.83 0.10 0.000   4   
    2017-18         
2    11.04.2017               
12.65  
                
4.88  
2.94   0.030 0.5 4  
3 
 
  17.04.2017               
24.44  
                
7.53  
4.14 1.00 0.001   12  
4    20.04.2017               
23.43  
                
8.74  
5.30   0.036 5 4  
5  , 
 
 20.04.2017 41.09 7.66 4.98   0.12   3  
242

6
  
26.04.2017 19.36 5.62 3.65 0.079 0.3 2
7 
 
  24.01.2018 37.68 9.76 6.10 0.50 0.000   13  
537.13 174.14 107.26 12 0.698 28.2 198  
2015-16 
1 
 
 , , 
, , 
, 
, 
 
22.05.2015 24.75 4.85 4.85   0.028   10  
    2017-18         
2 
 
  19.04.2017 25.98 8.41 5.46   0.087 0.75 5  
3    20.04.2017               
38.93  
               
10.00  
2.50 0.50 0.007   20  
4 
 
 
 
02.05.2017 46.78 10.00 2.50 2.00 0.000      
5 
 
  04.05.2017               
44.68  
                
9.16  
5.31   0.108   3  
6 
 
  18.08.2017               
10.00  
                
3.55  
2.16   0.010 0.5 3  
    2018-19         
7 
  
  17.04.2018                 
9.66  
                
3.07  
2.00 0.50 0.000   4  
8 
 
  13.11.2018               
47.40  
                
1.43  
0.00 0.20 0.001   1  
9 
 
  15.11.2018 24.84 8.24   2.00 0.000   4  
273.02 58.71 24.78 5.2 0.241 1.25 50   
 
2017-18 
1   g 11.04.2017 24.99 8.87 2.22   0.095 3.00 5  
2     12.04.2017 29.37 6.95 6.95   0.020 2.00 5   
3 24.01.2018 26.75 6.51 1.63 0.001 0.50 3
243

4
 
06.11.2018 28.96 10.00 1.00 0.002 8
5 
 
  06.11.2018 63.06 10.00   3.00 0.000   7  
6 
 
  09.11.2018 31.94 7.88   1.50 0.002   7  
205.07 50.21 10.8 5.5 0.12 5.5 35  
2015-16 
1    22.05.2015 19.95 8.65 6.49   0.048 3 2  
2    22.05.2015 23.63 10.00 10.00   0.030 2 4  
3 
 
  22.05.2015 18.47 7.98 7.98   0.045 3 2  
    2017-18         
4 
 
  11.04.2017               
37.90  
                
8.36  
               
1.88  
  0.018   2  
5
 
11.04.2017
38.11  10.00  
2.12 0.000 1 2
6 17.04.2017 27.15 9.74 9.74 0.108 5.00
7 
 
  17.04.2017 19.28 7.62 4.89 1.00 0.006   3  
8 
 
  19.04.2017 14.23 5.21 3.38 0.40 0.0004   6  
9 
 
  20.04.2017               
26.10  
                
9.69  
6.18   0.005 1.6 1  
10    20.04.2017 25.62 9.19 9.19   0.030 5.00 2  
11 
 
  25.04.2017 21.60 8.47 5.50   0.042 3 5  
12 
 
  25.04.2017 23.97 9.67 6.28   0.065 3 5  
13    27.04.2017 26.24 8.48 8.48   0.060 3 1  
 
 
    2018-19         
14    12.10.2018               
23.53  
                
9.13  
  0.00 0.049 3.25 5  
15 
 
  30.10.2018               
47.28  
               
10.00  
  2.00 0.000   4  
16 05.11.2018
41.60 10.00 
2.00 0.001 6
244

17
 
08.11.2018
66.81  10.00  
0.002 2
18 
 
  05.12.2018               
36.57  
                
7.35  
  3.30 0.000   2  
19    28.12.2018               
22.76  
                
6.18  
    0.001      
20 
 
  08.01.2019               
19.82  
                
7.02  
    0.040 3 6  
580.62 172.74 82.11 8.7 0.5504 35.85 60  
1    22.05.2015 20.82 10.00 10.00   0.050 4 3  
2 
 
  22.05.2015 21.98 10.00 7.50 1.50 0.000   11  
3    22.05.2015 17.15 10.00 10.00   0.034 2 2  
4    22.05.2015 16.26 9.71 9.71   0.040   1  
5   22.05.2015 18.36 10.00 2.50   0.040 3 2  
6    05.09.2016 16.12 10.00 10.00   0.087 2.5 2  
7
 
15.02.2018 16.82 9.71 2.47 0.030 4 3
8    16.02.2018 15.6 9.49     0.022 3 3  
9     16.02.2018 17.54 10.00     0.108 3 1  
10     16.02.2018 18.86 9.83 6.39   0.035 2 7  
11 
 
  09.03.2018 16.75 6.96 1.65   0.036 3 2  
12 
 
  12.10.2018 18.00 9.50     0.006 1 5  
13    26.10.2018 23.14 10.00     0.041 5 3  
14 
 
  05.11.2018 14 8.52     0.002   1  
15    17.12.2018 23.01 10.00       5 3  
274.41 143.72 60.22 1.5 0.531 37.5 49  
2015-16 
1 28.05.2015 17.41 7.16 7.16 0.050 2
245

2017-18
2    20.04.2017 35.28 8.27 8.27   0.01 1.00 1  
    2018-19         
3 
 
  12.10.2018 40.66 10.00     0.06 0.75 6  
4 
 
  29.10.2018 36.08 10.00     0.05   5  
5 
 
  05.11.2018 28.78 8.81     0.00   11  
158.21 44.24 15.43   0.17 1.75 25  
6177.0
4 1680.74 639.45 173.69 5.22 222.90 1271 
 
 
246

 
 
79  
 21 , 2019  
 
 
 
79.  : 
  
(  
;
(  , ;  
 , ?   
 
 
 
  
 
 
100% 
100% 
  
  
 100%, 
 
100% 
 
, 
 
(i) ; ii)
; (iii) ; (iv)
; (v) (vi)
(vii) , ,
35% 75% 
, , , 
 
, 
 
 , ,
 
 
 
247

 
 
 
80  
 
21 , 2019  
 
 
 
80. : 
  
(  
, , ;  
(  , , 
?   
 
 
 
 
 
(  , , 
 , 
-I  
 
 
248

 
-I 
2019 
 
( ) 
  
 
 
    
 
1.  
, -
, -
 
142.80 121.10 50.00 49.92 
2.  
, -
, -
-  
57.81 122.60 50.00 44.53 
3. 
 
- , -
, -
 
57.45 125.25 50.00 28.49 
 
  
  
 
 
249

 
 
81  
21 , 2019  
 
 
 
81  : 
  
(  
;  
(  , ;  
(  
?   
 
 
 
 
 
 
 , 
 
1. ;  
2. ;  
3.  
4. ;  
5. ;  
6. ;  
7.   
, 2018 
 
, , , , 
, , ,  
 
I II  
250

-I 
2019 
 
 
 , 2017 
 
 
   
 
 
 
 
 
 
 
  
1  1 
0 0 1 0 0 0 0 0
2  15 0 0 0 1 1 2 0 0
3  0 0 2 1 0 0 0 0 0
4  0 0 0 1 0 0 1 0 1
5  1 0 2 0 0 0 0 0 0
6  0 0 0 0 0 0 0 0 0
7  0 0 10 2 1 0 0 1 0
8  0 
0 12 5 0 0 0 0 0
9  0 0 9 1 0 0 0 0 0
10  0 0 12 1 0 0 1 0 1
11  0 0 0 0 0 0 0 0 0
12  4 1 8 5 7 1 2 1 2
13  1 1 4 1 1 0 2 0 6
14  4 0 7 4 2 0 0 0 0
15  1 0 24 8 3 0 0 7 0
16  0 0 1 1 0 0 0 0 0
17  7 1 1 0 4 0 2 0 5
18  4 0 1 0 2 0 1 2 1
19  0 0 4 0 0 0 0 0 0
20  2 0 2 0 1 0 1 2 0
21  21 0 4 2 13 0 5 10 3
22  0 0 7 1 1 0 0 0 0
23  0 0 0 0 0 0 0 0 0
24  0 0 17 0 0 0 0 0 0
25  1 1 0 1 0 0 0 0 0
26  0 0 0 0 0 0 0 0 0
27  0 0 18 4 0 0 0 0 0
28  4 0 5 1 4 0 2 0 2
29  1 0 4 0 6 0 0 0 0
30  0 0 0 0 0 0 0 0 0
31  6 0 0 0 8 0 4 0 8
32  4 0 0 0 1 0 0 1 1
33  0 0 0 0 0 0 0 0 0
34  7 2 0 0 6 0 1 0 4
35  9 0 0 0 2 0 2 0 0
36  3 0 0 1 1 0 0 0 1
   96 6 154  41 64 2 26 24 35
 
251

-II 
2019 
 
 
, 2017 
 
 ( ) 
  
  
 
 
 
 
 
 
 
  
 
1 2.45 0 0 0 0 0 0 0 0 
2  135.44  0 0 9.107 4.60 48.82 7.91 0 0 
3  0 0 0 0 0 0 0 0 0 
4  0 0 6.89 7.380 0 0 1.73 0 0.33 
5  7.58 0 0 7.908 0 0 0 0 0 
6  0 0 0 0 0 0 0 0 0 
7  0 0 9.65 0 2.41 0 0 0.14 0 
8 0 0 0 0 0 0 0 0 0 
9  0 0 0 0 0 0 0 0 0 
10  0 0 0 0 0 0 1.00 0 0.67 
11  0 0 0 0 0 0 0 0 0 
12  36.45  50.00 41.87 14.36 29.35 25.22 2.67 0.17 0.64 
13  7.38 50.00 46.02 40.473 5.00 0 7.05 0 2.06 
14  38.61  0 30.17 10.00 7.35 0 0 0 0 
15  3.39 0 36.07 10.00 9.10 0 0 1.43 0 
16  0 0 0 0 0 0 0 0 0 
17  59.98  50.00 30.17 38.59 17.34 0 3.44 0 2.21 
18  39.47  0 17.33 38.09 8.02 0 0.98 0.34 0.27 
19  0 0 0 0 0 0 0 0 0 
20  17.60  0 30.43 0 0.33 0 1.58 0.34 0 
21  151.29  0 76.13 74.206 38.00 0 4.40 1.42 1.05 
22  0 0 1.51 10.00 0.74 0 0 0 0 
23  0 0 1.36 0 0 0 0 0 0 
24  0 0 2.04 0 0 0 0 0 0 
25  9.67 0 19.87 0 0 0 0 0 0 
26  0 50.00 10.00 0 0 0 0 0 0 
27  0 0 0 5.28 0 0 0 0 0 
28  15.16  0 17.20 14.687 11.12 0 6.42 0 1.14 
29  9.76 0 23.15 9.483 6.22 0 0 0 0 
252

30 0 0 0 0 0 0 0 0 0 
31  35.45  0 63.17 0 21.16 0 8.86 0 3.62 
32  34.39  0 0 6.369 0.82 0 0 0.17 0.25 
33  0 0 0 0 0 0 0 0 0 
34  59.68 0 81.71 40.00 15.62 0 1.12 0 1.96 
35  84.00 100.00 0 10.00 9.21 0 3.81 0 0 
36  28.81 0 36.92 0 1.68 0 0 0 0.54 
   776.56 300.00 581.66 345.933 188.07 74.04 50.97 4.01 14.74 
  
  
  
 
 
253

 
 
82 
  , 9  
 
 
 
82 . . .  
 
 
 
; 
( , , ,
;  
 
 
 
 
 
 
- , 
, , 
 
. , ,
- I  
 
( ) 
, 
, 
http:/gpdp.nic.in) 
, -II  
****** 
 
254

-I
 
 
 
   
 
1  70 
2  12918 
3  1786 
4  2573 
5  8015 
6  12 
7  10977 
8  20 
9  15 
10  191 
11  14289 
12  6204 
13  3226 
14  4192 
15  4356 
16  6020 
17  941 
18  22206 
19  27851 
20  161 
21  1523 
22  621 
23  1171 
24  2479 
25  12998 
26  9890 
27  185 
28  12524 
29  7166 
30  1178 
31  7774 
32  58743 
33  3230 
 245505 
 
******
255

-II
 
,  
 
    
1  20.71 
2  19.00 
3  14.96 
4  13.43 
5  11.47 
6  10.77 
7  10.29 
8  10.12 
9  10.08 
10  10.03 
11  10.00 
12  9.98 
13  9.86 
14  9.75 
15  9.55 
16  9.52 
17  9.37 
18  9.33 
19  9.25 
20  9.25 
21  8.87 
22  8.86 
23  8.54 
24  8.49 
25  7.48 
26  7.42 
27  6.78 
28  6.46 
29  5.96 
30  1.46 
31  1.05 
32  0.97 
33  0.38 
                                                                    ***** 
256

 
 
 
 83 
21 , 9  
 
 
 
83  
 
 
 
- , - - ; 
( - , - ;  
- ; 
-
- ?  
 
 
 
  
 
  
(  -
 
-I -II
-
 
 
(
-
, 
 
                                  ***** 
257

 
-I 
 
 
 
 
-
 
( ) 
  
 
 
 
2015-16 2016-17 2017-18 2018-19 2019-20 
1  12.5 91.61 81.35 67.69 200.22 - 
2  0 0.59 3.59 33.19 37.33 - 
3  17.08 49.08 27.59 39.21 111.29 - 
4  0 0 0 4.25 23 - 
5  14.64 42.62 33.21 7.24 101.349 - 
6  0 33.38 0 0 1.06 - 
7  0 11.37 10.55 6.99 31.03 - 
8  2.48 1.4 0 17.26 19.14 - 
9  0 0 0 25.06 0 - 
10  9.49 20.9 47.16 4.49 89.69 - 
11  32.71 15.08 41.08 0 27.94 - 
12  0 8.55 23.36 7.68 27.16 - 
13  10.8 55.45 30.25 62.79 130.36 - 
14  4.5 21.17 44.53 11.54 85.74 - 
15  5.4 9.82 6.52 9.25 27.14 - 
16  0 9.22 10.13 9.85 27 - 
17  0 25.06 32.9 0 68.39 - 
18  2.69 11 8.26 29.68 21.95 - 
19  4.48 22.27 13.72 25.57 40.51 - 
20  1.26 2.33 5.35 5.08 15.79 - 
21  8.96 27.32 36.83 57.6 93.27 - 
22  1.35 8.3 1.21 2.77 13.63 - 
23  13.13 43.38 16.84 0 57.26 - 
24  3.09 13.21 7.82 33.05 55.42 23.79 
25  11 39.87 84.07 57.14 135.92 75.23 
26  9.91 21.86 48.44 54.94 130.69 20.81 
258

  
 
 
27  1.06 1.38 0.21 0 2.65 - 
28  0 0 0 0 1.09 - 
29  0 0 0 0 1.51 - 
30  0.29 0 0 0 0.29 - 
31  1.65 0 0 0 0 - 
32 
 
0 0.17 6.75 0 3.64 
- 
 33  0 0 0 4.44 0 - 
 34  0 0 0 7.89 0 - 
 
 
 
 
***** 
259

-II
 
 
13.06.19  
( ) 
/ 
 
 2015-16* 2016-17 2017-18 2018-19 2019-20 
(13.06.2019 )
 
/ 
  
/ 
  
/ 
  
/ 
  
/ 
 
1.  
 
   - - 2.01 2.01 2.17 2.17 2.24 - -  
 
- - 0.10 0.10 0.10 0.10 0.10 - - 
2. 
 
 
   - - - - 0.05 0.05 0.50 0.50 - 
- - - - - - - - - 
3.  
 
   - - 1.62 1.62 1.27 1.27 1.20 - - 
- - 0.10 0.10 0.10 0.10 0.10 - - 
4.  
 
   - - - - - - 0.43 - - 
- - - - - - - - 0.20 
5.  
 
   - - 1.36 1.36 1.32 1.32 1.19 - - 
 - - 0.10 0.10 0.10 0.10 0.10 - - 
6.  
 
   - - 1.56 1.56 1.45 1.45 1.42 - - 
- - - - 0.10 0.10 0.10 - - 
7.     - - 1.24 1.24 0.96 0.96 1.28 - - 
260

/ 
 
 2015-16* 2016-17 2017-18 2018-19 2019-20 
(13.06.2019 )
 
/ 
  
/ 
  
/ 
  
/ 
  
/ 
 
  - - - - - - 0.30 - - 
8. 
 
 
   - - - - 0.91 0.91 1.24 - - 
- - - - 0.079 - 0.12 - - 
9. 
 
 
   - - - - - - 0.08 - 0.0008 
- - - - - - - - - 
10.  
 
   - - - - 1.24 1.24 0.87 - - 
- - - - - - 0.20 - - 
11.  
 
   - - 1.50 1.50 1.40 1.40 1.35 - - 
- - 0.10 0.10 0.10 - 0.10 - - 
 - - - - - - 0.10 - - 
12.  
 
   - - 1.45 1.45 1.45 1.45 1.45 - - 
 - - - - 0.20 - 0.10 - - 
13.  
 
   - - 2.58 2.58 2.22 2.22 2.53 - - 
 - - - - 0.20 - - - - 
14.  
 
   - - 2.19 2.19 2.17 - 2.16 - - 
- - - - 0.10 - 0.30 - - 
15.  
 
   - - 0.20 0.20 0.73 0.73 0.70 - - 
- - 0.10 0.10 0.10 0.10 - - - 
261

/ 
 
 2015-16* 2016-17 2017-18 2018-19 2019-20 
(13.06.2019 )
 
/ 
  
/ 
  
/ 
  
/ 
  
/ 
 
16.  
 
   - - - - - - 4.19 - - 
 - - - - - - - - - 
17.  
 
   - - 1.52 1.52 1.39 1.39 1.54 - - 
- - 0.08 0.08 0.12 0.12 0.10 - - 
18.  
 
   - - 1.52 1.52 1.36 1.36 1.44 - - 
 - - 0.10 0.10 0.10 0.10 0.10 - - 
19.  
 
   - - 0.70 0.70 0.66 0.66 0.70 - - 
 - - 0.10 - 0.10 0.10 0.10 - - 
 - - - - - - 0.05 - - 
20.  
 
   - - 1.74 1.74 1.59 1.59 1.66 - - 
 - - 0.10 0.10 - - 0.20 - - 
21.  
 
   - - 1.29 1.29 1.36 1.36 1.32 - - 
 - - 0.10 0.10 0.10 - 0.10 - - 
22.  
 
   - - 0.91 0.91 0.91 0.91 0.83 - - 
- - 0.10 0.10 0.10 0.09 0.10 - - 
23.  
 
   - - 1.26 1.26 1.23 1.23 1.23 - - 
- - 0.10 0.10 0.10 0.10 0.10 - - 
24.  
 
   - - 4.19 4.19 4.07 4.07 4.45 - - 
 - - - - - - 0.20 - - 
25.    - - 1.90 1.90 1.90 1.90 1.45 - - 
262

/ 
 
 2015-16* 2016-17 2017-18 2018-19 2019-20 
(13.06.2019 )
 
/ 
  
/ 
  
/ 
  
/ 
  
/ 
 
 
 
- - 0.10 0.10 0.10 0.10 0.10 - - 
 - - - - - - 0.20 - - 
26.     - - - - - - 0.15 - - 
- - - - - - 0.10 - - 
 
1. :  
     
     
  
 
2. *" -
- 2018-19 ) 
 
3. -  
4. - , 
-  
****** 
263

 
 
 
 
  84 
21 , 9  
 
 
 
84 . .  
 
 
 
- , ,
; 
( 50,000
, ,
; 
- ,
- ; ,
;  
 
 
 
 
 
 
 
 
-
- -  
264

 
 
, :
, 
:  
, ,
 , 
,
 
(
, 
-
- , , , 
, , , 
 
 
, 
 ix
265

 
 
,
  
, , 
 
 
      ******  
 
 
 
 
 
 
 
 
 
 
 
 
 
 
 
   
   
  
266

 
 
  
 
  
   
1  
https://accountingonline.gov.in/ 
,  
2  
http://planningonline.gov.in/ 
)  
3  ( ) 
http://panchayatportals.gov.in/ 
 
, ) 
 
4  
http://lgdirectory.gov.in/ 
 
5  
http://reportingonline.gov.in/  
6 (NAD) 
http://assetdirectory.gov.in/ 
; 
 
7  
http://areaprofiler.gov.in./ 
, , 
, -
, 
 
8  
http://serviceonline.gov.in./ -
 
267

 
 
   
9 
http://socialaudit.gov.in./ 
, 
 
10  
http://trainingonline.gov.in/ 
, , 
 
11 
 
 
  
       
      ****** 
268

Sk 
21.06.2019
85
 
85.
 
( )  
 ;
( ) ,  ;
( ) / /    
;  
( ) , ? 
 
 
( )
( ):  
 
( ):  
( ) ( ): 22671/22672 -  
6 30 ,
****** 
269

Sk 
 
21.06.2019
. 86  
 
 
 
86.   
 
  
 
( )   
 - ; 
( ) -  ; 
( )  ;  
( )  -  /  ? 
 
   
( )
( )  ( ): 
****** 
  
270

Sk 
 21.06.2019 
. 86 ( ) ( )  
 
( )  ( ):  78  491 
( , , ) 
/ /    -
:- 
* 
20
31
55
17
06
 40
10
 04
 03
 31
35
09
40
37
 35
 14
30
13
 22
78
 04
54
  *  
( ): / / ,
 , , 
, 
271

Sk 
 
 
( ):  
, , 
, , , 
, 
, ,
1.5 .
****** 
272

Sk 
21.06.2019
87
87.
 
( ) -
, -  , 
  ; 
( ) ,  ;  
( )  ,  
-  
  ? 
 
 
 
( )
 
( ):  
 
( ):  
 
( ):
, , 
 
 , , 
   
****** 
273

Sk 
21.06.2019
88
-
88.
 
( )  -  -
; 
( )  1000  
; 
( )   
  ;  
( ) , ? 
 
 
( )
( ) : 1256    
-I   
  -
 
( ) : 1000  342 
, ,   
  -  
( ) ( ) :    2017 / -
  
- II  
*****  
274

Sk 
       21.06.2019     .     
88 ( ) -I
  
. . *  ( )/ 
( )/
( ) 
1 12025-26 -
2 12051-52 -
3 12071-72 -
4 11013-14 
5 11015-16
6  11019-20  
7  11027-28 -   
8  11,033-34    
9  11037-38 -   
10  11041-42 -   
1 1  11061-62 -   
12  11073-74 -  
13  11077-78 -   
14  11085-86 -  
15  11097-98  
16  12101-02  
17  12107-08 -  
18  12113-14 -  
19  12123-24 -  
20  12129-30  
21  12137-38 -  
22  12141-42 -  
23  12149-50  
24  12151-52   
25  12153-54 -  
26   12161-62 -  
27  12163-64 -  
28  12165-66  
29  12173-74 -
30  12223-24 -  
31  12293-94 -   
32  22103-04 -
33  22109-10 - -
34  22115-16 -  
35  22119-20 -  
36  22121-22 - -
275

Sk 
37 22131-32 
38 22149-50 -
39  22221-22 -
40  22935-36 -
41 , , 12485   -
42 , , 
 
12486 -
 
43 , , 22456 -   
44 , , 
 
22457-58 -
 
45 , , 16229  -  
46 , , 16230 -
47 ,  11055 -   
48 ,  11057 - (  ) 
 
49 ,  11058 - (  ) 
 
50 ,  11059 -
51 ,  11067  
52 ,  11068  
53 ,  11071  
54 ,  11072  
55 ,  11093  
56 ,  11407  -   
57 ,  12104   -  
58 ,  12148 -
59 ,  12167 -  
 
60 ,  12335 -  
 
61 ,  12361  -  
   
62 ,  12362 -  
 
63 ,  12405  -
  
64 ,  12421  - 
 
65 ,  12422 -    
276

Sk 
66 , 12545 -
67 , 12546 -
68 ,  12741 -
69 ,  12742 -
70 ,  12943  
71 ,  12944  
72 ,  14314 - 
73 ,  15017  
74 ,  15018  
75 , 15029 -
76 , 15030 -
77 , 15068 -
78 , 15101 -
( )  
79 ,  15547 -
  
80 ,  15548 -
81 ,  15559 -   
  
82 ,  15560  -   
 
83 ,  15564 -  
84 ,  17019 - 
85 ,  17020 -   
86 ,  17323 -
87 ,  17324 -  
88 ,  19051  
89 ,  19057 -  
90 ,  19063 -   
91 ,  19064  -   
92 ,  22111  -  ( ) 
 
93 ,  22112 - (   ) 
 
94 ,  22129 
95 ,  22130 
96 ,  22937 -  
97 ,  22968 -  
98 ,  22971  - 
 
99  12073-74  
100  12277-78 -  
277

Sk 
101 12281-82 -
102 12801-02 -
103 12803-04 -
104  12807-08 -
105  12815-16 
106  12819-20 
107  12829-30  
108  12843-44  
109  12845-46   
110  12875-76  
111 12879-80 -
112 12897-98 
113 18309-10 
114 18401-02 
115  18405-06   
 116  18407-08   
117  18421-22 -  
118  18,463-64  
119  18473-74  
120  18477-78  
121  18495-96  
122  18501-02 -  
123  18507-08  
124  18509-10  
125  18573-74 -  
126  22,805-06   
127  22811-12  
128  22823-24  
129  22833-34 -  
130  22865-66   
131  12145  
132  12146   
133  12356  
134  12357  
135  12893 -
136  12894 -  
137  14710   
138  15639 -
139  18005   
140  18006  
141  18108  
142  18211  
143  18212  
144  18301  
278

Sk 
145 18303 
146 18304 
147  18415 -
148  18416 -  
149  18425  
150  18426  
151  18448  
152  18511 -     
153  18512 -   
154 18515 -
155 18516 -
156  22810 -
  
157   22819 -  
158  22820 -  
159  22827 -  
 160  22828  
161  22839    
162  22847 -  
163  22848 -  
164  22874 -
165   22910 -  
166  58501 -  
167  58502 -
168 , 
 12774 -     
169 ,  17015/16 -
170 ,  17479/80 -  
171 ,  17481/82 -  
172 ,  18047/48 -
  
173 , 
 18637  -     
174 ,  18645/46   
175 , 
 22611/12   
176 , 
 22613   
177 , 
 22614   
178 , 
 
22818 -  
  
179 , 
 22825  -     
279

Sk 
180 , 
 22826 -   
181 , 
 22850/49 -
182 ,  22856 -  
183 , 22859 -
184 , 
 22860 -     
185 , 
 22881 -
186 , 22883 
187 ,  
, 12659 -
188 , 
, 12660 -    
189 , 
, 22603       
190 , 
, 22604 -      
191 , 
, 22605 -     
192 ,  
, 22606 -     
193  , 
, 
22852  -  
  
194 , 
 22909   
195  12023-24   
196  12365-66 .-
197  12309-10 –   
198  12355-56  
 199  12389-90  
200  12391-92    
201  12393-94  
202  12395-96 -
203  12397-98  
204  12521-22  
205  12553-54 -    
206  12557-58   
207  12561-62 
208  12565-66   
209  12569-70 -    
210  12577-78 
280

Sk 
211 13201-02 -
212 13237-38 -
213  13239-40 -  
214  13281-82 
215  13351-52  
216  15227-28 -  
217  15705-06 -   
218  82355-56 -  
219 12019-20  
220 12259-60 –
221 12273-74 –
222 12301-02 –
223 12303-04  
224 12305-06 -  
225 12307-08  
226 12311-12  - 
227  12313-14  -  
  
228 12321-22 -  
229 12327-28  -
230 12329-30   
231 12331-32 
232 12345-46  
233 12367-68 
234 12369-70 -   
235  12371-72 -  
236 12379-80 
237 12381-82  
238 13005-06  
239 13107-08  -  
240 13109-10  -  
241 13151-52  
242 13413-14   
 243 13,483-84  
244 22201-02 -  
245 22317-18 -
246 12033-34 
247 12179-80 -  
248 12419-20 
249 12427-28  
250 12487-88  
251 13,007-08  
252 14125-26  
281

Sk 
253 14163-64
254 15003-04
255 18205-06 -  
256 19715-15 -
257 22441-42 -
258 22487-88 
259 ,  , 
 22683 -
260 ,  , 22684 -
261  12091-92 -
  
262 12511-12 -   
263 12533-34 -  
264 12541-42 
265 12559-60 
266 12571-72 -  
267 12583-84 -    
268 12587-88   
269 12589-90 -    
270 12591-92 -  
271 12595-96 -   
272 15045-46  -  
273 15097-98   
274 12529-30 -  
275 12531-32 -  
276 13019-20  
277 15065-66 -  
278 15203-04 -    
279 , 11111-12 
280 ,  12,203-04  
281 ,  12229-30 
282 ,  12231-32 -  
283 ,  12,237-38  
284 ,  12317-18   
285 ,  12325-26 -  
 286 ,  12353-54 -  
287 ,  12357-58  
288 ,  12357-59 / -  
289 ,  12429-30 -    
290 ,  12555-56  
291 ,  13049-50 
292 ,  13119-20  –    
293 ,  13307-08
282

Sk 
294 , 13429-30 
295 , 14003-04 
296 ,  14007-08  
297 ,  14013-14  
298 ,  14015-16  
299 ,  14017-18  
300 ,  14115-16 -  
301 ,  14205-06 -  
302 ,  14207-08   
303 , 14227-28 
304 , 14235-36 -
305 , 14259-60 
306 ,  14261-62 
307 ,  14265-66 -
308 ,  14511-12  
309 ,  14523-24  
310 ,  14649-50 
311 ,  14673-74  
312 ,  15001-02  
313 ,  15005-06  
314 ,  15007-08 
315 ,  15011-12 -
316 ,  15053-54 -
317 ,  15057-58  
318 ,  15115-16  
319 ,  15,279-80   
320 ,  15623-24 -  
321 ,  15707-08 -   
322 ,  15903-04 -  
323 ,  19168 -  
324 ,  19313-14 -  
325 ,  19321-22  -  
326 ,  19601-02 -
327 ,  22355-56 -  
328 ,  22407-08   
329 ,  22419-20   
 330 ,  24227-28  
331 , , 
 14853-54    
332 , , 
 14863-64    
333 , , 
 14865-66    
334 , , 19403-04  
283

Sk 
335 , , 19407-08 -
336 , , 
 19167 -
337  12041-42 -
338  12067-68 - ,   
339  12085-86 - -
340  12087-88 - -  
341 12501-02 - -
342  12503-04 -  
343  12505-06  
344  12507-08  
345  12509-10 -
346  12513-14 -  
347  12515-16  
348  12519-20 -  
349  12551-52 -  
350  15483-84   
351  15601-02
352  15629-30 -  
353  15631-32 -  
354  15635-36  
355  15645-46 -
356  15647-48 -
357  15651-52 - , 
358  15653-54 - -  
359  15667-68  
360  15901-02 -  
361  15905-06 -  
362  15909-10
363  15929-30  
364  15933-34 -
365  15959-60  
366  20501-02 -   
367  12001-02   
368  12003-04  
369  12005-06  
 370  12011-12 
371  12013-14 
372  12015-16  
284

Sk 
373 12017-18 
374 12029-30 
375  12031-32  
376  12037-38 
377  12039-40 
378  12043-44 
379  12045-46  
380  12047-48 -  
381  12053-54 -
382 12055-56 
383 12057-58 
384 12049-50 –
385  12217-18  
386  12263-64   
387  12283-84   
388  12423-24 
389  12425-26  
390  12431-32  
391  12433-34   
392  12437-38  
  
393  12441-42  -   
394  12449-50  
395  12453-54 -    
396  12471-72  
397  12473-74  
398  12475-76  
399  12477-78  
400  12483-84 
401  12493-94  -   
402  14005-06 -SMI 
403  14055-56 -  
404  14257-58 
405  14611-12 -  
406  20503-04 ( 12235-36)   
  
407  20505-06 ( 12436-35) 
  
408  20839-40 -
409  22411-12 -
410  22413-14 -  
411  22415-16 -  
 412  22417-18 -  
285

Sk 
413 22436-35 -
414 22461-62 -
415  52451-52 -  
416  12211-12  
417  12215-16  
418  12413-14 -  
419  12445-46   
420  12459-60 –   
421  12497-98  
422 12523-24 -
423 13009-10 
424 14033-34 
425  14035-36   
426  14095-96  
427  14113-14 -  
428  14123-24 -  
429  14203-04 -  
430  14209-10 -
431  14215-16  
432  14219-20 -  
433  14309 
434  14315-16  
435  14555-56 -  
436  14609-10  
437  14625-26 -  
438  14645-46 
439  14681-82 -
440  14731-32  
441   15035 
442  15036 
443  15059-60 
444  15209-10  
445  15273-74  
446  15655-56 -  
447  18215-16 -  
448  19019-20 
449  19023-24  
450  19803-04 -
451  22125-26 -  
452  22401-02 -  
453  22429-30 -  
454  22453-54 -  
455  22455 -
  
286

Sk 
456 22917-18 
457 22941-42 -
458 ,  14311-12 -  
459 ,  14321-22 -  
460 ,  15715-16  
461 ,  19031-32  
462 ,  19565-66 
463 , , 12539 -
464 , , 
, 12540 -
465 , 14310 
466 , 14317-18 
467 ,  19325-26 -
468 12065-66 
469 12985-86 
470 12967-68  
471 12969-70 
472 12975-76 -  
473 12977-78
474 12987-88 -  
475 14805-06 -  
476 14815-16 -
477 19603-04 -
478 19667-68 -  
479 19669-70 -
480 19707-08 -  
481 19709-10 
482 19713-14 -
483 22475-76 -  
484 22477-78 -
485 22497-98 ( 14715-16)  
486 22985-86 -
487 11089-90 -  
488 12195-96 -  
489 12315-16  
490 12495-96 -  
491 12547-48 -  
492  12963-64 - -
  
493 12979-80  
494 12989-90 -  
495 14813-14 -  
496 15013-14 
287

Sk 
497 15269-70 
498 18207-08 -
 499 18631-32  
500 19223-24 -  
501 19401-02 -  
502 19409-10  
503 19411-12  
504 19413-14 
505 19573-74  
506 19579-80 -
507 19609-10 -
508 19611-12 -
509 19613-14 -  
510 19665-66 -  
511 19711-12 -
512 22451-52  
513 54803-04 -
514 , 
 22663-64 -     
515  12219-20 -  
516  12285-86 -  
517  12,703-04  
518  12707-08 
519  12711-12 
520  12713-14 -
521  12715-16  
522  12717-18 
523  12721-22 -     
524  12723-24  
525  12751-52 -  
526  12791-92  
527  17037-38 -
528  17063-64 -  
529  17229-30  
530  17609-10  
531  17617-18 
532  22705-06 -
533  02193 -  
534  06009 - ( ) 
535  06010 -  ( ) 
536  06051 -  
537  06052 -     
538  07006 -  
539  07008 -
288

Sk 
540 07010 -
541 07060 -
542  07075 -  
 543  07115 - ( )
544  07116 - ( )
545  07118 -  ( ) 
546  07146 - ( )
547  07147 -
548  07148 -  
549 07604 
550 07607 - ( )
551 07608 - ( )
552  08302 - ( )
553  08502 -  
554  11083 -  
555  11084 -  
556  11301 
557  11302 
558  11303 -  
559  12077 -  
560  12251  
561  12252     
562  12375   
563  12376  
564  12507 -
565  12604/03  
566  12611 -    
567  12612 -    
568  12705 -  
569  12706 -   
570  12709 -   
571  12710 -   
572  12727/28 -   
573  12731 -  
574  12732 -  
575  12733 -  
576  12736 -  
577  12737/38 -  
578  12740/39 -  
579  12747/48 -  
580  12749 - ( ) 
581  12757 
582  12758 
583  12759 -    
289

Sk 
584 12760 -
585 12762 -
586  12763 -    
 587  12764 -    
588  12765  
589  12766 -  
590  12770/69 -   
591  12772 -  
592  12773 -   
593 12775/76 -
594 12783/84 -
595 12785/86 -
596  12793 -   
597  12795/96 -
598  12798/97 -
599  12805/06 -  
600  12861/62  -   
601  15015 -  
602  15016 -  
603  15024/23 - -
604  16031 -   
605  16032 -  
606  16093 -  
607  16094 -
608  16217 -  
609  16218 -  
610  16569  
611  16593 - -
612  16594 - -
613  16613   
614  16614 
615  17006 -
616  17012/11  
617  17021 - -  
618  17023/24 - 
619  17049/50 -
620  17201/17233 -
621  17202 -   
622  17203/04 -  
623  17205/06 -
624  17208/07 -
625  17209/10 -
  
626   17211/12  
290

Sk 
627 17213/14 -
628 17221 - ( )
629  17222 ( )-  
630  17223/24 -
631  17225 - -  
632  17226 -  
633  17231 -  
634  17233 -
635  17234/17202 -  
636 17239/40 -
637 17241/42 -
638 17245 -
639  17246 -  
640  17255/56 -  
641  17402 -
642  17403/04 -  
643  17406/05 -   
644  17416 -  
645  17417 -  
646  17418 -   
647  17419 -
648  17420 -
649  17487/88 -  
650  17603/04 -  
651  17621 -  
652  17625/26 - / 
653  17644/43 -
  
654  18111  -  
655  18112 -  
656  18504/03 -  
  
657  18520/19 ( ) –  
658  18567 -  
659  18568 -  
660  18638 -   
661  19419   
662  19420  
663  22128 -
664  22151 -  
665  22152 -  
666  22403 -   
667  22404  -  
668  22617 -  
291

Sk 
669 22618 -
670 22707 -
671  22801/02   
672 22817 -
673 22831/32 
674 22841 - ( )
 675  22842 - (  ) 
676  22855  -  
677  22869/70 -
  
678  22871/72 -   
679  22877 -  
680 22878 -
681  22879 -   
682  22880 -   
683  22882 -  
684  22884 -
685  56501 - 
686   56,502  -
687  56503  -
688  56504 -  
689  57207 -  
690  57208 -
691  57209 -
692  57210 -
693  57216 -
694  57218 -
695 57223 -
696  57225 - 
697  57226 -
698  57229 -
699  57230 -
700  57231/32 -  
701  57255/56 - 
702  57,257 -  
703  57258 - 
704  57259 -  
705  57260 - 
706  57262/63 -  
707  57271 -  
708  57272  -  
709  57279 -
292

Sk 
710 57280 -
711 57286/85 -
712  57298 -  
713  57305/06 -
714  57317/57320 -
715  57327 -
716  57328 -
717  57381/82 -  
718  57425/26  -  
719 57623 -
720 57,624 -
721 57639 -
722  57652/51 -  
723  67248 -
724  67254 -
725  67259 -
726  67261/62 -
727  67264/65 -  
728  67273 -
729  67274 -
730  67283 -
731  67,286 -  
732  67289 -
733  67295/96 - 
734  67299/300  -  
735  77201 - 
736  77202/03 -
737  77204 -
738  77205 -   
739  77206 - 
740  77207 - 
741  77209 -  
742  77,210 -  
743  77,211 - ,  
744  77212 -
745  77213 - 
746  77214 -  
747  77215 - 
748  77216 -
749  77218 -   
750  77221 -
751  77222 -
752  77,223  -  
753  77224 -
293

Sk 
754 77225 -
755 77226 -
756  77227 -  
757  77228 -  
758  77,229  -
759  77230 -
760  77231 - 
761  77237/38 -  
762  77239/40 -  
763 77242 -
764 77243 -
765 77245/46 -
766  77298/97 - / 
767  77323 -  
768  77674/73  -  
769  77676/75  -  
770  77695  -  
771  77696 -  
772 ,  11017 -  
773 ,  11018  
774 ,  11043 -  ( )
775 ,  11044   
776 ,  12645 -   
777 ,  12646 -   
778 ,  12647 -   
779 ,  12648 -  
780 ,  15119 -  
781 ,  16003 -   
782 ,  16004 -   
783 ,  16779 -   
784 ,  16780 -   
785 ,  16863 -
786 ,  16864 -
787 ,  17407 -  
788 ,  17408 -   
789 ,  17414 -   
790 ,  17605 -  
791 ,  17606 -  
792 ,  17615/16 -  
793 ,  17652/51  
794 ,  19567 -  
795 ,  19568 -  
294

Sk 
796 , 22601 -
797 , 22602 -
798 ,  22615 -  
799 ,  22616 -  
800 ,  22619   
801 ,  22620   
802 ,  22815   
803 ,  22816   
804 ,  22851  -   
805 , , 15120 -
806 , 22351 -
 807 , 22352 - ( )
808 12069-70  
809 12549-50 -   
810 12823-24 -
811 12851-52 -
812 18237-38   
813 22867-68  
814 12021-22  
815 12221-22 -
816 12245-46 -   
817 12261-62 -  
818 12525-26 -  
819 12809-10   
820 12811-12 
821 12813-14 -
822 12817-18 
823 12821-22 -
824 12825-26 - 
825 12833-34 -  
826 12835-36  
827 12839-40 
828 12841-42  
829 12847-48  -
830 12857-58  - - 
831 12859-60 -  
832 12863-64   
833 12867-68  -  
834 12869-70  
835 12871-72 
836 12873-74 
295

Sk 
837 12877-78 -
838 12889-90 -
839 13167-68 -  
840 13181-82 -
841 18101-02 
842 18103-04  
843 18109-10 
844 20889-90  -
845 22807-08 -  
846 22837-38 -
847 22853-54 -
848  22863-64 -
  
849 22887-88 -   
850 22897-98 
 851 12007-08 -  
852 12075-76  
853 12077-78  
854 12081-82 -  
855 12083-84  
856 12243-44 -  
857 22625-26
858 12269-70 -
859 12605-06 
860 12615-16 -
861 12617-18 -  
862 12621-22  
863 12625-26  
864 12627-28 -  
865 12635-36  
866 12641-42  
867 12643-44  
868 12651-52 
869 12655-56  
870 12663-64   
871 12665-66   
872 12669-70 
873 12675-76  
874 12677-78  
875 12679-80 -   
876 12,687-88  
877 16,301-02 -   
878 16311-12 
879 16317-18  
296

Sk 
880 16331-32 - -
881 16333-34 - -
882 16335-36 - -  
883 16337-38 - -  
884 16339-40  
885 16345-46 -  
886 16351-52 -  
887 16353-54 -  
888 16359-60 -  
889 16381-82 -
890 16649-50 
891 16687-88 
892 16733-34  
893 16793-94 -  
894 22207-08 -   
895 22631-32  
896 22641-42 
897 22643-44 
898 22645-46  
899 22647-48  
900 22665-66 -   
901 22671-72 -  
902 12201 -  
903 12202  -   
904 12257 -
905 12258 -  
906 12601 -
907 12602 -  
908 12623 -
909 12624 -
910 12631 -  
911 12632 -   
912 12633 -  
913 12634 -  
914 12639 -  
915 12640 -  
916 12,661 - T  
917 12662 T-  
918 12667 -  
919 12668 -
920 12683 -  
921 12684 -  
922 12685 -  
923 12686 -  
297

Sk 
924 12689 -
925 12690 -
926 12693 -  
927 12694 -  
928 12695 -
929 12696 -
930 12697 -
931 12698 -
932 16053 -  
933 16054 -
934 16057 -
935 16058 -
936 16105 -  
937 16106 -  
938 16127 -
 939 16128 -
940 16181 -  
941 16182 -  
942 16187 -  
943 16188 -  
944 16203 -  
945 16204 -  
946 16231 -  
947 16232 -
948 16233 -
949 16234 -
950 16235 -
951 16236 -
952 16303 -
953 16304 -
954 16305 -
955 16306 -  
956 16307 -  
957 16308 -  
958 16315 -
959 16316 -
960 16341 -  
961 16342 -  
962 16343 -   
963 16344 -  
964 16347 -  
965 16348 -  
966 16511 -
967 16512 -  
298

Sk 
968 16517 -
969 16518 -
970 16525 -
971 16526 -  
972 16527 -
973 16528 -
974 16,603 -  
975 16604 -    
976 16605 -  
977 16606 -
978 16617 -
979 16618 -
980 16629 -   
981 16630 -
982 16723 -
983 16724 -  
984 16791 -  
985 16792 -  
986 16795 -  
987 16796 -  
988 16851 -  
989 16852 -  
990 16855 -
991 16856 -
992 16857 -
993 16858 -
994 16859 -
995 16860 -
996 16861 -  
997 16862 -  
998 17235 -
999 17236 -
1000 17413 -
1001 19259 -  
1002 19260 -  
1003 19261 -  
1004 19262 -  
1005 19577 -
1006 19578 -
1007 22113 -
1008 22114 -  
1009 22149 -
1010 22150 -  
1011 22607 -  
299

Sk 
1012 22608 -
1013 22609 -
1014 22610 -  
1015 22627 -
1016 22628 -
1017 22629 -  
1018 22630 -
1019 22633 -  
1020 22634 -  
1021 22637 -
1022 22638 -
1023 22639 -
1024 22640 -
1025 22651 -
1026 22652 -
1027 22653 -  
1028 22654 -  
1029 22655 -  
1030 22656 -  
1031 22659 -
1032 22660 -
1033 22661 -  
1034 22662 -  
1035 22667 -
1036 22668 - /   
1037 , 
 11021 -   
1038 , 
 11022 -   
1039 , 
 12777 -    
1040 , 
 12778 -   
1041 , 
 17315 -   
1042 , 
 17316 -   
1043  12027-28 -   
1044  12079-80 
1045  12213-14 -  
1046  12253-54 -   
1047  12,295-96  
1048  12607-08  
1049  12609-10   
300

Sk 
1050 12629/12630 (
)  
1051 12649/12650 ( ) 
1052  12779-80 
1053  12781-82 -   
1054  16209-10  
1055  16501-02
1056 16505-06
1057 16507-08 
1058 16531-32 
1059 16533-34 -
1060 22677-78 -
1061 22685/22686 -  (   
)
1062  22691-92 -  
1063  82653-54 -   
1064  11005  
1065  11006  
1066  11035  
1067  11036 -
1068  12539/12540 - -  
1069  12639/12640 - -
1070  12684/12683 - -
1071  12725  
1072  12726 -
1073  12777/12778 - -  
1074  14805 -  
1075  14806 -  
1076 16201 
1077  16202 -  
1078  16205 -  
1079  16206 -  
1080  16315/16316 - -
1081 16515 -   
(  )  
1082 16516 -  
(  )  
1083  16519/16520 - -
1084  16521/16522 - -
1085  16525/16526 - -
1086  16535 
1087  16536  -
1088  16565/16566 - -
301

Sk 
1089 16589 
1090 16590 -
1091  16613/16614 - -
1092  17209/17210 - -
1093  17309 -  
1094  17310 -
1095  17311 -  
1096  17311/17312 - -  
1097  17312 -
1098 17313 -
1099 17313/17314 - -
1100 17314 -
1101  17315/17316 - -  
1102  19567/19568 - -
1103  22352/22351 - -
1104  22601/22602 - -  
1105  22607/22608 - -
1106  22617/22618 - -  
1107  51405 -  
1108  51406 -  
1109  51419 -
1110  51420 -
1111  51431 -  
1112  51432 -  
1113  51461 -
1114  51462 -
1115  51463 -
1116  51464 -
1117  56213 -
1118  56214 -
1119  56221 -
1120  56222 -
1121  56223 -  
1122  56224 -  
1123  56225 -
1124   56226 -
1125  56227 -
1126  56228 -
1127  56261 -
1128  56262 -
1129  56269 -  
1130  56270 -   
1131  56271 -
1132  56272 -   
302

Sk 
1133 56273 -
1134 56274 -
1135  56507 -  
1136  56508 -  
1137  56509 -  
1138  56510 -  
1139  56515 -  
1140  56516 -  
1141  56517 -  
1142 56518 -
1143 56519 -
1144 56520 -
1145  56529 -  
1146  56530 -
1147  56909 -  
1148  56910 -  
1149  56911 -  
1150  56912 -  
1151  56913 -  
1152  56914 -  
1153  56915 -
1154  56916 -
1155  56917 -  
1156  56918 -
1157   56961 -  
1158  56962 -  
1159  56963 -  
1160  56964 -  
1161  56965 -  
1162  56966 -  
1163  57451 -  
1164  57452 -  
1165  66529 -  
1166  66530 -  
1167  66531 -  
1168  66532 -  
1169  66533 -  
1170  66534 -  
1171  76505 -  
1172  76506 -  
1173  76507 -
1174  76508 -   
1175  76511 -  
1176  76512 -  
303

Sk 
1177 11449-50 -
1178 12167-68 -
1179 12193-94 -  
1180 11046  
1181  11053 -   
1182  11054 -
  
1183 11103 -
1184 11104 -
1185 11125 -
1186 11126 -
1187 11271
1188 11272  
1189 11463 - (   ) 
1190 11464 - (  )
1191 11702 -  
1192 12059-60 -  
1193 12155-56 -  
1194 12187-88 -  
1195 12192 
1196 12198 -
1197 12336 -
1198 12854   
1199 15267  -   
1200 18609 - 
1201 18610 -
1202 19052  
1203 19054 -
1204 19058 -   
1205 19165 -  
1206 21125 -
1207 21126 -
1208 22135 -  
1209 22187 -  
1210 22967 -  
1211 22972 -   
1212  12009-10 
1213  12931-32  
1214  09005-06 -  
1215  09013-14 -    
1216  09024-23 -   
1217  09411-12 -    
304

Sk 
1218 09413-14 -
1219 09433-34 -
1220  12145-46 -
1221  12227-28 -   
1222  12239-40
1223  12903-04 -
1224  12905-06 -  
1225  12907-08    
1226  12909-10 -    
1227 12917-18 -
 
1228  12919-20  
1229  12923-24 -  
1230  12,925-26 -  
1231  12933-34  
1232  12951-52 -  
1233  12953-54 -  
1234  12955-56  
1235  12957-58 -
1236  19037-38 -  
1237  19039-40  
1238  19041-42 -  
1239  19043-44 -  
  
1240  19045-46 
1241  19047-48 (22947-48 ) -  
  
1242  19201-02 -  
1243  19263-64 -  
1244 19269-70 
1245  19301-02 -  
1246  19305-06 -  
1247  19315-16 -
1248  19317-18 -   
1249  19331-32 -  
1250  19337-38 -  
1251  19423-24 -  
1252  20903-04 -   
1253  20905-06 -   
1254  22209-10   
1255  22913-14 -  
1256  22919-20 (19423-24)  
  
  
  
305

Sk 
-  21.06.2019     
. 88 ( )  ( ) -II
 
 
  
*  : - 12  
   
      :-
% 
( ) 29% 
 (  ) 30-49% 
 ( ) 50-69% 
( ) 70-84% 
( ) 85-100% 
***** 
 
  * 
2016-17
88
   66.94%  
95
/     
   67.92%  
26 
/ 
-
  
71.14%
2017-18 
117  
  
   68.54%  
138 
/     
   71.26%  
306

Sk 
21.06.2019
89
-
89.
 
( ) -
;
( ) , 
;
( )
;
( ) , ?
 
( )
 
( ) ( ): / , , 
, , , 
, / , , 
/  
  
 , 12019/12020 - , 
22891/22892 - 18615/18616 -
04 / 
, 
, 
******
307

Sk 
21.06.2019
90
-
90.
 
( )  -
 ( ) ; 
( ) - ,   
; 
( ) ,  
 -  ; 
( )  
,  ;  
( ) ,  ? 
 
 
( )
( ) ( ): 
******
308

Sk 
-
21.06.2019 . 90
( ) ( ) 
 
( ) ( ): ( )
38 ( ( )
;    
 :,  /
  : 
 /
/ , ,
, 
 
 
, /
:
 ( )  
 
 
  
/
 ( / ) /
 
  /
  
 
( ) ( ):   ( ) 
75 /  
 924 . 
 
   
, ( : 24 
 
)  
 
1 
 , 
 
*****
309

Sk 
-
21.06.2019 . 90 
( ) ( ) 
 
( ) ( ): 
:-
 
. .
1 - - 1320/3-5 . 105
2 - - 1211/11-13 . 51
3 - : - - 907/31-33
. 37  
4 - 1351/9-21 . 120-
-
5 - 1327/33-35 . 111
-
6 : -  
863/0-1 . 13
7 - 1016/5-12 . 79-
8 - 1136/13-15 . 20
9 - 1197/6-7 . 391 
10 - 806/5-7 . 30
11 - 1173/5-7 . 35
12 - 1384/19-21 . 134
13 - 818/15-17 . 35-
14 : -  
. 6
15 : -  
. 42
16 - 1234/27-29 . 64
310

Sk 
2 
17 : -
1192/15-17 . 43 
18 : -
1199/21-23 . 46
19 : -
1203/7-9 . 48 
20 : -
1232/9-11 . 63
21 - 136/8-9 . 85-
22 : - 04
 1425/25-27 . 151
23 - - 1493/10-11 . 480 (2 )  
24 - - . 48
25 - - -30 106/8-9
. 24- 2 
26 - – 1579/20-22
. 530- 4 
27 - – - . 8- /3-
4 
28 - – 147/11-12 . 
74- 2 
29 – - . 28-
30 - – . 173- 4 
31 - . 1
32 - . 27
33 - . 1
34 - . 139
35 - . 3
36 - . 356 
37 - . 202 
38 - . 178 
***** 
311

Sk 
21.06.2019
- -
91.
( )  -   -
;
( )  
 ; 
( ) ,  ;  
( )  
 ? 
 
( )
( ): – -
 
( ) ( ) : 
 
( ) : , ( ) 
 
*****
312

Sk 
21.06.2019
92
-
92.
( ) -   
   
; 
( )   
 ,  ; 
; 
( )   
;
( ) , ;
( )
, ?
 
( )
( ): - ( ) 
 
( ) 
  50% 
25% -
( ) 1,08,000  
313

Sk 
15  50 0.1%
 81% 
, 250  
 
 
( ) : 
 
 
( ) ( ) :   ,
 , 2013 , 
******
314

Sk 
21.06.2019
93
93.
 
( )  ; 
 
( ) , ;
 
(
) -
;  
 
( ) ? 
 
( )
 
( ) ( ):  
***** 
  
315

Sk 
 21.06.2019 
. 93 ( ) ( )  
 
( ):  
( ):  
( ): 
:-   
(i)    
 
(ii) , 
 
(iii) 
 
(iv) 
 
 
( ): - -
 :-    
. .   2014-15 2018-19
 ( . )
1.   ( ), , , 
, .
67,641.54
2.  , , , . 34,209.43
3.   , , , ,
. 
57,369.64
4.  , , . 76,041.29
5.  , , , ,
.
81,318.22
6.  , , . 71,405.29
316

Sk 
 ****** 
7. , , . 15,779.08
8.   , , , ,
.
23,988.31
9. , , , . 36,803.85
10.  , , , , ,
.
38,861.99
11. , , , ,
, . 
79,551.59
12. , , , . 65,644.80
13. , , . 62,228.17
14.   , , 24,120.99
15.   ( ), , ,
, , . 
63,894.44
16.    , , 55,048.76
17.  - 1,060.74
 854,968.13
317

Sk 
21.06.2019
94
94.
 
( )  ( ) 
;
( ) ,  ; 
( )  
;
( ) , ;  
( ) , ?
 
 
( )
 
( )  ( ):  , 
 
 
( )  ( ):    500  ( )      
        ,    3  
              
 
          
:-
 
i)  –   50  ( )
ii)  – - (  )  2   
iii) – - 1.7   
  
( )       
****** 
318

 
Sk 
 
21.06.2019
95
95.
( )  
 - /  ; 
( )  
   
  
; 
( ) ,  ;
( ) , ? 
( )
( )       , ( )/ 
  ( )   ‘ ’   
       21            
          ( ),  ( )/  ( )  
                
       ( ), ( )/ / , 
( ),              
      /            
319

 
Sk 
 
( )  ( ):              
     , ( ) 
( ), ( ) ( ) 
( ) -  
,      
                
            
       
 
****** 
320

Sk 
21.06.2019
96
96.
 
( )  , ,  
- ; 
 
( ) 2014   - -  
;  
 
( ) 2014   
 , ,  ; , 
 ? 
 
( )
( ) ( ):  
***** 
 
  
321

Sk 
21.06.2019
 . 96 ( ) ( )  
 
( )  ( ):   , , , 
, , , 
/ , -
, 
, 
- , - - : 
, -  
2014 , 23 2165.49 
:-    
. . ( )
1  . 2018-19 -  111
2 . 2018-19 - ( )  88.8
3 .   2018-19 -  35.49
4 2018-19   92
5 . . 2018-19  3
6  . . 2018-19 -  126
7  . 2017-18 -  110.4
8  . ./ . 2017-18 — - 48
9  . . 2016-17 -  58
10 . 2016-17 -  80
11  . . 2016-17 - 126
12  . 2016-17 - -  178
13  . 2016-17 -  167
14   2015-16   28
15   2015-16 15
16 . . 2015-16 -  58
17 .  . . 2015-16 -  2
322

Sk 
18 2015-16 -   109
19 . 2015-16 -  89
20  2015-16 - 155
21  . 2014-15 -  (27.8 ) 27.8
22  . . 2014-15 - 110
23  . ., 
. .
2014-15 - -  (348 ) 348
2165.49
- -
-  -
-   .-    
- .-   
.-   . .-
-  .. -  
-   -  
-  .-   
-  .-  
-  . .-  
.. -  -
 
01.04.2019 ,  189 
 / /  
( ):   
, 2014 , 
259  
****** 
323

21.06.2019
97
‘ -
97.
 
( )  ; 
( ) ,  ; 
( )   
- ;  
( ) ,  ?
 
 
( )
 
( ) ( ): , , 
1606 -  - , 198 
( ) 
 
(
) ( ): 72 - -
, 4882 ( 40 
) - -
/ - -
100%    
****** 
324

21.06.2019
98
98.
 
( )  ; 
( ) ,  ; 
( )  ;  
( ) ,  ;   - ? 
( )
 
 
( )  ( ) :           
 
 
***** 
 
  
325

       21.06.2019     . .  
    98   ( )  ( )         
 
( )  ( ):  /  
  - , 
' ' ( , 
1999 , 2008) ' ' (2006-07 2007-08) 
 
, , 
,    
  1253 
, 1103   
2019-20  
, 
         68 
2018-19 68      
, ( ) 
‘   '    
  , 
 
 , -
  
,  
, , 
   /        
   , ( ) 
( )  , (
) ( )   
  
     ‘ ’ 
2018-19     ‘ ’ 
 1657.86   1585.89    
 
( ) ( ):  
  ,  , 
   
******* 
  
326

       21.06.2019    . .   
   98   ( )  ( )         
 
( ) ( ): , , , , , , , , 
, , , , , , , , 
, , , , , , , , , 
, , , , , , , , , 
, , , , , , , , , , 
, , , , , , , , , , 
, , , , , , , , , , 
, ,   
 
******* 
327

21.06.2019
99
99.
 
( )  
  ; 
( )   
;  
( ) ,  ? 
 
  
( )
( )  ( ):   
****** 
  
328

 21.06.2019 
. 99 ( ) ( )    
( ) ( ):   
 
, , 
, ( )  ( ) 
 ,  ( ) 
  
 
/ , / ,  
, , , 
, , , , 
,  
  
 
****** 
329

21.06.2019
100
100.
( ) 
 ; ,  ;
( ) -
 ;  
( )  -
 -
 
 
( )
 
( ):  
 
(
) ( ):  
***** 
330

21.06.2019
10
-
101.
 
( )  / -
- ;  
( ) ,   , ?
 
( )
( ) ( ):
 
 
******
 
331

-  21.06.2019 
. 101 ( ) ( ) 
( ) 
 
( ) - : 
 
1. – - ,
 -
, 
-  
2. –  -
3. –  - ,
/  - ,  -
,  -
 /  -  
4. –  -
( )   - ( )
 -
( )  -
 
5. –  -
 , , ,  
6. –  -
 , , ( ) ( ), 
-  ,  -
,   ,  -
,  -  
-  
7. –   - , 
  -  
 -   
332

8. –  - ,
, . 
9. –  -
 - “ ”
-
-
-  
10. -  -  , 
  -  (  
 -  ),  - ,   
 - , -  
 
11.  - ,  -
  
12. -  -
 
13. - -
14. –  -
 -  
 
15. –  -  
 -    -
 -
16. – -
  -
-   - . 
-
-   
-  
*****
333

21.06.2019
102
102.
 
( )   
 - ; 
( )  
 ; 
( ) ,    -
;  
( )  ? 
 
( )
( ): 
/ ( / ) 
   
( ) ( ): 
, 
( ): /
( ) 
******
334

21.06.2019
103
103.
 
( ) /   
- ;  
( )  
 -  ? 
 
 
( )
 
( )  ( ):   
 
 
**** 
  
335

21.06.2019
 . 103 ( ) ( )  
( )  
, 2010-15 135 
2018-19 59   
  
- , ,  , 
, , 
 2014-15  
2018-19 
  
  
2014-15 2015-16 2016-17 2017-18 2018-19
 
 
 
 
 
 5 0 2 0 6 0 2 1 0 0
0 0 1 0 1 0 0 0 0 0
1 1 3 0 5 0 3 0 2 0
 2 0 1 0 1 0 0 0 2 0
  2 0 1 0 0 0 0 0 0 0
 0 0 0 0 1 0 0 0 0 0
 2 0 2 0 0 0 4 0 2 0
0 0 0 0 1 0 1 0 2 0
0 0 1 0 1 0 0 0 0 0
 1 2 1 0 6 1 4 1 3 0
 0 0 1 0 0 0 0 1 1 0
2 0 0 0 0 0 0 0 1 0
 0 0 2 0 3 0 0 0 0 0
0 0 2 0 1 0 0 0 0 0
 0 0 2 0 4 0 0 0 3 0
 0 0 1 0 0 0 0 0 1 0
1 0 0 1 4 1 1 0 0 0
0 0 0 0 0 0 0 0 0 0
16 3 20 1 34 2 15 3 17 0
 
336

( ) 
, , 
   
  -
 
  , --  
( ),  
-
  -
  
   
  
 
***** 
337

21.06.2019
104
/
104.
( ) 
( 113) 47  
  ( 112) 46  
( ) ; 
( ) ,  ; 
( )  - ;  
( )  
 ? 
 
( )
( ) ( ):   
 
****** 
  
338

/     
21.06.2019  . 104 
( ) ( )    
 
( ) ( ): 112 113 
 46.27  47 
, 
 
( )  ( ): , /
/  
/
, , 
 
 
 
****** 
339

21.06.2019
105
-
105.
( ) -
2011-12  
; 
( ) , ; 
( )   
/ ; 
( ) , ;
( ) , ? 
 
 
( )
 
( ): -
,  
( ): 50:50 
,
, 306 . 
( ) ( ): , : 
*****
340

21.06.2019
106
106.
 
( ) -  ;
( ) -
; 
( )    
 
;
( ) ,   ? 
 
( )
( ): /
( ) 
 
( ):  / 
,  
 
 
( ):  
( ):  
 
 
****** 
341

21.06.2019
107
107.
( ) 35,000  
 ;
( ) , ; 
( ) 
 , ,  ;
( )   
  ;  
( )  
  ?
 
 
( )
( )  ( ):   
****** 
  
342

21.06.2019
. 107 ( ) ( ) 
 
( ) ( ):  
 ( )  
 
 
 27,000 
  
 /
- 
 
 
–  285
- – – 
 
138
–  – ( - )  783
- 184
–  228
–   123
– 90
 –  34
1865
 
(
)  ( ): –  (100 ) , 
783 - -  ( - ) 
  664.50  .   ,   
 
****** 
 
343

21.06.2019
108
108.
 
( ) - -    ,  
/  
  ;  
( ) - -  , 
 -  
 ? 
 
 
( )
 
( )  ( ): , 31 /    02 
-          -  
          
,     ,       
            
 
****** 
  
344

21.06.2019 
. 108 ( ) ( ) 
 (` ) 
.
.
.
( )
 
2 3
 ( ) ( ) 
1 11125 - / 1.45 1165 700 495 140 x x 45 
2 11704 . - 1.20 x 700 495 140 x x 45 
3 12228 -   
  
1.15 1405* 845* 615* x x x x 
4 12415 -
  
1.20 1245 745 540 170 x x 60 
5 12465 -
  
1.35 x x 540 170 75 305 60 
6 12913 -
-
1.30 x 745 540 170 x x 60 
7 12919 . – 
    
  
1.25 x 745 540 170 x x 60 
8 12962 -   1.25 1245 745 540 170 x x 60 
9 12973 -  1.34 1245 745 540 170 x x 60 
10 14317 -
  
1.34 x 700 495 140 x x 45 
11 14319 -   1.20 x 700 495 140 x x 45 
12 18233 -   
  
2.05 1165 700 495 100 x x 20 
13 19301 . -
 
1.20 x 700 495 140 x x 45 
14 19303 - 1.25 x x 495 140 x x 45 
15 19305 -  
  
 
1.25 x 700 495 140 x x 45 
345

 
 
*          
(  ,   )   
16 19307 -
  
1.55 x 700 495 140 x x 45 
17 19310 –  
  
1.30 1165 700 495 140 x x 45
18 19312 -  1.25 x 700 495 140 x x 45
19 19313 -  
 (  
) 
1.30 x 700 495 140 x x 45
20 19316 -
  
2.15 x x 560* x x x x
21 19320 -  
  
1.28 x 795 560 160 x x 65
22 19321 -
 (  
) 
1.30 x 700 495 140 x x 45 
23 19329 -  
   
   
1.45 1165 700 495 140 x x 45 
24 19332 -  
  
1.30 x 700 495 140 x x 45 
25 19336 -  
  
1.28 x 700 495 140 x x 45 
26 19663 -
  
2.05 1165 700 495 140 x x 45 
27 21125 - 1.45 1165 700 495 140 x x 60
28 22645 -  
 
  
1.20 x 745 540 170 x x 60 
29 22911 -
  
1.20 x 745 540 170 x x 60 
30 22941 -  
  
1.35 x 745 540 170 x x 60 
31 22944 -  1.25 x 745 540 170 x x 60 
32 59307 -   2.05 x x 495 100 x x 20 
33 59388 -   2.20 x x x x x x 20 
346

 
( . )
.
. .
( )
 
2 3
( )  ( ) 
1 11126 / -
 
1.50 1165 700 495 140 x x 45
2 11703 - .  2.15 1165 700 495 140 x x 45
3 12227  -  
 1.35
1405* 845* 615* x x x x
4 12416  -
 1.35
1245 745 540 170 x x 60
5 12466 -  
 1.50
x x 540 170 75 305 60
6 12914 - -  
 2.05
x 745 540 170 x x 60
7 12920    
- .   
1.20 x 745 540 170 x x 60
8 12961  -  
1.50
1245 745 540 170 x x 60
9 12974 - 1.55 1245 745 540 170 x x 60
10 14318 - 2.05 x 700 495 140 x x 45
11 14320 - 1.35 x 700 495 140 x x 45
12 18234 -  
 2.20
1165 700 495 100 x x 20
13 19302 - .
  1.45
x 700 495 140 x x 45
14 19304 -    1.35 x x 495 140 x x 45
15 19306 - 1.45 x 700 495 140 x x 45
16 19308 - 2.20 x 700 495 140 x x 45
17 19309 -
 2.15
1165 700 495 140 x x 45
18 19311 -    1.35 x 700 495 140 x x 45
19 19314 -
 (  
) 
2.00
x 700 495 140 x 260 45
347

20 19315 -
1.40
x x 560* x x x x
21 19319 -
 1.50
x 795 560 160 x x 65
22 19322 -
 (  
) 2.00
x 700 495 140 x x 45
23 19330 -  
   
2.40 1165 700 495 140 x x 45
24 19331 - 1.50 x 700 495 140 x x 45
25 19335 - 1.35 x 700 495 140 x x 45
26 19664 -    2.05 1165 700 495 140 x x 45
27 21126 -  1.50 1165 700 495 140 x x 60
28 22646 –
1.45
x 745 540 170 x x 60
29 22912 -  
 1.40
x 745 540 170 x x 60
30 22942  -  
 1.50
x 745 540 170 x x 60
31 22943 -    1.35 x 745 540 170 x x 60
32 59306 -  2.15 x x 495 100 x x 20
33 59387 -  1.55 x x x x x x 20
*          
( , )
 
 
 
348

 
 
21.06.2019
109
109.
 
( ) - -   
  ;
( ) ,  ;  
( )    
? 
 
 
( )
( ) ( ): ,  16345/16346 ( )-
( ) 22119/22120  
- (  ) 
 ,  
  
 
***** 
349

110
110 :
( )   -
, ;
( )  
,  ;  
( )  ‘  ’ , ,
, ?
( )
( ) ( ):  
***** 
350

 21.06.2019  
. .  . 110 ( ) ( ) 
 
( ): , 
, , 
, , 
( )/ , 
( )  
( ) 
 
, 
 :-  
1. / , 
2200 , 2500 
( ) 
2. ,
‘182’ 
3. 
, 
 
4. 
5. 
, ,
, 
6. , 453
 
7. 202 
,
8.  
 
351

9. , , -     
  
 
10. -    ,   , 
        ,  / 
          
11. 10% 2018 
9739 4517 
 
 
( ): 100 1300 
 
(58,276 ) 
-I , 7020 (  4620 
2400 ) 
( )  
, 22.07.2019 
,  
 
( ): 
, -
8 
, 
 
****** 
352

111
111 :
( )   ; 
( )  
, , ;  
( )  , , ,  
;  
( ) , , ? 
        
( )
 
( ):  
( ) ( ): , , , 
 /
, /
  
****** 
 
353

21.06.2019
112
-
112 :
( )  -
; 
( )  , ; 
( )  - ;  
( ) ? 
        
( )
 
( ):  , - , 
, , (60 .) 
- - ( ) 
/
 
( ) ( ):  
****** 
354

21.06.2019
113
-
113 :
-
?
( )
- (22.
2016- - - -
104. 2019-20 -
- - -
555
( - ,
,
2019-20
******
 
355

21.06.2019
114
114 :
( )  
, ,
; 
( )  , /
, ,
, ;  
( ) - , , , 
-
? 
        
( )
 
( ): - ,  
, 
, , , 
, 
 , 2019 
6544  
356

( ): ,  , 
 / ,  / ,
/ , ,
, ,
58 50%
, 25% 100% 
,
( ): -
 
  
    
   
  
  61  
  
 
   
 ( ) 
 
 , ,  , 
     
( ) -   
 
 
****** 
357

115
115
( )  / -
;
( ) / ( ) 
- - ; 
 
( )  / /
/ - -
;  
 
(
) 
? 
        
( )
( ) ( ):  
*****
358

 21.06.2019 . 
.115 ( ) ( )  
( )  ( ): 31.03.2018 , 
0.51   
   ,  
,
/
 /
, , , , 
, , , 
, /   
/  : - 
                                   ( ) 
  2022.03 
2110.49 
4094.75 
3011.28 
11438.69 
735.11 
 5564.67 
1410.45 
1277.35 
2741.44 
  1276.58 
 464.76 
3142.72 
4662.15 
6258.54 
 617.45 
 50828.46 
 (
)  ,  , 
( ) 
359

, 219 ( ) 62 
62 , , 
: - 
 
. .  ( )  
1
 
10.40
2 , 3.65 
3 ( ) 0.13 
4
 
, 1.66  
5 ,  0.93  
6
 
, 0.57
7 , 1.20 
8
  
( ) ,  
0.20  
9
 
( ), 
17.90
10
 
15. 27 
11  
,  
3.54 
12 - , 
0.44
13 13.26
14  ,  
. 2  
0.59 
15  1.50 
16  ,  
 
0.35 
17 ,  0.60  
18  ,  0.13 
19  0.67 
20  2.16 
21 0.30 
22 ,  1.52 
360

23  14.68
24 , 0.86
25 , 7.30
26 , 6.00
27 , 2.17
28
  
, , 5 
 
2.10
29 1 , 0.40 
30  2 , 
 
0.71 
31 ( ) 1.70
32  , 0.76 
33  0.43 
34   
  
 ,  
  
0.53 
 
35
  
, 0.33 
36  ,  2.00 
37  ,  3.50 
38  , 1.65 
39  ,  19.43 
40 ,  0.12 
41  , 0.74 
42
 
 
  
0.24 
43 , 
 
8.90 
44  , 
 
0.13 
45  , 
 
3.90 
46 ,  0.48 
47 , 0.96 
361

  
( )
48 - 0.74
49 - 0.40 
50 , 
(
)
0.441
51 , 0.86
52 /
( ), 
1.90
53
 
,   1.01 
54 , , 6.00 
55
 
 0.95 
56 ( ) 4.30 
57 ( ) -II 0.15 
58  0.33 
59 ( ) 1.03 
60 4.24 
61
 
 0.40  
62 . 1 - 
,  
0.21  
    218.821 
   (
)  : 
  
 . . 
 
2016-17 1. ,  871
362

2. , 
 
250
3. ,  520
4.  4888  
2017-18
5. , 1.20  .
6.  ( ) -II 0.15 .
7.  , , 
, 5 
 
2.1  .
8.  
 
0.40  .
9. ,  558
10. , 391
11.  1881.1
12.  500
13.  1025.5
14.   ,  2000  
15.  881
16.  3615  
17. ,  1300  
18. 400
2018-19
19.  2  , 
( )
0.71  .
20.   
,  
0.12  .
21. (
) 
0.35  .
22.   , 7.30  .
23.   ,  0.86  .
24.  ,  0.60  .
25. ( ) 0.67  .
363

26. 1500
27. 1068
28. 2000
29. 1950
30. 283.5
 , /
- :-
( . )
 2016-17 2017-18 2018-19 
1 11,674 29,222 24,985
2 0 950 20
3 19,984 37,427 108,136 
4 786 53,155 30,812 
5  14,635 52,256 124,890 
6  0 0 21600 
7  225 5848 1763 
8  17404 38,799 58,547 
9  10962 10,947 167,030 
10 51,694 1140 78,462 
1 1 8817 7430 5414 
12  0 900 963 
13  12090 22,424 157,363 
14  10,496 13665 23,880 
15  45,521 39,957 3909 
16 18,641 34,398 61,304 
2,22,929 3,48,519 8,69,077 
******
 
364

116
-
116. :
:
( )  -
, , ,
, ; 
( ) ,
, , , ; 
( )  , 
, ;
( ) : 
, , , , ?
( )
( ): -   ( )       
-     ,     
     :-
1: - ( )      
             ( )      
 2:            
                
 3:        
                  
365

    11.8% 
– 1   2  3 
10.9% 10.3% 
( ): “   , 
  , 2013”    ,        
      
 
( ):             
     
 
(
):  ,       ( ) 
     ,   ,       
       , 
-    
:        
 
****** 
 
 
 
366

 
 
  
 
21.06.2019  
. 117  
 
    
117. . :
 
 
( )  1900 
;
( ) ,
;  
( )  
? 
 ( ) 
 
( ): 31.03.2018  ,  4.77 
,  844.38  (0.18%)   
( ):    ,   
   ,    ,   
          
     ,      
             
    
 
( ): ,  (
) , 
367

, -
, - (
) , 1971 ( , 1971) 
   
    ,   2016-17  2017-18 
34.45       
 
****** 
 
 
 
 
 
 
 
 
368

21.06.2019
118
- , -
118 :
( )   - , -
; 
( )  ,  ;  
( )  - , -
;  
( ) , ?   
( )
( ) ( ): - , - ( ) 
(160 .)   2015-16 
1182.31 .  
2017 , 2019 341.83 . 
2019-20 170 . 
, , , 
 2019-20 , - (30 .) 
- (30.92 .) - (38.26 
.) 2010-21 
2021-22 
******
369

370

371

भारत सरकार 
ग्रामीण िवकास मंत्रालय 
ग्रामीण िवकास िवभाग 
 
राÏ य सभा 
अतारांिकत प्रæ न सं. 120  
(21 जून, 2019 को उ× तर िदए जाने के  िलए) 
  
मजबू
री मɅ ग्रामीण क्षेत्रɉ से पलायन 
 
120. Įी कनकमेदला रवींद्र कु मारः  
 
क्या ग्रामीण िवकास मंत्री यह बताने की कृ पा करɅगे िकः 
 
(क) क्या सरकार को इस तØय की जानकारी है िक देश भर मɅ ग्रामीण क्षेत्रɉ से मजबूरी मɅ 
पलायन िकया जा रहा है; 
(ख) यिद हाँ, तो त×संबंधी Þयौरा क्या है; 
(ग) क्या सरकार ने इस प्रचलन को रोकने के  िलए कोई पहल की है; 
(घ) यिद हाँ, तो त×संबंधी Þयौरा क्या है; और 
(ङ) यिद
 नहीं, तो इसके  क्या कारण हɇ? 
  
उ× तर 
ग्रामीण िवकास मंत्री 
(Įी नरेÛद्र िसंह तोमर)  
 
(क) औ र  (ख): र ा ç ट्र ी य  प्र ि त द शर् स वȶक्षण  कायार्लय  (एनएसएसओ) ने जु
लाई,  2007 से जू
न, 
2008 तक चले अपने 64वɅ प्रितदशर् सवȶक्षण मɅ रोजगार और बेरोजगारी से संबंिधत जानकारी 
सिहत  पलायन  के   िववरण  एकत्र  िकए  थे।  वषर् 2007-08 के   दौरान  एनएसएसओ  ɮवारा 
‘रोजगार एवं बेरोजगारी तथा पलायन िववरण ’ िवषय पर िकए गए सव ȶक्षण से प्र
ाÜ त पलायन 
क े  िविभÛन कारणɉ क े अनुसार प्रवािसयɉ के  प्रितशत अनु
बंध मɅ दशार्ए गए हɇ।  
(ग) से (ड.):  ग्रामीण  िवकास  मंत्रालय  रोजगार  के  अ व स र ɉ  के  स ृजन, आ ध ा र भू
त 
आवæ यकताओं की पू
ितर् तथा ग्रामीण अवसंरचना के  िनमार्ण के  िलए िविभÛ न ग्रामीण िवकास 
योजनाएं चला रहा ह ै। महा× मा गांधी राç ट्रीय ग्रामीण रोजगार गारंटी योजना मɅ एक िव× तीय 
वषर् म Ʌ  100 ि द न ɉ  के  म ज दूरी  रोजगार  की  गारंटी  ऐसे  ग्रामीण  पिरवारɉ  को  दी  जाती  है, 
िजसके  å यè क सदè य Įम कायर् करने को इÍ छु क 
 हɇ। कृ िष एवं िकसान कãयाण मंत्रालय की 
372

िसफािरश पर द ेश के  अिधसूिचत सू
खा प्रभािवत या प्राकृ ितक आपदा प्रभािवत क्षेत्रɉ मɅ 100 
िदनɉ के  अलावा 50  अितिरक्त िदनɉ का मजदूरी रोजगार उपलÞध कराया जाता है। ग्रामीण 
गरीब पिरवारɉ के  सदè यɉ को è व-रोजगार उपलÞ ध कराने के  उɮदेæ य से दीन दयाल अं× योदय 
योजना–राç ट्रीय  ग्रामीण  आजीिवका  िमशन (डीएवाई-एनआरएलएम)  चलाया  जा  रहा  है।  यह 
िवभाग  æ यामा  प्रसाद  मुखजीर्  ǽबर्न  िमशन  (एसपीएमआरएम) क ा  क ा य ार्Û व य न  क र  र ह ा  है, 
िजसका उɮदेæ य सभी राÏ यɉ और संघ राÏ य क्षेत्रɉ मɅ ‘ǽबर्न क् लè टर’ नामक ऐसे 300 ग्रामीण 
िवकास क् लè टरɉ का िवकास करना है, िजनमɅ िवकास की अंति
 नर्िहत संभावना हो। इस िमशन 
का उɮदेæ य ग्रामीण एवं शहरी क्षेत्रɉ के  बीच मौजू
द अंतर को कम करना तथा ग्रामीण क्षेत्रɉ से 
शहरी  क्षेत्रɉ  की  ओर  पलायन  मɅ  कमी  लाना  और  अंततोग× वा  शहर  जा  चु
क े ल ो ग ɉ  क ो  भ ी  
वापस  ग्रामीण  क्षेत्रɉ  मɅ  लाना  है।  इसके   अितिरक् त, ग्र ा म ी ण  ज न स मु
दाय  के   जीवन  è  तर  मɅ 
समग्र  सुधार  लाने के  उ ɮ देæ य  से आ ध ा र भूत  आवæ यकताओं क ी  पू
ितर् क र ने औ र  ग्र ा म ी ण  
अवसंरचना  का  िवकास  करने के  ि ल ए  प्र ध ा न  मंत्री  आवास  योजना-ग्रामीण (पीएमएवाई-जी) 
और प्रधान  मंत्री  ग्र ा म  स ड़ क  य ो ज ना  (पीएमजीएसवाई) भी  चलाई जा रही ह ɇ, त ा िक  ग ांवɉ से 
श
हरɉ की ओर लोगɉ के  पलायन मɅ कमी लाई जा सके । ग्रामीण िवकास मंत्रालय ɮवारा कराए 
गए è वतंत्र अÚ ययनɉ के  िनç कषɟ से पता चलता ह ै िक गा ंवɉ से शहरɉ की ओर पलायन मɅ 
महा× मा गांधी नरेगा योजना के  कायार्Û वयन के  कारण कमी आई है।  
----- 
373

अनुबंध 
 
राÏ य सभा मɅ िदनांक 21.06.2019 को उƣर िदए जाने के  िलए िनयत अतारांिकत प्रæ न सं. 120 के  भाग (क) 
और (ख) के  उƣर मɅ उिãलिखत अनुबंध   
 
वषर् 2007-08 के  दौरान एनएसएसओ ɮवारा ‘रोजगार एवं बेरोजगारी और पलायन िववरण’ शीषर्क पर िकए गए 
सवȶक्षण से प्राÜ त पलायन के  कारणɉ के  अनुसार प्रवािसयɉ के  प्रितशत (0.0 मɅ)  
अिखल-भारत  
क्र.सं.  
पलायन का कारण  
ग्रामीण   शहरी  
पुǽष   मिहलाएं   पुǽष   मिहलाएं  
1  रोजगार की खोज मɅ   4.6  0.1  15.1  0.6 
2  बेहतर रोजगार की खोज मɅ  9.6  0.2  16.5  0.6 
3  कारोबार   1.7  0.0  3.0  0.1 
4  रोजगार/बेहतर रोजगार शुǾ करने के  िलए   8.1  0.2  13.3  0.9 
5  सेवा/ठे क े का è थानांतरण   3.6  0.1  6.8  0.3 
6  कायर्è थल से िनकटता   1.0  0.1  1.0  0.2 
7  पढ़ाई    10.7  0.5  6.8  2.2 
8  प्राकृ ितक आपदा   1.2  0.1  0.2  0.1 
9  सामािजक/राजनैितक समè या   2.4  0.2  0.7  0.3 
10  िवकास पिरयोजनाओं के  कारण िवè थापन   0.6  0.0  0.4  0.1 
11 अ प न े मकान/Ýलैट का अिधग्रहण   4.2  0.3  3.4  0.9 
12  आवासीय समè  याएं   3.9  0.3  1.6  0.6 
13  è वाè Ø य देखरेख   1.1  0.1  0.4  0.2 
14  सेवािनवृिƣ के  बाद   2.6  0.0  0.7  0.0 
15  िववाह   9.4  91.2  1.4  60.8 
16 म ा त ा-िपता/पिरवार के  कमाउ सदè य का प्रवास   22.1  4.4  25.2  29.4 
17 अ Û   य   12.2  1.7  3.4  2.2 
18  सभी (असूिचत सिहत)  100.0  100.0  100.0  100.0 
İोत:एनएसएस िरपोटर् सं. 533: भारत मɅ प्रवास: जुलाई 2007, जून, 2008  
n.r: असूिचत 
 
è पç टीकरण:      
 
1. प्रवासी: प ि र व ा र  के  ि क स ी  ऐ से  सदè य  क ो  प ि र व ा र  क ा  प्र व ा स ी  स द è  य  माना  गया,  िजसका  सामाÛ य  िनवास 
è थान (यूपीआर) अतीत मɅ िकसी भी समय प्रगणना के  वतर्मान è थान से िभÛ न कोई अÛय è थान था।   
2. सामाÛ य िनवास  è थान: ि क स ी  å  यिक्त  के   सामाÛ य  िनवास  è थान  (यूपीआर) क ो  ऐ से è  थान  (गांव/शहर) के  
Ǿप मɅ पिरभािषत िकया गया, जहां वह å यिक्त िनरंतर 6 महीने या उससे अिधक अविध तक रहा हो। 
 
 
374

भारत सरकार 
ग्रामीण िवकास मंत्रालय 
ग्रामीण िवकास िवभाग 
 
राÏ य सभा 
अतारांिकत प्रæ न सं. 121  
(21 जून, 2019 को उ× तर िदए जाने के  िलए) 
 
सांसद आदशर् ग्राम योजना (एस ए जी वाई) के  अंतगर्त गाँवɉ का िवकास 
 
121. Įी मोहàमद अली खानः  
 
क्या ग्रामीण िवकास मंत्री यह बताने की कृ पा करɅगे िकः 
 
(क) क्या यह सच है िक सांसद आदशर् ग्राम योजना (एसएजीवाई) क े अंतगर्त गाँवɉ का िवकास 
अपने प्रèताि
वत लêयɉ को प्राÜत नहीं कर पाया है और यह कायर्क्रम कायार्Ûवयन मɅ िवफल रहा 
है; 
(ख) यिद हाँ, तो त×संबंधी Þयौरा क्या है; 
(ग) यिद नहीं, तो िकतनी ग्राम िवकास योजनाओं ( वीडीपी) को सफलता पूवर्क िवकिसत िकया 
गया था; 
(घ) सांसद आद
शर् ग्राम योजना (एसएजीवाई) क े अंतगर्त िचिéनत गाँवɉ की राÏय-वार कु ल संख्या 
और ग्राम िवकास योजनाओं को सफलतापू
वर्क कायार्िÛवत करने वाले गाँवɉ की संख्या िकतनी है; 
और 
(ङ) क्या सरकार इस योजना क े िल
 ए अलग से िनिध उपलÞध करवाने की योजना बना रही है? 
  
उ× तर 
ग्रामीण िवकास मंत्री 
(Įी नरेÛ द्र िसंह तोमर) 
(क) से (ड.): आदशर् ग्राम लोगɉ क े साझे उɮदेæ यɉ, माननीय संसद सदè य, ग्राम पंचायत, समाज 
और सरकारी तंत्र की िविधवत सहायता से लोग ɉ  की क्षमताओं और उपलÞ ध संसाधनɉ क े 
सवȾ× तम उपयोग से तैयार होता है। आदशर् ग्राम क े घटक संदभर् िवशेष क े अनुǾप होते हɇ। सांसद 
आदशर् ग्राम योजना ( एसएजीवाई) क े फ्र ेमवकर् क े अनुसार अितिरक् त िनिधयɉ का आवंटन िक ए 
िबना संबंिधत मंत्रालयɉ क े प्रशासिनक िनयंत्रण मɅ मौजूदा सरकारी योजनाओं और कायर्क्रमɉ क े 
तालमेल एवं कायार्Û वयन क े माÚ यम से ग्राम पंचायतɉ क े िवकास की पिरकã पना की गई है। 
माननीय संसद सदè यɉ ने 12 जून, 20 19 तक सांसद आदशर् ग्राम योजना क े अंतगर्त 1,484 
ग्राम पंचायतɉ का चयन िकया है। एसएजीवाई क े अंतगर्त चयिनत ग्राम पंचायतɅ माननीय संसद 
सदè यɉ क े  मागर्दशर्न मɅ भागीदारीपूणर्  प्रिक्रया क े माÚ यम से  ग्राम िवकास  योजनाएं (वीडीप ी)  
 
375

 
 
तैयार करती हɇ। इस वीडीपी मɅ गांव की सवार्ंगीण प्रगित सुिनिæचत करने क े िलए प्राथिमकता 
प्राÜ त एवं समयबɮध कायर्कलापɉ को शािमल िकया जाता है। एसएजीवाई वेबसाइट 
(http://saanjhi.gov.in) पर उपलÞ ध आंकड़ɉ क े अनुसार अब तक 1,293 ग्राम पंचायतɉ ने अप नी  
वीडीपी अपलोड कर दी हɇ, िजनमɅ 68,272 पिरयोजनाओं का उã लेख िकया गया है। इनमɅ से 
38,102 (55%) पिरयोजनाएं 17 जून, 2019 तक संपÛ न हो गई हɇ। एसएजीवाई चरण-I की 
पिरयोजनोपरांत मूã यांकन िरपोटɟ से पता चलता है िक संसद सदè यɉ क े कु शल नेतृ× व और िजला 
प्रशासन क े सि
क्रय सहयोग का लाभ प्राÜ त करते हुए एसएजीवाई ग्राम पंचायतɉ ने प्रशंसनीय 
प्रगित की। एसएजीवाई क े अंतगर्त चयिनत गांवɉ की कु ल संख् या तथा वीडीपी अपलोड करने वाले 
गांवɉ की संख् या का राÏ य/संघ शािस त क्षेत्र-वार Þ यौरा अनुबंध मɅ दशार्या गया है। 
376

 
राÏ य सभा मɅ िदनांक 21.06.2019 को उ×  तर िदए जाने के  िलए िनयत अतारांिकत सं. 121 के  उ× तर मɅ 
उिãलिखत अनुबंध  
 
एसएजीवाई वेबसाइट (saanjhi.gov.in) पर 17 जून, 2019 तक उपलÞ ध जानकारी के  अनुसार एसएजीवाई 
क े अंतगर्त चयिनत गा ंवɉ की कु ल संख् या और वीडीपी का सफलताप ूवर्क कायार्Û वयन करने वाले गांवɉ की 
राÏ य/संघ शािसत क्षेत्र-वार संख् या  
   
क्र.सं.  राÏ य/संघ शािसत क्षेत्र  एसएजीवाई ग्राम पंचायतɉ की सं.  वीडीपी अपलोड करने वाली ग्राम पंचायतɉ की सं. 
1 अंडमान और िनकोबार ɮवीप समूह 3 2 
2 आंध्र प्रदेश 65 64 
3 अǽणाचल प्रदेश 7 3 
4 असम 35 27 
5 िबहार 82 60 
6 चंडीगढ़ 2 2 
7 छƣीसगढ़ 44 39 
8 दादर और नगर हवेली 1 0 
9 दमन और दीव 1 1 
10 िदãली 13 0 
11 गोवा 5 4 
12 गुजरात 75 61 
13 हिरयाणा 32 33 
14 िहमाचल प्रदेश 15 14 
15 जàमू और कæमीर 14 14 
16 झारखंड 51 46 
17 कनार्टक 57 55 
18 के रल 82 70 
19 लक्षɮवीप 1 1 
20 मÚय प्रदेश 68 53 
21 महाराçट्र 134 102 
22 मिणपुर 12 12 
23 मेघालय 7 4 
24 िमजोरम 5 5 
25 नागालɇड 3 2 
26 ओिडशा 47 36 
27 पुदुचेरी 2 2 
28 पंजाब 32 23 
29 राजèथान 80 77 
30 िसिक्कम 7 6 
31 तिमलनाडु  159 157 
32 तेलंगाना 45 35 
33 ित्रपुरा 4 3 
34 उƣर प्रदेश 270 268 
35 उƣराखंड 15 11 
36 पिæचम बंगाल 9 1 
 कु ल  1484 1293 
377

378

379

380

381

382

383

384

385

386

387

388

389

390

391

392

393

,
129
21 , 2019
:  ‘ ’  
129.  
   
( ( -
;
( ;
(
( ?
 
( ) 
 
( ) ( ): -
( - 2
( ) ( ): 2019- 75,000
2019-20
217. 87,217.
******
394

130
2019
 
: -
130
 
(
;
( ;
( ?
 
( )
( ) ( -
( 22
( (
2018- ,
2018-
(
, /
(
*****
395

 
 
,  
 
 
 
 
21  201  
 
 
  
 
,   
 
  ; 
(   , ;  
  - ? 
 
 
,  
 
 
(   - -
-
 
 
          
-
- -
 
 
 
396

, 
 
132
21 , 2019
132. . . :  
      : 
( )               , 
, - ;  
( )            
             
       ;    ? 
,  
( )
( ( ): 01 , 2019 
741.41 , 275.81 465.60 
 01 , 2019 
 210.40 
463.86  
, 2013 ( ) 
, 67 ( 75 50 
) 
5 
35 
, 1/-
, 2/- 3/-
2011 
36 /
81.35 
......2/-
397

 
-2- 
 
610 
- -
, 
( ) 
****** 
398

                                                                -1
21.06. ( ( )
01.06.2019  
: : : 
FOOD CORPORATION OF INDIA : HEADQUARTERS : NEW DELHI P&R DIVISION
-II Part-II    (Figs. In lakh MT) 
. 
Region 
STOCK WITH FCI STOCK WITH STATE 
AGENCIES 
TOTAL CENTRAL POOL 
STOCK 
         
RICE WHEAT TOTAL RICE WHEAT TOTAL RICE WHEAT TOTAL 
 2 3 4 5 6 7 8 9 10 
 Bihar 2.57 4.95 7.52 3.07 0.03 3.10 5.64 4.98 10.62 
 Jharkhand 2.29 0.38 2.67 0.00 0.00 0.00 2.29 0.38 2.67 
 Odisha 2.49 1.51 4.00 8.33 0.00 8.33 10.82 1.51 12.33 
West 
Bengal
1.27 6.89 8.16 3.24 0.00 3.24 4.51 6.89 11.40 
 
Zonal Total  
8.62 13.73 22.35 14.64 0.03 14.67 23.26 13.76 37.02 
 Assam 2.55 0.18 2.73 0.00 0.00 0.00 2.55 0.18 2.73 
  
Arunachal Pr.
0.17 0.00 0.17 0.00 0.00 0.00 0.17 0.00 0.17 
Tripura 0.20 0.06 0.26 0.00 0.00 0.00 0.20 0.06 0.26 
Mizoram 0.16 0.00 0.16 0.00 0.00 0.00 0.16 0.00 0.16 
 Meghalaya 0.13 0.00 0.13 0.00 0.00 0.00 0.13 0.00 0.13 
Manipur 0.29 0.00 0.29 0.00 0.00 0.00 0.29 0.00 0.29 
Nagaland 0.31 0.00 0.31 0.00 0.00 0.00 0.31 0.00 0.31 
 
Zonal Total  
3.81 0.24 4.05 0.00 0.00 0.00 3.81 0.24 4.05 
 Delhi 0.16 2.21 2.37 0.00 0.00 0.00 0.16 2.21 2.37 
Haryana 25.32 35.88 61.20 0.00 80.05 80.05 25.32 115.93 141.25 
 Himachal 
Pr.
0.12 0.32 0.44 0.00 0.00 0.00 0.12 0.32 0.44 
 J&K  0.93 0.55 1.48 0.00 0.00 0.00 0.93 0.55 1.48 
 Punjab 106.85 19.42 126.27 0.00 149.32 149.32 106.85 168.74 275.59 
Rajasthan 0.13 16.20 16.33 0.00 0.00 0.00 0.13 16.20 16.33 
Uttar Pr. 20.54 26.35 46.89 0.00 0.00 0.00 20.54 26.35 46.89 
Uttrakhand 1.02 0.11 1.13 0.83 0.22 1.05 1.85 0.33 2.18 
 Zonal 
Total 
155.07 101.04 256.11 0.83 229.59 230.42 155.90 330.63 486.53 
.....2/- 
399

-2-
Andhra Pr. 11.32 0.13 11.45 1.49 0.00 1.49 12.81 0.13 12.94 
Karnataka 6.87 0.44 7.31 0.00 0.00 0.00 6.87 0.44 7.31 
Kerala 3.59 0.82 4.41 0.22 0.00 0.22 3.81 0.82 4.63 
Tamil Nadu 11.11 0.95 12.06 1.92 0.00 1.92 13.03 0.95 13.98 
Telangana 13.47 0.28 13.75 10.33 0.00 10.33 23.80 0.28 24.08 
Zonal Total  
46.36 2.62 48.98 13.96 0.00 13.96 60.32 2.62 62.94 
Gujarat 0.56 5.62 6.18 0.00 0.00 0.00 0.56 5.62 6.18 
Maharashtra 6.38 11.11 17.49 0.00 0.00 0.00 6.38 11.11 17.49 
Madhya Pr. 0.13 2.09 2.22 4.80 86.34 91.14 4.93 88.43 93.36 
 Chhattisgarh 7.91 0.30 8.21 10.19 0.00 10.19 18.10 0.30 18.40 
Z
onal Total 
14.98 19.12 34.10 14.99 86.34 101.33 29.97 105.46 135.43 
Total 228.84 136.75 365.59 44.42 315.96 360.38 273.26 452.71 725.97 
*
W
heat lying in mandies 
0.00 1.19 1.19 0.00 9.39 9.39 0.00 10.58 10.58 
St
ock in Transit
2.55 2.31 4.86 0.00 0.00 0.00 2.55 2.31 4.86 
 Total (All India) 231.39 140.25 371.64 44.42 325.35 369.77 275.81 465.60 741.41 
6. ( 0. , 6. )/ 0. ( 0.00, 0.
)/ 1. ( 1. , 0. )/ 0. ( 0. , 0.
)/ 0. ( 0. , 0. )
1.
2. /
3
. = 120.08 ( 0.28 119. )
,  = 80.
4
. 01-09-2013 , /
, 
22.01.2015
1 115.80 44.60 160.40 20.00 30.00 210.40
115.40 245.80 361.20 20.00 30.00 411.20
1 82.50 175.20 257.70 20.00 30.00 307.70
1 56.10 108.00 164.10 20.00 30.00 214.10
**** 
400

401

402

403