


 

2

3

4

5

6

7

8

 
 
 
 
 
  
 
03.2020  
 
 
-  
 
298.  
 
 
 
(  -
; , ; 
(  
; 
(  - , 
; 
(  ;  
(  , -
 ? 
 
 
 
 
 
 
***** 
 
9

 
 
 
-
.298  
 
, ,
 
 
 
 
, ,
,
 
 
 
(i) ,
 
(ii) 
 
(iii) ,  
(iv) -
 
(v) 
 
***** 
10

11

12

. *300
( )
20 , 2020
 
fu;kZr ;kstukvksa ij MCY;wVhvks iSuy dk fu.kZ; 
*300- Jh foñ fot;lkbZ jsìh%  
 
D;k okf.kT; vkSj m|ksx ea=h ;g crkus dh d`ik djsaxs fd%  
 
¼d½ fo'o O;kikj laxBu ¼MCY;wVhvks½ iSuy ds vuqlkj fdu&fdu dkj.kksa ls fu;kZrksUeq[k bdkbZ ;kstuk] bysDVªkWfud gkMZos;j 
VSDuksykWth ikdZ vkSj ck;ksVsDuksykWth ikdZ  ;kstuk] fu;kZr lao/kZu iwathxr eky ;kstuk] ,lbZts+M ;kstuk vkSj fu;kZrdksa ds fy, M~;wVh 
jfgr vk;kr ;kstuk MCY;wVhvks ds ekunaMksa ds vuq:i ugha gSa(  
 
¼[k½ mi;qZDr ;kstuk,a fdu&fdu ekunaMksa dk mYya?ku dj jgha gSa( 
 
¼x½ D;k blls bLikr] Hks"kt] jlk;u] lwpuk izkS|ksfxdh] oL= bR;kfn tSls fofHkUu {ks= izHkkfor gksaxs( vkSj  
 
¼?k½ MCY;wVhvks ds mi;qZDr fu.kZ; ds vuqlj.k esa ljdkj us fdl jkLrs dk izLrko j[kk gS\ 
( )
( ) ( ) :
***
13

  20 , 2020
300 ( ) ( )
( ) ( ) : 541 ,
31 , 2019
( ) - ( )
( / / ); - ,
( ); ( ) ;
( ) -
( ) ;
, ( )
3
- VII
( ) ( ) : 19 , 2019
, ,
,
( )
****
14

15

 
 
,  
 
 3041    
20 ,  
 
-  
 
 
-
, 
, 
;  
, 
- ? 
 
 
) 
 
-
,
-
 
--- 
16

 
 
 
,  
 
 
,  
 
 
 
 
 
 
 
 
; 
 
;  
 , 
? 
 
 
 
 
 
- ,
- -
2011-13 
 ,
29.32 96.4 -
 
 
 
, 2019 -
, , 
 
,
 
 
 
, 
- -
17

, -
, 
, 
, , - , 
, , , 
151
651
 
 
,
-
 
 
,
,
,
 
 
-
28 27
2
39.07 8214 2009-10
2014-15 2015-16
-
 
 
, 2030
, , 2019
14 2030 21 26
  
18

I 
 
 
- -  
 
 
 
  
 8.26 55.34 
 0.52 5.86 
 15.29 42.62 
 4.61 70.28 
 2.09 40.33 
 0.00 54.61 
 13.38 66.39 
 2.58 86.87 
 16.91 17.82 
 7.52 26.54 
 7.35 54.11 
 4.16 67.19 
 0.34 57.91 
 4.42 56.08 
 5.63 68.48 
 0.04 20.45 
 5.87 45.96 
 0.31 18.02 
 0.15 42.02 
 6.83 43.09 
 1.04 84.34 
 6.99 74.43 
 0.00 21.81 
 3.51 62.23 
 5.42 61.29 
 0.00 25.90 
 3.81 25.82 
 1.87 78.04 
 0.12 65.04 
 0.22 3.67 
 0.00 20.74 
 0.17 48.79 
 0.00 94.15 
 12.01 35.77 
 0.00 80.44 
 0.15 59.39 
 5.51 59.01 
: ,  
 
19

 
 
,  
 
    
20 ,  
 
 
 
 
; 
, ; 
; 
 
, ?  
 
) 
 
, , , ,
,
,
 
 
, ,
,  
 
 
,
 
--- 
20

 
 
,  
 
 3044    
20 ,  
 
 
 
; 
, ; 
; 
, ; 
, 
, ;  
? 
 
) 
- 
i. )  
ii. - ) 
iii. ) 
iv. ) 
v. ) 
vi. ) 
vii. ) 
viii. ) 
ix. ( ) 
x. )  
xi. - -  
xii. )  
xiii. - ) 
xiv. )  
- ) 
-
- - -
, , ,   
-
,  -  
 
21

 
 
,  
 
 3045    
20 ,  
 
 
 
, ? 
 
 
) 
 , ,  
--- 
22

 
 
,  
 
 3046    
20 ,  
 
 
  
  
 ; 
 - ; 
 
; 
, ; 
 ;  
, ? 
 
) 
,
   
(i)   
 ,
- -
 
, ,
-
-  
(ii)  
- -
- 
23

1) ,
 
2) 
 
3)  
4)  
, ,
, ,
- -
-  
(iii)  
 
(i)  
(ii)  
(iii)  
  
, ,
--
-  
(iv)  
 ,
, ,
,
-
 
 ,
- , , , ,
,
, ,
- V
 
24

(v)    
 
-
,   
,
, , ,
,
 
,
,
-V   
 ), 
), ) 
)  
( , 
, 
,  
 
 
 
 
 
 
 
 
 
 
 
 
 
 
 
25

 
 
-I 
2016-17 2019-20 - -
- 12.3.2020  
 ( ) 
 
 
2016-17 2017-18 2018-19 2019-20 
        
1.        8.50 9.40 13.10 13.95 10.17 18.90 16.50 9.15 
2.        0.25 0 0.25 1.12 2.00 0 1.60 0 
3.        12.85 12.64 15.20 33.29 14.50 30.81 17.60 2.26 
4.        7.58 7.05 14.50 24.15 4.80 19.76 14.50 0 
5.        3.43 5.94 4.90 21.73 5.80 6.17 10.30 13.81 
6.        0.04 0 0.05 0 1.00 0 0 0 
7.        2.40 0.12 3.00 2.07 8.80 1.06 12.00 2.44 
8.        0.45 0.04 0.68 1.73 2.35 0.91 3.50 3.01 
9.        5.05 4.19 5.00 3.92 7.51 8.71 4.50 5.94 
10.      8.53 7.40 7.00 9.33 9.50 5.92 11.70 24.41 
11.      0.08  0.58 0 4.55 0 4.90 0 
12.      6.40 6.56 6.00 12.03 7.23 16.80 11.80 2.52 
13.      0.71 0.35 0.69 0.26 1.00 0.08 3.60 0.08 
14.      18.00 20.30 12.00 68.23 32.62 28.37 39.90 21.91 
15.      8.95 6.73 10.00 38.97 22.05 35.73 33.30 30.03 
16.      1.70 0.54 0.25 0 2.00 0.09 1.10 0 
17.      0.25 0.25 0.50 0 2.00 0 0.75 0.53 
18.      0.50 0.68 0.50 2.02 2.00 1.15 1.65 0 
19.      2.25  2.30 2.17 3.00 1.81 2.55 0 
20.      0.80 0.93 0.95 0.52 6.70 2.04 8.90 1.25 
21.      3.36 0.61 3.35 0.10 1.00 0.09 3.80 0.19 
22.      8.36 3.89 7.65 15.72 16.80 1.14 15.00 7.31 
23.      0.00  0.00 0 1.00 0.47 0.50 0 
24.      9.12 8.40 10.70 20.90 16.72 33.91 14.00 14.88 
25.       7.60 9.99 9.04 26.84 7.40 8.22 9.50 1.73 
26.       0.20  1.00 0.33 1.00 0 1.85 2.40 
27.       19.35 7.99 13.87 75.46 46.55 43.40 30.50 4.71 
28.       6.28 2.82 4.00 10.68 11.13 10.88 9.10 6.33 
29.       0.75  0.60 0 3.57 0.97 2.40 4.03 
30       0.00  0.00 0 1.00 0 2.50 0.05 
31       1.00 0.26 1.00 0.29 1.00 0.27 0.50 0 
  32   
) 
18.26 29.15 20.34 24.63 59.05 39.70 39.00 55.00 
33.      , 
, 
3.40 1.80 17.56 3.28 4.80 4.25 4.28 2.02 
34.       19.70 19.75 19.50 15.17 20.00 17.03 54.15 55.10 
  186.10 169.93 206.06 428.89 340.60 338.64  387.73 271.09 
26

 
 -II 
-  
- , -  
 ( ) 
  
 
2015-16 2016-17 2017-18 2018-19 2019-20 
17.03.2020 
     
1.  7.28 48.99 132.92 150.00 139.8 
2.  1.88 1.33 5.5 3.55 3.5 
3.  0 1.08 10   
4.  0 14 0 25.00  
5.  4 10 30 20.00 20 
6.  7.55 6 6.48 8.69 11.36 
7.  0 0 45 71.12 50 
8.  0.75 4.95 11.7 14.53 68.85 
9.  0.95 3.64 1.8 10.22 12.85 
10.  2.54 2.25 1 3.00  
11.  0 44.41 75 104.99 148.93 
12.  0 1 9.79 10.37 17 
13.  26.02 20 43.11 50.39 70 
14.  15.96 15 34.13 145.50 75 
15.  2.91 0 2.85 28.61 16.52 
16.  0 0.9 0.5 1.11 1.5 
17.  2.03 2 4.81 3.75 7.26 
18.  2.85 3.33 16 41.96 15 
19.  5.67 35.78 66.27 72.96 50 
20.  0 52.09 48.5   
21.  0 4.25 23.06 10.00  
22.  0.65 1.44 1.38 2.00 12.27 
23.  21.39 30.3 51.34 153.22 70 
24.  4.76 5.97 10 6.00  
25.  2.44 2 25.52 31.28 30.65 
26.  16.51 37.98 43.97 36.58 50 
27.  0.78 2.56 30.95 37.50 67.25 
28.  5.65 4 10 11.25 10 
29.  --- -- -- --- 1.1 
30.  -- -- -- --- 4 
  132.57 355.25 741.58 1053.58 952.48 
 
 
 
27

 
 
2018-19 2019-20 
 
 
(
) 
-
 
 
 
 
-
 
 
 
267.84 28609 4466 
 
273.80 14492 5505 
 
132.86 10747 1194 
 
192.06 13451 1300 
 
138.67 16406 2300 
 
105.28 4865 1817 
 
0.00   
 
4.52   
 
539.37 55762 7960 
 
575.66 32808 8622 
 
28

 
 - III 
 
-   
   
  2016-17 2017-18 2018-19 2019-20  
(17.3.2020
 
1  308.69 517.10 520.00 452.00 
2  21.60 12.50 27.91  0.00 
3  44.80 55.00 43.39 32.15 
4  0.80 0.00 1.20 0.50 
5  274.00 300.00 272.50 280.00 
6  27.00 14.01 27.41 16.80 
7  8.50 19.25 26.00 18.00 
8  30.70 25.00 10.00 22.97 
9  5.40 3.00 7.80 5.50 
10  229.00 385.00 372.03 410.00 
11  0.00 25.00 4.00  0.00 
12  121.10 150.00 132.56 102.00 
13  305.70 362.50 360.00 325.00 
14  39.70 48.00 58.00 30.00 
15  1.18 0.00 9.00 0.00  
16  129.00 107.50 168.48 75.00 
17  143.50 369.55 355.00 204.00 
18  189.00 257.00 122.00  0.00 
19  15.00 27.20 43.00 32.00 
20  41.40 55.00 87.88 100.00 
21  19.90 31.00 40.00 20.00 
22  2.00 8.30 12.50 18.00 
23  11.00 3.00 30.00 42.00 
24  3.60 7.50 40.00 40.00 
25  0.00 3.30 12.00 0.00  
26  8.10 12.30 27.80 27.00 
27  4.50 11.80 35.00 30.00 
28  5.40 4.00 55.19 31.79 
29  0.00 3.75 15.00 18.00 
30  0.00 0.50 0.00  0.00 
31  0.00 0.00 0.00 0.00  
32        0.50 
33  0.67 1.43 2.73  0.00 
   1991.24 2819.49 2918.38 2333.21 
 
 
 
 
29

 
 
 
 IV 
 
) 
-  
   
1  8383.13 
2  0.00 
3  3257.77 
4  132.00 
5  2426.38 
6  0.04 
7  12258.08 
8  15932.86 
9  27.39 
10  574.86 
11  522.88 
12  5790.33 
13  197.46 
14  30716.91 
15  10226.67 
16  2.88 
17  0.00 
18  0.83 
19  1647.82 
20  5275.21 
21  4300.55 
22  1491.27 
23  9492.52 
24  136.90 
25  3908.36 
26  624.73 
27  944.61 
 118272.44 
   
30

 
 - V 
2015-16 2018-19  
( ) 
   
  
  
 
          
2015-16 9968.56 11969 0 16400 38200 
2016-17 6999.99 11842.88 0.55 11256.59 40000 
2017-18 7900 14337 7.26 9980 36973.7 
2018-19 9260 14820.35 10 17155.36 32189.5 
 
 
--- 
31

 
 
,  
 
 3047    
20 ,  
,  
 
 
, 
; 
, 
; 
, 
, - -
;  
, 
? 
 
) 
(
, 
- , - , 
- , - -
 
 , 
, , 
32

, , , 
, ,
 
 ,
, 
 ,
, 
, 
 
 
, :- 
 (  ) 
   *  
2014-15 78.56 60.35 75.74 
2015-16 51.05 42.98 40.37 
2016-17 71.15 61.02 57.52 
2017-18 147.06 126.77 117.22 
2018-19 161.44 122.32 124.88 
*  
 
 
33

 
 
,  
 
 3048    
20 ,  
 
 
 
- - ; 
- -
; 
; 
, , ;  
- ? 
 
 
) 
, ,
, , ,
- ,
, , , , -
, ,
 
- -I  
,
,  
- -II  
 
34

 
 
-I 
( ) 
 
 
2014-15 2015-16 2016-17  2017-18 2018-19 
          
1  106.00 76.00 53.00 26.50 106.80 106.80 76.28 38.14 53.46 53.46 
2  151.00 151.00 75.50 37.75 87.30 43.65 62.39 41.20 43.72 21.86 
3  161.00 120.75 80.50 80.50 99.30 99.30 70.98 70.98 49.74 49.12 
4  77.00 38.50 38.50 37.69 56.80 28.40 40.59 0.00 28.44 23.16 
5  184.00 184.00 92.00 92.00 102.50 102.50 73.27 71.82 51.35 48.80 
6 
 
148.00 110.00 74.00 37.00 81.50 78.09 58.25 39.13 40.82 39.78 
7 
 
171.00 165.50 85.50 85.50 94.80 94.80 67.74 67.74 47.47 47.47 
 998.00 845.75 499.00 396.94 629.00 553.54 449.50 329.01 315.00 283.65 
35

-II 
 
:  
    
 
2014-15 2015-16 2016-17 2017-18 2018-19 
1  
 
  70667 49749 54991 35803 23000 
 80934 66864 94565 43275 8226 
2  
 
  - 53000 58742 41956 14701 
 - 0 16731 0 2000 
3  
 
  - 72080 77486 70486 25880 
 - 0 0 0 1483 
4  
 
  - 123333 135806 100654 74488 
 - 0 0 0 8000 
5  
 
  - 84800 93986 67130 47050 
 - 0 0 0 4000 
6  
 
  4357 8000 7000 - - 
 5007 0 0 - - 
7  
 
  47467 480 29545 2238 13718 
 32090 0 17130 1250 1731 
8  
 
  7767 8000 7000 - - 
 5007 0 2705 - - 
9  
 
 
 
 14.07 11.60 8.28 17.20 - 
 9.55 0 1.73 0 - 
10  
 
  - 325 363 200 119 
 - 0 239 0 0 
11 
 
  - 757 839 599 420 
 - 0 63 0 0 
 
:  
    
 
2014-15 2015-16 2016-17 2017-18 2018-19 
1  
 
  100880 91009 90615 52973 31075 
 109995 89415 80381 38823 29010 
2  
 
  - 75500 72751 51990 0 
 - 21245 0 0 0 
3  
 
  - 151008 79900 56377 26885 
 - 23917 30134 23163 11367 
4  
 
  - 191266 184538 131040 66416 
 - 5032 27129 21050 16097 
5  
 
  - 120800 116411 83191 56900 
 - 4867 22441 38114 17205 
36

6  
 
  - - 2559 160 1040 
 - - 1658 167 90 
7  
 
  36200 4476 13436 3622 1914 
 0 37 275 758 188 
8  
 
  16005 14936 15607 9710 6550 
 0 8027 4125 3606 1938 
9  
 
 
 
 - 19.32 - 17.30 2.62 
 - 0.00 - 3.23 0.28 
10  
 
  - - 145 83 59 
 - - 47 44 26 
11 
 
  - 1077 1040 742 418 
 - 70 651 424 161 
 
:  
    
 
2014-15 2015-16 2016-17 2017-18 2018-19 
1  
 
  107333 75933 80933 55756 34416 
 93785 73022 80941 54669 34416 
2  
 
  - 64000 50750 43625 22870 
 - 46375 61226 88562 34179 
3  
 
  - 122000 150500 92075 39502 
 - 22618 149533 134203 31190 
4  
 
  - 202000 195000 136300 96810 
 - 106241 178874 136673 93681 
5  
 
  - 128800 132400 94640 66320 
 - 83237 129575 92901 61725 
6    4500 500 2000 2600 3000 
 2929 451 2105 2116 2587 
7    3175 13863 44902 56892 17890 
 3574 23359 79050 94638 37990 
8    - 4522 1500 700 3075 
 - 3510 1855 1062 373 
9    389 270 111 67 63 
 360 268 122 78 63 
10    10 15 5 4 2 
 8 15 5 4 2 
11    - 6 23 36 15 
 - 0 0 36 15 
12 
 
  - 500 766 893 593 
 - 452 700 793 555 
 
37

:  
    
 
2014-15 2015-16 2016-17 2017-18 2018-19 
1  
 
  51250 37950 47700 34050 14685 
 47967 35400 46691 33950 8314 
2  
 
  - 5500 62017 29933 1500 
 - 0 5595 2340 150 
3  
 
  - 55450 67576 61690 - 
 - 16915 26571 13867 - 
4  
 
  - 202000 79607 57269 - 
 - 106241 20640 9055 - 
5  
 
  - 128800 74995 53731 - 
 - 83237 22298 5247 - 
6    7280 3656 6008 4700 - 
 1472 1551 3496 927 - 
7    11140 11795 13080 9375 - 
 10085 9127 2133 3410 - 
8    - 2375 - - - 
 - 831 - - - 
9 
 
  40 97 1304 935 - 
 23 30 683 98 - 
10    - 163 21 110 - 
 - 96 5 31 - 
11    20 40 30 20 - 
 14 10 7 2 - 
12 
 
  - 465 669 480 - 
 - 323 175 265 - 
:                                                                                                                          
    
 
2014-15 2015-16 2016-17 2017-18 2018-19 
1  
 
  94702 122260 79364 60440 33135 
 94702 117960 77900 65940 37412 
2  
 
  - 90000 84560 60449 21181 
 - 34159 46760 52320 43543 
3  
 
  - 50000 169121 120898 42362 
 - 51797 26200 11500 45938 
4  
 
  - 68534 173772 124223 96725 
 - 30233 45450 18857 40605 
5  
 
  - 119246 135297 96719 67780 
 - 102899 96266 89576 53075 
6   25 10 31  11 
38

  25 14 21  11 
7    6201 5986 6385 4280 1952 
 7197 6152 6278 3564 1952 
8    17917 15000 10000 6465 4548 
 19840 15200 10000 9828 4548 
9 
 
  22 20 37 38 48 
 22 11 31 44 46 
10 
 
  96 80 35 28 15 
 96 80 43 28 15 
11    277 100 116 - - 
 277 125 116 - - 
12 
 
  - 1300 1208 863 605 
 - 1050 1075 863 605 
 
:  
    
 
2014-15 2015-16 2016-17 2017-18 2018-19 
1  
 
  99000 71200 72100 88033 42460 
 98662 69298 63229 92714 54014 
2  
 
  - 29763 71951 96248 19606 
 - 0 3436 50182 7828 
3  
 
  - 59203 71316 64283 24521 
 - 33078 14462 17293 28513 
4  
 
  - 115840 132451 98915 72277 
 - 29402 8517 1240 3154 
5  
 
  - 94736 114286 77080 57498 
 - 6710 5601 3178 2235 
6    16200 11500 10500 7999 830 
 16350 11500 6062 12446 830 
7    3578 7521 6853 9260 2270 
 219 6289 8141 5557 1795 
8    33190 8150 14064 10975 3182 
 12179 7066 11198 5190 1444 
9  
 
 - 53.20 10.36 10.48 12.52 
 - 9.30 6.63 28.45 7.78 
10    - - - - - 
 - - - - - 
11 
 
  69 6 6 7 3 
 69 4 0 0 3 
12 
 
  - 845 960 2456 744 
 - 665 775 2487 581 
39

:  
.     
 
2014-15 2015-16 2016-17 2017-18 2018-19 
1  
 
  146600 91100 86400 75700 38600 
 164156 99578 86400 93700 46300 
2  
 
  - 84646 78162 55880 18563 
 - 47224 78054 55783 18563 
3  
 
  - 165978 161706 4133 44550 
 - 1963 117548 3643 26598 
4  
 
  - 192090 178068 140904 102378 
 - 171310 268692 143304 102614 
5  
 
  - 135432 125172 89418 66744 
 - 135432 245172 94868 67154 
6    57180 7522 6466 2454 1480 
 21060 2989 4491 3234 1844 
7    14550 20613 17690 11141 4516 
 19162 22618 16517 8906 1989 
8    - 16 9 29 28 
 - 17 9 27 20 
9 
 
  - 98 230 258 285 
 - 111 230 260 286 
10 
 
  7500 3750 3000 2080 1616 
 7500 2758 2969 2080 1617 
11 
 
  7000 3500 3000 - - 
 7000 2758 2990 - - 
12 
 
  8000 3829 3276 2357 1616 
 8000 2762 3223 2357 1613 
13 
 
  - 1210 880 799 559 
 - 824 1609 799 557 
***** 
 
40

 
 
,  
 
 3049    
20 ,  
-  
 
 
, 
- ; 
, 
, - , ; 
- ;  
, ? 
 
) 
( , 
-
 -
17.03.2020 -
9,89,01,864  
41

 
 3049    
     
1 2 3 
1  16,975 
2  5,447,002 
3  70,015 
4  3,669,916 
5  6,214,917 
6  462 
7  2,370,110 
8  10,722 
9  3,699 
10  14,792 
11  9,685 
12  5,276,907 
13  1,709,915 
14  905,133 
15  1,072,452 
16  1,769,375 
17  5,178,732 
18  3,031,477 
19  1,699 
20  6,874,052 
21  9,890,633 
22  300,513 
23  98,839 
24  85,441 
25  199,936 
26  3,792,814 
27  10,521 
28  2,372,007 
29  6,518,158 
30  11,760 
31  3,837,536 
32  3,677,238 
33  204,812 
34  23,477,264 
35  776,355 
36  0 
    :   98,901,864 
 
 
42

 
 
,  
 
 3050    
20 ,  
 
 
   
 -  
  
; 
,  ; 
, ;  
 ,  
 , ,  
?  
 
) 
-
-
 
-
,  
 
 
 
 
43

I. , , , ,
-  
II. 
 
III. , ,
 
-
-
-
 
 -
-
-
,
- -
 
 
 -
 
I. 
,
 
II. -
 
44

III. 
 
IV. 
 
V. 
 
VI. 
-  
VII.  
VIII. 
-  
IX. 
(  
X. 
 
XI. 
 
XII -
 
--- 
45

         
                  . 3051  
    
 
 20 , 2020        
[kk| rsy dk vk;kr 
 
3051- Jh dqekj dsrdj%  
 
    D;k okf.kT; vkSj m|ksx ea=h ;g crkus dh d`ik djsaxs fd  
 
(d) bl foÙkh; o"kZ ds nkSjku ns'k esa fdruh ek=k esa [kk| rsy dk vk;kr fd;k tk,xk \ 
 
   
      
 (   ) 
 
( )  2019-2020 ( ,2019 )       
 11632948.26   -       
 - I   
*****
46

 I 
 :   ( , 19 )
        
2019-20 ( , 19 )
 ( . )
15071000 2,442,300.40 1718.23 
15079010 39043.70 44.58 
15081000 0.02 0.00 
15091000 1234.39 4.90 
15099010   ( ) 3948.21 14.28 
15100010 937.48 0.91 
15100091 
 ( )
2082.06 4.28 
15111000 4,927,471.53 2672.27 
15119010 3862.06 2.32 
15119020 2,216,962.26 1331.12 
15119030 66072.00 34.61 
15119090 75573.79 42.81 
15121110 1,703,367.29 1270.95 
15121120  ( ) 2243.65 2.50 
15121910 106.83 0.28 
15121930 3.60 0.01 
15122100 0.01 0.00 
15122910 1885.79 1.85 
15131100   ( ) 0.03 0.00 
15131900  ( ) 2437.72 1.98 
15132110 110,507.56 70.59 
15132910 2981.63 2.38 
15132920 0.11 0.00 
15141120 17254.47 12.68 
15141910 5.90 0.01 
15141920 201.14 0.25 
15149120 1390.00 1.39 
15149190 2741.62 2.76 
15149930 0.03 0.00 
15151910 248.00 0.24 
15152100  ( ) 50.00 0.05 
15152910  ( ) 21.32 0.06 
15155010 1851.93 3.72 
15155091 56.75 0.24 
15159091 1311.18 2.25 
15162011 3.98 0.04 
15162021 0.76 0.01 
15162091  4766.05 8.04 
15180031 23.01 0.08 
11,632,948.26 7252.68 
:  2019-20 ,
47

 
  
  
  
 
       
.  
 20-03-2020  
 
   
 
3052.  
 
      
 
(
 
; 
(  , ;    
(  ? 
 
 
 
   
(  
 
 ,
 
 
,
,
,
,
I)  
 
******* 
48

I 
{  0 3. . 52 } 
 
 
 
 
  
 
 
 
 
.    
 
 
 
   
 
 
   
.    
 
    , ,
 
     
 
 
   
     
 
,
 
, ,
, ),
 
 
****** 
 
49

 
 
,  
 
    
20 ,  
 
 
 
;  
, - ? 
 
 
) 
-
-i -vi
50

51

52

53

-IV 
 
 
- -  
     
 
(  
 
 
 
2015-16 -2015                       
4,241.89  
                 
1,590.71  
                    
2,213   ,   
2016-17 
2016 
                       
4,488.94  
               
2,670.92  
                     
2,933    ,   
                       
1,836.86  
                   
1,146.20  
                     
1,527    ,   
-16                        
4,949.31  
                   
1,880.72  
                     
2,694    ,   
-16 
                          
162.19  
                        
45.00  
                          
96      
                   
210,731.16  
                 
88,928.55  
                 
109,240      
                       
8,267.58  
                   
4,319.81  
                     
7,540    ,   
  2016-17         
230,436.04  
         
98,991.20  
         
124,030    
2017-18      
-17 
                     
36,794.91  
                 
13,614.12  
                   
19,241      
                       
6,539.04  
                   
2,582.92  
                     
3,891    , ,   
                       
3,739.77  
                   
1,869.89  
                     
2,842      
2017                      
15,747.65  
                   
7,873.82  
                     
7,482      
2016                    
196,207.90  
                 
99,084.99  
                 
109,056    , ,   
-2017 
                   
112,407.17  
                 
58,732.75  
                   
51,924    ,   
 
                         
947.77  
                      
399.96  
                        
595      
2017 
 
                  
293,672.93  
               
163,722.66  
                 
182,450    , ,   
 
                  
272,907.56  
               
147,370.08  
                 
236,947    , ,    
 
                  
603,158.69  
               
328,721.49  
                 
535,816    , ,   
 
                    
72,280.74  
                 
22,045.63  
                   
42,535    , ,   
 
               
1,046,022.62  
               
465,480.07  
                 
544,663    , ,   
-2018 
 
                  
128,297.41  
                 
56,450.86  
                   
93,441    , ,   
                     
12,040.59  
                   
4,816.24  
                     
6,345    ,   
 
                           
17.05  
                          
7.59  
                          
13      
  2017-18 
     
2,800,781.80  
   
1,372,773.04  
      
1,837,241    
2018-19 
2017 
 
                      
2,060.79  
                   
1,112.82  
                     
2,000       
                   
265,218.35  
               
144,544.00  
                 
180,621    , ,   
-2018 
 
               
2,595,747.61  
            
1,142,128.95  
              
1,151,392    , ,   
                     
86,887.21  
                 
46,919.09  
                   
62,747    , , ,  
                   
242,424.42  
               
103,030.38  
                 
175,341    ,   
                   
866,364.10  
               
346,545.64  
                 
361,420    , ,   
                       
2,428.75  
                   
1,080.79  
                     
2,099      
                       
2,743.33  
                   
1,124.77  
                     
1,950    , ,   
54

                       
4,234.16  
                   
2,360.54  
                     
5,871    ,   
-2018 
                   
296,073.98  
               
206,511.60  
                 
257,725    , ,   
                   
423,527.51  
               
237,175.41  
                 
393,456    , ,   
                     
19,483.02  
                   
6,622.28  
                   
11,364    ,   
 
                  
717,384.17  
               
350,800.86  
                 
335,586    , ,   
                   
226,568.03  
               
128,577.36  
                 
238,843    , ,   
                            
15.90  
                          
9.34  
                          
17      
-2019 
 
                         
732.04  
                      
510.60  
                        
627      
 
                      
3,356.95  
                   
1,879.89  
                     
3,364      
 
                    
35,678.54  
                 
16,483.49  
                   
22,460    ,   
 
                         
750.00  
                      
404.10  
                        
566      
 
                      
7,172.30  
                   
3,012.37  
                     
3,620    ,   
  (2018-19)  
     
5,798,851.16  
   
2,740,834.27  
      
3,211,069    
2019-20 
-2018  
                    
49,105.49  
                 
27,867.37  
                   
42,556    
, ,   
-2019 
 
                    
25,300.99  
                 
17,647.44  
                   
18,753    
, ,   
 
                    
14,883.97  
                   
8,335.02  
                   
11,984    
, ,   
 
                  
740,681.70  
               
342,194.95  
                 
333,970    
, ,   
 
                    
56,237.87  
                 
25,166.45  
                   
45,700    
,   
 
               
1,081,864.39  
               
454,383.04  
                 
492,502    
, ,   
 
                      
2,586.33  
                   
1,393.51  
                     
1,518    
,   
 
                         
130.76  
                        
63.94  
                          
55      
2019 
 
                         
313.66  
                      
298.64  
                        
930      
 
                           
0.175  
                          
0.17  
                            
5      
-2019 
 
                    
10,677.68  
                   
3,961.42  
                     
4,550    
,   
 
                  
721,021.47  
               
366,999.93  
                 
344,911    
, ,   
 
                  
140,018.46  
                 
98,713.01  
                   
99,589    
, ,   
 
                         
132.31  
                        
75.42  
                          
99    , ,   
 
                  
360,443.82  
               
209,057.42  
                 
384,056    
, ,   
-2020 
 
                    
48,265.50  
                 
23,529.43  
                   
32,727    
,   
 
                             
2.50  
                          
1.11  
                            
1       
 2019-20 (16-03-2020       
3,251,667.08  
   
1,579,687.16  
      
1,813,906    
       12,085,977.96    5,793,876.38       6,988,459    
16-03-2020  
 
55

 
           
56

-VI 
     
 (
  
( ) 
2014-15 27.847 1392 655.90 
2015-16 0.00 0 0.00 
2016-17 1,03,392 6500 2879.40 
2017-18 6,10,079 32500 18942.16 
2018-19 1,30,791 7822 4458.41 
 
 
57

 
 
,  
 
 3054    
20 ,  
 
 
 
; 
- - ;  
? 
 
) 
,
,
; 
 
 
 
 
i  
 ,
 -
 
, , ,
%
%
 
 
ii) ,  
,
-
   
, ,
 
 
 
58

 
 
 
 
,  
 
 3055    
20 ,  
  
 
  
  
  ; 
,  ;  
  
 ? 
 
) 
-
-
http://www.indiaenvironmentportal.org.in/files/file/hidden_risks_and_untapped_opportunities.pdf .  
 
 
, ,
- -
 
 
 
 ,
 
 , , , ,
 
 ,
,
,
 
 , ),
, , ,
,
 
--- 
59

 
 
,  
 
3056 
20 ,  
 
 
3056.  
? 
 
 
, , ,
- i
ii
-
 
 
i.  
ii. 
 
iii. , , ,
-
 
iv. , ,
60

- ,
,
,
 
v. 
, ,
,
 
vi. ,
- , - 
( ) : 
  
  
( )  
  
 
 
 (  
  
 ,
 
vii
, ,
 
 
61

 
 
,  
 
3057 
20 ,  
 
 
3057.   
 
( , 
- , , 
, ;  
( , 
? 
 
 
 
 
- -
- -
, -
-
, -
, 
, , , - -
,
 
, , 
-  
 -
-
 
*****  
62

 
,  
 
 3058 
20 ,  
 
-  
3058.   
 
( -
, , ; 
(
, , ;  
(
, ,  ? 
 
 
 
( )  
, -
-
,
, , , ,
-
, , , ,
, , ,
,
 
 
63

 
 
,  
 
3059 
20 ,  
 
 
 
 
- , , 
; 
, ;  
, 
? 
 
 
 
 
)
- , - , 
, 242
05 - , 07 -
, 10 - , 14 -
, 11 , 124 71
 
( ) : , 11 
04, 04 03 
, 03 , 12 248 
01 -
03  
 
64

 
 
,  
 
3060 
20 ,  
 
-  
3060.  
 
( ( -
 ; 
( -  
;  
( - -
? 
 
 
 
,03,49,181 
, , , ,
, , , ,532 
 
- ,
 
 
 
65

  
  
 
       
. 3061 
 20-03-2020  
 
   
 
3061.  
 
      
 
(  , 100 
; 
(  , 
;   
(  
;  
(   
;  
  
?  
 
 
 
   
(  
 
(
  
, , , , 
  
 
,  
, , 
, 
 
66

 
 
 
 
 
 
 
  
 
 
 
67

{  0 3. .  } 
 
 
 
 
 
 
  
  655 
2  523 
3  437 
4  899* 
5  633 
6  638 
7  142 
8  231 
9  88 
10  57 
11  100 
12  11 
13  1148** 
14  411 
 
 
 
 
 
  
 
 
 
68

 
,  
 
3062 
20 ,  
 
 
3062.   
 
( , 
; 
( , 
; 
( , , ;  
( , , 
? 
 
 
 ), 
-
, , , , , , 
, , , , ,  
,
-
-
 
 
. ;  
. ; 
. 
 
69

.
.  
 
, 
, -
 
 
)  
( ) 
2018  
****
70

 
 
,  
 
 
,  
 
-   
 
 
 
-
;  
- , - ;  
;  
-
;  
- ,  
;   
, , 
?   
 
  
 
 
( 2015-16 -
12.5  
( ) 17.3.2020 ,
10,03,49,181 -
-I  
(  
- ,  
71

, -
,  
, ) 
,
 
( )  - 24.2.2019
4
17.3.2020 , 8,71,54,788
, 3,39,67,061 4 -
-II  
( , - , -III 
-  
, 
,  
, 
, ,
- ,  
( , 
-
, 
 
 
 
 
 
 
 
 
72

 
 
 
-I 
-  
  
  
  
                 16,981  
            5,511,499  
            6,378,515  
                      462  
            2,725,808  
                 10,722  
                   3,699  
                 14,766  
                 12,182  
            5,322,059  
            1,721,374  
               924,465  
            1,176,370  
            1,837,770  
            5,178,618  
            3,030,499  
                   1,699  
            7,053,545  
            9,848,198  
            3,969,435  
                 10,522  
            2,376,388  
            6,583,454  
            3,843,022  
            3,681,317  
          23,561,903  
               776,943  
                        -    
                 69,757  
            3,710,434  
               300,264  
               100,897  
               106,274  
               268,115  
                 16,516  
               204,709  
        100,349,181  
 
73

 
-  
 
 
 
 10,631 
 3,135,640 
 681,429 
 247 
 123,270 
 5,762 
 2,350 
 1,881 
 3,196 
 2,626,492 
 1,001,518 
 541,188 
 575,202 
 322,728 
 370,160 
 1,995,879 
 - 
 128 
 2,507,639 
 394,718 
 4,533 
 1,453,092 
 1,919,773 
 2,317,422 
 2,321,010 
 9,984,700 
 460,586 
 - 
 2,852 
 953,609 
 31,669 
 24,665 
 21,600 
 30,070 
 - 
 141,417 
 33,967,056 
 
74

  
        
 1 2 3 4 5 6 7 8 9 
 16,981 16,975 6 237 310 0 106 10,409 0 
 5,512,034 5,447,002 65,030 176,595 294,846 129,334 45,971 172,437 0 
 70,015 70,015 0 0 7,056 8 84 724 0 
 3,710,868 3,669,916 40,727 112,832 512,516 647,798 29,730 44,491 2 
 6,378,515 6,214,917 163,598 526,963 202,193 53 2,205 31,125 0 
 462 462 0 0 4 0 0 5 0 
 2,727,889 2,370,110 329,943 325,482 156,790 0 1,004 12,224 0 
 10,722 10,722 0 0 27 110 5 10 0 
 3,699 3,699 0 0 64 53 54 114 0 
 14,792 14,792 0 0 545 841 0 129 0 
 12,186 9,685 2,501 1,593 183 703 17 415 0 
 5,323,638 5,276,907 48,099 812,777 328,293 3,913 102,055 70,353 0 
 1,722,750 1,709,915 12,935 76,863 59,149 214 14,977 28,158 55 
 924,865 905,133 18,232 118,172 17,061 1,578 3,982 10,208 346 
 1,177,171 1,072,452 100,253 318,268 54,270 10,425 6,676 16,644 29 
 1,837,852 1,769,375 57,049 349,100 372,163 86,889 52,359 6,318 22 
 5,178,711 5,178,732 43 139,662 1,897 61,437 0 131,165 0 
 3,031,477 3,031,477 0 2 83,111 29,409 13,808 73,132 0 
 1,699 1,699 0 0 183 0 0 0 0 
 7,056,759 6,874,052 183,193 1,029,402 332,404 3,144 30 1,317,479 0 
 9,864,768 9,890,633 17,466 2,759,174 327,377 623,602 43,834 1,018,480 32,897 
 300,513 300,513 0 0 28,951 114 117 1,408 0 
 100,961 98,839 2,122 1,483 4,885 0 23 1,302 0 
 106,371 85,441 20,828 38,654 5,644 31 427 616 0 
 268,118 199,936 68,182 611 14,803 0 1,484 6,260 0 
 3,969,435 3,792,814 176,615 51,399 108,974 426,996 2,219 222,915 0 
 10,530 10,521 9 6,133 97 20 64 135 0 
 2,376,388 2,372,007 4,381 20,749 144,645 0 17,555 134,213 0 
 6,584,157 6,518,158 65,999 373,164 327,796 638,234 2,453 118,003 0 
 16,516 11,760 4,756 502 1,135 1,711 0 1 0 
 3,846,075 3,837,536 8,522 32,632 99,551 1,602 42,726 103,378 0 
 3,682,804 3,677,238 2,138 481,567 130,641 24,996 45,219 39,015 0 
 204,812 204,812 0 0 4,662 0 745 798 0 
 23,561,904 23,477,264 82,387 839,713 2,385,800 848,911 213,925 757,955 86,314 
 777,413 776,355 1,057 9,799 33,718 293 3,441 25,114 78 
 0 0 0 0 0 0 0 0 0 
 10,03,83,850 9,89,01,864 14,76,071 86,03,528 60,41,744 35,42,419 6,47,295 43,55,133 119,743 
 
 
 
75

   
 
,  
 
4  
,   
 
 
 
; 
-
;  
?   
 
 
) 2018-19 23 
 
-
, , , 
, , , , , 
,  
 (
  
i)    
ii)    
iii)  :  0  
iv)    
v)     
vi)     
- -
 
   
76

 
 
,  
 
5  
,  
 
 
 
  
 
;  
, 
;   
?  
 
 
 
 
 
 
77

 
,  
 
66  
,  
 
  
  
-
-
- ;  
- -
;  
, , 
? 
 
 
 -
-
1.06.2019 - -
- -
, , ,
- -I  
-
,
 
  
-
78

-
 
i. 
 
ii.  
iii. 
 
iv. 
 
v. 
 
vi. ,
-  
vii.  
viii. 
-  
ix. 
(  
x. 
 
xi. 
 
xii. -
 
79

-I  
01-12-2018 17-03-2020 -  
/  31.3.2019  
 
1.4.2019 17.3.2020
 
                                    10,003  6627 
                              3,316,854  1800937 
                                  231,738  5463604 
                                             13  411 
                                  111,898  1887033 
                                       4,253  6312 
                                       2,030  1554 
                                              -    13165 
                                       2,189  6013 
                              2,736,691  2323880 
                                  941,260  577278 
                                  451,506  429864 
                                  455,235  498915 
                                  470,100  966089 
                                    19,546  4965006 
                                  935,786  1959648 
                                              -    - 
                                              -    6151532 
                              1,924,874  7015220 
                                  848,945  2779712 
                                       4,199  5804 
                              1,123,234  1116981 
                                              -    5325490 
                              1,961,212  1666918 
                              1,876,737  1605331 
                            11,112,689  7786650 
                                  332,801  398969 
                                              -    - 
                                              -    57860 
                                  945,571  1761528 
                                       7,276  212230 
                                              -    85219 
                                    21,934  46192 
                                    27,760  155215 
                                              -    1718 
                                  151,095  48454 
                   30,027,429  57,127,359 
 
 
80

-II 
- -  
 
 /  2014 2015 2016 2017 2018 
1  160 516 239 375 365 
2  0 7 6 0 0 
3  21 84 6 3 5 
4  0 0 0 0 0 
5  443 854 585 285 182 
6  0 0 0 0 0 
7  45 57 30 4 21 
8  14 28 0 0 0 
9  32 0 0 4 5 
10  12 0 0 0 5 
11  0 0 3 0 0 
12  321 1197 1212 1157 1365 
13  107 3 23 42 25 
14  826 581 599 429 303 
15  2568 3030 2550 2426 2239 
16  0 1 1 0 2 
17  0 2 2 0 0 
18  0 0 0 0 17 
19  0 0 0 0 0 
20  5 23 20 0 0 
21  24 100 232 243 229 
22  0 3 4 3 2 
23  35 15 12 7 1 
24  68 2 36 19 6 
25  898 1358 632 846 900 
26  0 1 4 0 0 
27  63 145 69 110 80 
28  0 0 0 0 0 
29  0 0 0 0 0 
30  8 0 3 2 4 
31  0 0 0 0   
32  0 0 0 0 7 
33  0 0 0 0 0 
34  ( ) 0 0 0 0 0 
35  0 0 0 0 0 
36  0 0 2 0 0 
  5650 8007 6270 5955 5763 
 : ,  
 
81

   
 
,  
 
  
,    
 
 
 
 
-
;  
, , 
- ;  
- - , 
- - ?     
 
 
 
- , ,
, 
 
 
, 
-
 
), 
) 
-I  
, , 
) 
) - ) 
) 
, -
-
 
 
 
82

 
-  
 
 /  
  
1.  111 14 
2.  2 3 
3.  9 1 
4.  29 5 
5.  85 29 
6.  2 1 
7.  0 1 
8.  45 7 
9.  28 4 
10.  1 0 
11.  17 7 
12.  16 4 
13.  55 69 
14.  2 23 
15.  9 3 
16.  39 99 
17.  0 2 
18.  21 28 
19.  7 2 
20.  42 35 
21.  0 3 
22.  48 19 
23.  7 1 
24.  2 7 
25.  63 62 
26.  29 11 
27.  150 36 
28.  1 0 
 820  476  
 
 
 
 
 
83

   
 
,  
 
68   
,      
  
 
  
 
-
;   
;   
, ?    
 
   
- -
 
( - -
( , ,
, , ,
, , -
,
 
-
, ,
, - ,
, , ,
 
,
; ,
,
, , -
 
 
 
84

 
-
: 
  
 
-  
 
- ,
-
-  
 
 
 - -
 
 
( )  
( )  
( ) 
 
(    
2550 2570 2000 3150 
 
 
 
 
 
 
 
 
 
 
 
 
 
 
 
 
 
 
 
 
 
 
 
 
 
 
 
85

 
 
 
 
 
   
 
( ) 
 2016-2017  
1.   
 
3635722 
1371769 
2.   1273732 
3.   51894 
4.   2037032 
5.   2002727 
6.   13747 
2017-18  
1.   605803 
2.   1864340 
3.   1706791 
4.   131531 
5.   109835 
 
 
2018-19                                                                                                            
 1280694 
  
( )  
2022418 
1938715 
  7264063 
  2965296 
  110514 
  530387 
86

 
,  
 
 
20 ,  
 
   
3069.  
 
  
(  , ,  
10,000   ; 
( , - ;   
( 2022   
? 
 
 
, -  
,
 
; ; ; 
; - ;
; ;
- , ;
; ;
,
- - - , 
, , 
 
 
87

 
 
,  
 
 
,  
 
  
 
 
 
 
 
; 
 , -
;  
 
? 
 
 
 
 
 
 
 
 
, - ,  
 
(i) - , 
(ii) , 
(iii) , 
(iv) - , 
(v) , 
(vi) , 
(vii) , 
(viii) -  
 
******* 
88

 
,  
 
 
20 ,  
 
   
3071.  
 
  
(   
 ; 
( , ; 
(  ; 
( , ;  
(   
-  ? 
 
 
 
,  
, , ,
 
 
89

-
 
 
   
2016-17 21937 16782 
2017-18 25346 21951 
2018-19 28725 25785 
 
 
 
 
90

 
,  
 
 
20 ,  
 
  
3072.  
 
 
(
;  
( , 
? 
 
 
 
(  
, ,
 
 
,
, , 
, , - , -
-
 
 
 
, -
, ,
 
, 
, ,  
 
91

 
 
,  
 
 
20 ,  
 
   
3073.  
 
  
   
(  ; 
(  ; 
(  
;  
( ,  , ? 
 
 
 
, - , 
- , 
 
 
 
 
-
 
92

 
 
 
 ,000
,000
, , , , ,
 
 
,00
 
 
93

 
 
,  
 
 
,  
 
   
 
 
  
 
 
 ; 
 , ; 
  ; 
  
 ;  
 ,  ? 
 
 
 
 
 
(  2018-19 ( )
, 2018-19
50 , 
  2019-20
, , 
50
 
 
,
, ,
 
 
94

- , 
 
 
,
 
 
-
, , 
, , , , , 
, , 
, 
95

 
 
.03.2020 (
 
,  
 
 
 2018-19 2019-20 
 *  
%
 
*  
%
 
1 ( ) 1166 1750 50.1 1208 1815     50.2  
      ( )^   1770     1835   
2  ( ) 1619 2430 50.1 1698 2550     50.2  
       ( ) ^   2450     2570   
3  990 1950 97.0 1083 2000     84.7  
4  1131 1700 50.3 1171 1760     50.3  
5  1931 2897 50.0 2100 3150     50.0  
6 ( ) 3432 5675 65.4 3636 5800     59.5  
7  4650 6975 50.0 4699 7050     50.0  
8  3438 5600 62.9 3477 5700     63.9  
9  ( )   3433 5150 50.0 3501 5255     50.1  
        ( ) ^   5450     5550   
10  3260 4890 50.0 3394 5090     50.0  
11  3592 5388 50.0 3767 5650     50.0  
12 ( ) 2266 3399 50.0 2473 3710     50.0  
13  4166 6249 50.0 4322 6485     50.0  
14  3918 5877 50.0 3960 5940     50.0  
               
1  866 1840 112.5 923 1925 108.6 
2  860 1440 67.4 919 1525 65.9 
3  2637 4620 75.2 2801 4875 74.0 
4  ( ) 2532 4475 76.7 2727 4800 76.0 
5  2212 4200 89.9 2323 4425 90.5 
6  3294 4945 50.1 3470 5215 50.3 
7 ^  4190   4425  
             
1  ( ) 5007 7511 50.0 6347 9521     50.0  
        ( )^   7750   9920   
2  2030 2571 
3  2267 3700 63.2 2535 3950     55.8  
, , , 
, , , , , 
, ,  
 
^ , , , , 
 
 
96

 
 
,  
 
 
,  
 
-  
3075.   
 
 
(
- - ; 
(
; 
(
, 
;  
(
? 
 
 
 
(
 
): -
, 
-
 
- , 
 
):  
 
97

 
  
   
(  
  2016-17 2017-18 2018-19 2019-20 
(27.02.2020 ) 
1.  702.72 00.00 1004.88 570.91 
2.  51.06 32.44 132.49 00.00 
3.  00.00 1363.47 00.00 400.00 
4.  313.39 49.31 00.00 00.00 
5.  81.22 63.23 227.29 518.06 
6.  2292.50 913.04 959.84 3196.80 
7.  00.00 164.72 2904.85 00.00 
8.  863.81 502.09 334.00 1712.14 
9.  2224.78 00.00 2088.59 3431.22 
10.  14.65 110.82 00.00 00.00 
11.  00.00 35.97 00.00 00.00 
12.  0.96 25.01 195.99 00.00 
13.  425.66 00.00 341.72 3114.46 
14.  990.82 607.77 526.14 1164.99 
15.  00.00 00.00 54.93 00.00 
16.  1813.66 351.81 900.31 00.00 
17.  328.16 58.40 00.00 00.00 
17.  00.00 00.00 171.74 00.00 
18.  1062.09 119.67 157.23 00.00 
19.  275.82 324.78 00.00 00.00 
 : 11441.30 4722.53 10000.00 14108.58 
 
 
 
 
98

 
 
,  
 
 
,  
 
 
3076.   
 
 
( , , 
( ; 
( , 
;  
(
? 
 
 
 
 , 
), - , 
), - ),
- - ), 
) ) 
 
 
99

- ) 
-
 
-
- )  
-  
, 
, , 
, , 
, -  
-
, 
 
 
 
100

 
 
,  
 
 
,  
  
3077.  
 
 
(
;  
(
- ? 
 
 
 
, 
 
 ) - ) 
--------------------------------------------------               X  
            ) 
 
, , , , 
 
,
,  
 
 
101

 
 
 
, -  
 
 
2016-17 2017-18 2018-19* 
 
(
 
(
 
 
( ) 
 
(
 
(
 
 
( ) 
 
(
 
(
 
 
( ) 
 0.146 0.146 0.003 - - - - - - 
 943.678 943.678 8.739 735.616 730.169 7.017 1,855.229 955.891 8.447 
 5.355 5.355 0.236 1.117 1.114 0.018 0.093 0.041 0.002 
 347.895 347.895 2.161 402.104 401.524 2.185 - - - 
 160.070 160.070 1.382 1,388.004 1,388.004 6.592 1,066.484 1,066.429 6.597 
 0.027 0.027 0.001 0.005 0.005 0.000 0.101 0.101 0.000 
 1,267.196 1,267.196 6.800 1,075.119 1,074.204 4.519 2,777.420 2,777.414 13.916 
 298.077 298.077 2.244 899.205 899.199 3.239 931.922 931.922 4.147 
 45.184 45.165 1.128 64.708 64.708 1.470 55.002 55.002 1.272 
 - - - 9.810 9.810 0.260 24.579 6.919 0.030 
 31.171 31.171 0.598 46.935 46.935 1.392 422.627 52.001 1.055 
 2,057.543 2,056.579 18.693 859.168 859.168 6.471 2,910.019 2,789.678 12.756 
 44.554 44.554 0.552 10.953 10.929 0.377 25.682 12.420 0.181 
 2,044.270 2,044.202 13.484 5,896.014 5,821.640 24.058 1,030.668 72.455 1.097 
 2,316.819 2,316.819 29.052 3,286.585 3,286.118 53.703 5,836.793 5,821.014 74.778 
 1.959 1.959 0.084 0.670 0.670 0.036 0.001 0.001 0.000 
 0.026 0.026 0.000 0.017 0.017 0.000 0.092 - - 
 432.092 432.092 1.688 1,778.387 1,778.387 7.534 1,045.511 1,045.511 6.385 
 7.572 7.572 0.043 - - - 0.452 0.452 0.005 
 1,946.868 1,946.868 29.446 2,196.171 2,196.171 30.239 3,015.877 2,572.377 14.940 
 0.104 0.104 0.003 0.038 0.038 0.001 0.002 0.002 0.000 
 3,629.822 3,629.822 12.285 1,981.802 1,978.743 9.886 2,225.011 1,927.570 11.950 
 178.756 178.717 2.250 636.923 636.186 4.437 478.762 7.826 0.037 
 0.705 0.705 0.037 0.999 0.999 0.027 - - - 
 572.540 572.540 11.870 380.478 380.478 6.055 468.905 464.119 6.151 
 27.471 27.467 0.618 39.435 39.435 0.702 72.370 72.362 0.840 
 421.710 418.246 5.495 254.800 254.321 5.612 494.948 380.660 5.291 
 16,781.610 16,777.051 148.894 21,945.065 21,858.974 175.831 24,738.549 21,012.167 169.877 
 
* 2018 2018-19  
 
 
102

 
 
,  
 
 
,  
 
-  
3078.   
 
( - - -
; 
( - ;  
(
;  
( , 
? 
 
  
 
-
 
 
- -   
- -  
- -I  
 
, , , ,
- -II  
- , 
, 
-
-
103

) 
-
-
, 
-
, , 
, 
, 
, 
, 
 
, 
, - ' ' 
, 
-
- , 
) 
 
24 , 2020 
, 
, 1800115526 ( 155261) 
24 x7 -  
 
 
 
 
104

 
 -I 
 - 17.3.2020  
            118,154,000  
       33,221,656,000  
       28,584,064,000  
                2,760,000  
       10,051,372,000  
              70,628,000  
              24,818,000  
              71,766,000  
              45,770,000  
       33,791,714,000  
       10,602,710,000  
         6,089,854,000  
         6,453,362,000  
         6,197,404,000  
       27,547,058,000  
       20,881,850,000  
                             -    
       29,749,146,000  
       49,267,210,000  
       18,039,002,000  
              63,588,000  
       14,788,182,000  
Rajasthan       31,893,612,000  
       24,944,806,000  
       24,770,130,000  
     124,786,450,000  
         4,959,276,000  
                             -    
1)     507,016,342,000  
            249,188,000  
       16,158,372,000  
            800,664,000  
            424,900,000  
            419,356,000  
            932,862,000  
                3,458,000  
         1,427,548,000  
2)       20,416,348,000  
(1+2)     527,432,690,000  
 
 
105

 
-II 
 - 17.3.2020  
                16,630  
           5,117,791  
           5,695,342  
                     424  
           1,998,931  
                10,565  
                  3,584  
                13,165  
                  8,202  
           5,060,571  
           1,518,538  
              881,370  
              954,150  
           1,436,189  
           4,984,552  
           2,895,434  
                       -    
           6,151,532  
           8,940,094  
           3,628,657  
                10,003  
           2,240,215  
           5,325,490  
           3,628,130  
           3,482,068  
         18,899,339  
              731,770  
                       -    
1)         83,632,736  
                57,860  
           2,707,099  
              219,506  
                85,219  
                68,126  
              182,975  
                  1,718  
              199,549  
2)           3,522,052  
1 + 2)         87,154,788  
 
 
106

 
 
,  
 
 
20 , 20  
 
 
3079.  
 
 
( , 
; 
( , 
;  
(
? 
 
 
) 
, -
,
,
, ,
, , ,
-  
,
 
,
, ,
 
 
 
 
107

 
 
 
i. ,
-
,
 
ii. 
,  
iii. 
 
iv. 
-19
 
v. 
 
vi. ,
 
vii.  
viii. -
 
ix. 
-
- ,  
108

x. -
 
xi. 
 
xii. ,
-
-
 
xiii. 
 
xiv. 18-19
 
xv. 
, ,
 
 
 
109

 
 
,  
 
 
20 , 20  
 
 
 
 
; 
, ;  
? 
 
 
) 
-
, ,
 
 
,
 
 , , , ,
, - -
-
-  
 
110

 
 
,  
 
 
20 , 20  
 
-  
 
 
, 
; 
, ; 
- ;  
, ? 
 
 
) 
 
 
<25% ,
, -
,
 
XII -
 
 
 
111

, ,
 
 
,
, , ,
 
 
112

 
 
,  
 
 
20 , 20  
 
-  
 
 
;
 
, , 
, ;  
, , , 
? 
 
 
) 
, ,
,
 
 ,
, ,
,
, -
, , , ,
, ,
,  
 ,
-  
 
 
 
 
 
113

-  
 
 
(31.10.2019 ) 
i.  
. 
,  
1. 17 2001 ) 
2.  
3.  
4.  395 1 ( ) 8 , 2018  
5.  
6. 395 1 ( 8 , 2018 ) 
7. 682 ( 17 2001 ) 
8.  
9.  
10.  
11.  395 1 ( ) 8 , 2018 ) 
12. ) (S.O. 569 ( ) 25 1989  
13. . . 682 ( ) 17 2001  
14. 2011 13 , 2011 213 -
10 , 2017  
15.  
16.  
17.  
18. ) ( 682 ( 17 2001) 
19. 3951 ( 8 , 2018) 
20.  395 1 ( ) 8 , 2018  
21.  
22. -  
23. 8 , 2018 395 1 (  
24. 682 ( 17 2001) 
25.  
26. 201 , ) 
27. 395 1 ( 8 , 2018) 
28.  
29.  
 
30. 
 
31. 
) ( . . 569 ( ) 25 1989 ) 
32. 
 
114

 
* -  
  
 
 
33. 
34. SO 395 1 (E) 8 , 2018 * 
35. 
 
36. 
 
37 8 , 2018  395 1 ( )  
38. 
25 1989 569 ( )  
39. 
395 1 ( 8 , 2018) 
40. 
) (  682 ( ) 17 2001 ) 
. 
,  
1.  
50% 678 ( 17 2001) 
2.  
12.5%  
3.  
24%  
4.  
85%  
  
1.  
 80% 679 ( 17 2001) 
2.  
 
. 
 
(
 915 ( ) 15 , 2006) 
1.  
 
2.  
 
3.  
 
4.  
 
5.  
 ( ) 
6.  
 
7.  
2485 ( 24 2014) 
8.  
15 2006 915 (  
115

ii. 
  
1.  2,4, 5-  
2.   
3.   
4.   
5.   
6.   
7.   
8.   
9.   
10.  
11.  
12.  
13.  
14.  
15.  
16.  
17.  
18.  
 
 
 
 
 
 
 
 
 
 
 
 
 
 
116

iii. 
   
1.  
 
./
15% 12  
 6%   14-1 1 (2) - -II (
II) 21-09-1984 371 ( 20 1999] -
- , 
 
10 20 
, 
. .677 ( 17 2001) 
2.  
 
  
 
( .569 ( 25 , 1989) 
80%
 
( . 679 ( ) 17 2001) 
3.  
 
3%
,  
 ( ) 2009 10052 1407- 2009 -
429/2009 09-09-2009] 
4.  
 
 .3006 (
31 , 2008) 
5.   
, 10,000
,  
 
-
2 ( 3
 
117

( .295 ( 8 , 2006) 
  
, 
 
( .378 ( 26 , 1989) 
6.  
  
( .706 ( 03 , 2007) 
7.  
 
Govt./Govt 
 
[ .371 ( ) , 
 
8.  
 
. 1482 ( 10 , 2005) 
9.  
 
( 395 1 ( 8 , 2018) 
(i) , , , , , 
 
 (ii) 
, , 
 
 
 
 
 
 
 
 
 
118

iv. 3951 (
 
.   
 
31 , 2020  
1  (i)  
 
(ii)  1 , 2019 ,  
(iii)  ,  
(iv)  , 
, 
  
119

2  (i)
 
(ii) 
 
(iii) 31  
(iv) 
-
  
(v) 
 
120

3  (i)
 
(ii)  
(iii) 31  
(iv) 
-
  
(v) 
 
(vi) 
 
121

  (i)
 
(ii) 
 
(iii) 31  
(iv) 
-
 
(v) 
 
(vi) 
  
122

5  (i) 
 
(ii) 
 
(iii) 31  
(iv)   
-
  
(v) 
 
(vi) 
  
123

6  (i)
 
(ii) 
  
(iii) 31   
(iv) 
-
 
(v) 
 
 
 
******** 
124

 
 
,  
 
 
20 , 20  
 
,  
 
 
; 
, ; 
;  
, ? 
 
 
) 
(  
 
 
,
, ,  
  
 
 
125

 
 
 
,  
 
 
20 , 20  
 
 
 
 
; 
; 
, , , ;  
-
? 
 
 
) 
 
-
,
 
 
i. 
 
ii. 
 
 
126

 
 
 
3085 
 
 , 20 , 20 /30 , 1941 ( )     
 
 
 
3085.  
 
 
 
 
, ;  
 
(  
, ;  
 
 ? 
 
 
 
 
 ( . .  ) 
 ,  
 
 ,
-  
 
 , - -  
 
*******
127

-: 2 :-
  -   
12.03.2020                                                                                          
( ) 
     
 
1  15,906.00  15,899.36 6.64 5,341.31 
2  32.00 32.00 0.00 21.29 
3  10,429.00 10,377.67 51.33 3,862.51 
4  14,049.00  13,483.72 565.28 4,177.59 
5  43,050.00  42,795.92 254.08 31,052.78 
 83,466.00 82,588.67 877.33 44,455.48 
  
---- 
                                         
  -  
12.03.2020                                                                                          
( ) 
 
  
 
1.  5,341.31 
2.  21.29 
3.  3,862.51 
4.  4,177.59 
5.  31,052.78 
  44,455.48 
 
********  
128

 
 
 
 
 
3086 
20 ,  
 
 
 
3086  :  
  
 : 
 
 
;  
 ;  
 
 
 
 
 
 
:
-
,
, 
 
):  
***** 
129

 
 
 
3087 
 , 20 , 20 /30 , 1941 ( )     
 
 
 
3087.  
 
 
 
 ;  
 
 
, , 
, ? 
 
 
 
 
 ( . .  ) 
 
-  
 
  * * * 
2017-18 59.75 42.17 47.36 4.99 
2018-19 74.81 66.02 42.14 5.46 
*  
 
 , 
-
-
- , 
, -
, 2017 
, 
- , 
 
130

-:  :- 
 
, 2015 
- , 2018 -
- -
-
2016-17, 2017-18 - , 240.23 
-  
 
 
 
 
131

 
 
 
 
 
308  
20 ,  
 
 
 
308  :  
  
 : 
 
 
;  
 
;  
 
-  
 
 
 
 
: 
 
: 
-
 
: 
132

-
-
, 
 
***** 
 
133

 
 
 
 
 
3089 
 
 , 20 , 20 /30 , 1941 ( )     
 
 
 
3089.  
 
 
 
 -
; 
 
(  ;  
 
 , 
- , ;  
 
 
? 
 
 
 
 
 ( . .  ) 
 
 ( , 
-  
 
 ,  
 
  
 
 
-  
 
 
134

-:  :- 
 
 , 
-  
 
 - -
 
 
(i) 
; 
 
(ii) 
; 
 
(iii) , ,
; 
 
(iv) 
 
 
 ,
, 
 
, 1985  
 
 
 
135

-
< >
2016-17 2019-20 ,  
        
 
 
 
 
 
 
 
 
 
 
 
 
 
 
 
 
 
 
 
 
  
 
 
 
 
 2016-17 0.83 1.00 1.00 1.20 1.00 1.00 0.53 0.00 0.00 0.90 1.00 0.50
 2017-18 0.85 0.50 0.50 0.96 0.00 0.00 0.58 0.00 0.00 0.83 0.50 0.00
 2018-19 1.01 0.53 0.00 1.20 0.00 0.00 0.60 0.00 0.00 0.95 0.50 0.00
 
2019-20 ( 20  
0.60 0.53 0.00 0.80 0.00 0.00 0.30 0.00 0.00 0.50 0.00 0.00
 2016-17 1503.36 1557.86 1438.08 466.85 392.36 372.99 306.46 258.62 253.78 1173.46 1202.08 1149.29
 2017-18 1550.00 1491.72 1408.82 375.00 338.04 326.25 241.00 296.67 289.36 1150.00 1187.86 1062.28
 2018-19 1669.98 1678.68 1418.23 376.02 410.52 313.57 286.00 301.10 241.45 1249.99 1506.18 1137.59
 2019-20 ( 20  1660.74 1655.37 1340.96 281.96 456.85 341.49 252.63 311.21 224.70 1084.94 1711.41 1282.95
 2016-17 0.40 0.00 0.00 0.10 0.00 0.00 0.20 0.00 0.00 0.00 0.00 0.00
 2017-18 2.33 0.00 0.00 0.10 0.00 0.00 1.26 0.00 0.00 0.00 0.00 0.00
 2018-19 3.57 0.00 0.00 1.06 0.00 0.00 1.70 0.00 0.00 0.00 0.00 0.00
 2019-20 ( 20  0.00 0.00 0.00 0.00 0.00 0.00 0.00 0.00 0.00 0.00 0.00 0.00
 2016-17 310.00 323.17 319.28 43.00 56.87 54.41 105.00 74.18 73.96 10.00 10.58 10.56
 2017-18 295.00 371.82 371.48 55.00 57.07 56.52 65.00 82.26 80.81 5.00 12.91 12.73
 2018-19 335.00 515.07 438.87 65.00 92.62 57.88 80.00 110.74 78.78 5.00 22.63 14.27
 2019-20 ( 20  296.00 384.87 333.15 61.00 87.74 59.36 69.00 85.11 54.89 15.00 22.46 16.22
 2016-17 1950.00 2015.48 1977.49 600.00 553.06 531.73 190.00 238.01 229.81 400.00 264.46 254.24
 2017-18 2100.00 2057.69 2039.34 575.00 697.69 682.31 190.00 253.68 244.87 300.00 296.80 281.75
 2018-19 2100.00 2558.50 2233.79 500.00 849.83 587.06 210.00 297.35 202.61 350.00 453.47 318.96
 2019-20 ( 20  2010.00 2444.02 2066.26 590.00 925.68 694.22 225.00 317.39 224.43 340.00 483.52 306.12
 2016-17 0.00 0.49 0.00 0.00 0.00 0.00 0.00 1.76 0.00 0.00 2.07 0.00
 2017-18 0.00 0.00 0.00 0.00 0.00 0.00 0.00 0.00 0.00 0.00 0.00 0.00
 2018-19 0.00 5.24 0.00 0.00 0.00 0.00 0.00 0.00 0.00 0.00 4.64 0.00
 2019-20 ( 20  0.00 0.81 0.00 0.00 0.00 0.00 0.00 0.00 0.00 0.00 0.02 0.00
 2016-17 598.84 692.54 649.63 360.00 316.72 290.98 120.00 68.52 60.74 160.00 81.41 68.39
136

2017-18 656.00 694.80 663.09 340.00 336.95 325.56 100.00 75.02 72.74 160.00 98.47 81.10
 2018-19 600.00 1094.46 818.47 350.00 548.62 330.92 120.00 136.40 71.40 150.00 174.33 93.78
 2019-20 ( 20  590.00 933.14 761.88 307.50 491.52 343.78 95.50 121.06 88.67 119.00 155.19 89.29
 2016-17 1.01 0.67 0.67 0.96 0.89 0.88 0.07 0.00 0.00 0.00 0.10 0.10
 2017-18 1.20 0.60 0.58 1.00 0.55 0.49 0.07 0.00 0.00 0.00 0.00 0.00
 2018-19 1.08 0.20 0.17 0.96 0.15 0.00 0.05 0.00 0.00 0.00 0.00 0.00
 2019-20 ( 20  0.39 0.57 0.48 0.31 0.47 0.41 0.03 0.00 0.00 0.00 0.03 0.01
 2016-17 0.53 0.32 0.32 0.16 0.11 0.11 0.02 0.00 0.00 0.23 0.00 0.00
 2017-18 0.53 0.02 0.02 0.16 0.00 0.00 0.02 0.00 0.00 0.24 0.00 0.00
 2018-19 0.53 0.00 0.00 0.16 0.00 0.00 0.02 0.00 0.00 0.24 0.00 0.00
 2019-20 ( 20  0.15 0.00 0.00 0.03 0.00 0.00 0.01 0.00 0.00 0.07 0.00 0.00
 2016-17 9.00 11.57 13.29 5.50 0.00 0.69 2.00 0.06 0.06 2.60 0.00 0.00
 2017-18 9.20 13.43 12.83 5.20 3.36 3.36 2.00 0.27 0.27 2.60 0.00 0.00
 2018-19 7.50 22.88 20.50 4.00 3.24 1.96 1.50 0.84 0.25 1.60 0.00 0.00
 2019-20 ( 20  14.16 26.58 23.25 3.98 4.99 3.98 1.48 0.91 0.34 1.59 0.04 0.02
 2016-17 4.00 3.30 3.32 2.00 1.70 1.68 1.25 0.61 0.63 4.20 2.30 2.73
 2017-18 2.70 2.25 2.25 1.95 1.89 1.88 1.64 0.76 0.76 3.90 2.13 2.13
 2018-19 2.63 2.41 2.22 1.91 1.84 1.63 0.80 0.71 0.12 3.29 2.91 2.60
 2019-20 ( 20  2.26 1.91 1.74 1.82 0.26 0.11 0.78 0.53 0.32 3.25 3.68 3.33
 2016-17 1850.00 2077.17 2054.96 530.00 460.37 447.51 150.00 142.81 142.80 560.00 625.88 611.59
 2017-18 2000.00 2294.34 2238.73 480.00 555.01 546.63 160.00 161.27 160.76 520.00 691.93 679.75
 2018-19 1960.00 2318.36 2005.88 500.00 631.75 430.67 141.00 163.26 132.07 465.00 818.92 597.98
 2019-20 ( 20  2090.00 2458.03 2232.76 460.00 680.71 496.25 135.00 167.75 115.88 509.50 860.77 627.72
 2016-17 1800.00 2036.03 1962.06 630.00 579.28 562.37 35.00 64.92 61.52 65.00 23.50 18.45
 2017-18 1800.00 2125.45 2062.08 620.00 548.15 546.78 65.00 76.57 71.93 55.00 21.70 19.09
 2018-19 1900.00 2499.03 2165.77 620.00 692.79 548.46 85.00 104.76 69.50 27.00 56.74 37.91
 2019-20 ( 20  2000.00 2275.18 2044.14 600.00 736.23 581.16 90.00 105.96 57.03 37.00 39.50 22.21
 2016-17 58.00 62.25 62.47 0.00 0.77 0.77 6.21 7.34 9.10 32.80 36.07 36.82
 2017-18 66.00 70.08 70.01 1.93 0.00 0.00 9.80 10.52 10.52 37.00 30.03 29.99
 2018-19 66.00 86.41 72.53 0.00 1.07 0.19 9.80 10.98 6.00 37.60 44.93 25.71
 2019-20 ( 20  67.50 81.42 69.05 1.00 1.08 0.78 8.51 11.07 5.80 40.00 43.42 29.20
 2016-17 129.01 130.38 128.78 68.75 68.66 66.10 25.01 29.35 29.09 2.00 0.72 0.56
 2017-18 128.01 162.58 150.93 64.75 65.31 64.95 26.01 38.46 37.61 0.00 0.81 0.78
 2018-19 133.01 188.58 132.43 72.00 80.99 49.01 26.01 44.11 23.12 0.00 2.24 0.21
 2019-20 ( 20  118.76 189.51 79.32 57.62 91.32 28.29 20.44 43.93 13.79 2.00 1.88 0.25
 2016-17 240.00 223.00 218.53 95.00 66.60 62.19 10.30 3.09 3.02 57.50 15.10 14.96
 2017-18 240.00 224.21 222.05 100.00 84.60 81.97 7.00 3.20 3.20 33.00 14.71 14.31
137

2018-19 240.00 281.24 238.68 105.00 99.86 69.45 12.00 5.48 1.17 35.00 46.21 28.78
2019-20 ( 20 250.00 283.32 227.45 100.00 108.04 74.17 12.50 6.07 2.27 45.00 50.21 36.57
 2015-16 1370.75 1537.75 1461.47 590.00 615.20 588.86 391.20 263.89 248.26 1163.00 1289.83 1192.50
 2016-17 1243.00 1376.21 1298.33 540.00 643.67 615.68 305.00 249.46 238.84 1107.30 1198.25 1110.97
 2017-18 1350.00 1395.12 1347.70 600.00 513.18 489.89 350.00 266.17 254.09 1250.00 1303.97 1163.98
 2018-19 1400.00 1675.67 1391.32 587.00 743.54 488.49 400.00 375.22 264.14 1171.00 1899.69 1331.17
 2019-20 ( 20  1596.00 1653.56 1383.17 612.44 725.05 533.93 434.40 340.95 244.27 1302.19 1915.63 1380.58
 2016-17 86.70 120.80 114.50 23.20 32.76 29.23 56.30 95.06 89.86 103.75 122.14 112.63
 2017-18 110.00 136.78 133.30 35.00 34.74 31.28 110.00 103.88 102.47 145.00 129.06 116.68
 2018-19 140.00 121.86 95.07 27.00 26.89 20.57 124.00 110.80 83.51 166.50 157.32 115.55
 2019-20 ( 20  111.50 131.77 108.76 32.10 20.12 16.60 114.00 102.90 84.80 114.63 161.39 127.16
 2016-17 0.00 0.00 0.00 0.00 0.00 0.00 0.00 0.00 0.00 0.00 0.00 0.00
 2017-18 0.00 0.00 0.00 0.00 0.00 0.00 0.00 0.00 0.00 0.00 0.00 0.00
 2018-19 0.00 0.00 0.00 0.00 0.00 0.00 0.00 0.00 0.00 0.00 0.00 0.00
 2019-20 ( 20  0.00 0.00 0.00 0.00 0.00 0.00 0.00 0.00 0.00 0.00 0.00 0.00
 2016-17 2200.00 2430.60 2248.40 1250.00 995.01 808.53 125.00 111.64 100.57 395.00 352.46 279.10
 2017-18 2200.00 2499.85 2449.11 1050.00 1124.75 1106.03 125.00 110.42 107.62 315.00 314.45 293.43
 2018-19 2300.00 3436.27 2950.90 1150.00 1687.14 1262.64 125.00 157.62 108.20 280.00 538.98 388.78
 2019-20 ( 20  2825.00 3318.81 2951.74 1275.00 1815.16 1323.51 147.50 168.75 111.36 360.00 527.64 366.70
 2016-17 2456.35 2567.26 2490.92 784.40 620.25 600.08 469.50 353.84 352.40 2158.20 1836.65 1711.54
 2017-18 2662.25 2402.09 2357.92 722.00 672.67 666.29 450.00 435.66 424.49 2050.00 2102.69 1970.97
 2018-19 2200.00 2775.18 2280.66 670.00 858.39 561.49 450.00 524.32 385.89 1800.00 3105.30 1972.04
 2019-20 ( 20  2435.00 2659.70 2299.08 705.00 818.62 580.82 448.75 447.00 306.19 1957.50 2811.96 2090.67
 2016-17 20.00 17.08 17.08 8.30 0.00 0.00 5.24 0.00 0.00 0.00 0.00 0.00
 2017-18 22.00 20.96 20.96 5.50 0.00 0.00 4.99 0.00 0.00 0.00 0.00 0.00
 2018-19 24.00 29.96 24.26 12.00 0.60 0.00 11.74 0.40 0.00 0.00 0.00 0.00
 2019-20 ( 20  26.00 25.89 25.54 11.85 7.02 4.10 11.47 1.62 1.41 0.00 0.13 0.04
 2016-17 0.00 0.00 0.00 0.00 0.10 0.10 0.00 0.00 0.00 0.00 0.00 0.00
 2017-18 0.00 0.00 0.00 0.00 0.00 0.00 0.00 0.00 0.00 0.00 0.00 0.00
 2018-19 0.00 0.00 0.00 0.00 0.00 0.00 0.00 0.00 0.00 0.00 0.00 0.00
 2019-20 ( 20  0.00 0.00 0.00 0.00 0.00 0.00 0.00 0.00 0.00 0.00 0.00 0.00
 2016-17 4.54 2.58 4.58 3.31 0.02 0.02 2.25 0.06 0.06 0.00 0.00 0.00
 2017-18 6.54 6.20 6.20 1.91 0.00 0.00 2.25 0.00 0.00 0.00 0.00 0.00
 2018-19 8.94 14.60 6.99 5.50 0.00 0.00 4.24 0.17 0.02 0.00 0.00 0.00
 2019-20 ( 20  8.85 9.09 7.85 5.46 0.60 0.27 4.22 0.15 0.08 0.00 0.00 0.00
 2016-17 1.91 0.41 0.41 1.35 0.00 0.00 0.70 0.00 0.00 0.80 0.00 0.00
138

2017-18 0.75 0.30 0.30 0.69 0.05 0.00 0.38 0.00 0.00 0.44 0.00 0.00
2018-19 0.75 0.52 0.49 0.69 0.05 0.00 0.39 0.00 0.00 0.45 0.00 0.00
2019-20 ( 20 0.68 1.23 0.97 0.63 0.22 0.06 0.33 0.00 0.00 0.37 0.10 0.03
2016-17 600.00 503.84 492.82 210.00 175.14 164.64 150.00 96.11 95.75 375.00 221.14 193.69
2017-18 525.00 530.45 525.83 220.00 184.34 173.41 135.00 127.35 122.45 310.00 251.14 223.42
2018-19 575.00 637.87 496.23 215.00 242.24 169.04 145.00 166.30 108.29 300.00 332.34 223.05
2019-20 ( 20 513.00 627.61 522.65 205.00 250.48 187.32 125.50 163.46 113.83 283.50 339.08 236.35
2016-17 18.00 9.86 10.50 1.95 1.69 1.69 3.50 2.34 2.44 7.62 4.93 5.96
2017-18 14.00 11.15 11.15 1.61 1.11 1.11 3.10 1.40 1.40 6.20 4.72 4.62
2018-19 11.15 14.81 13.32 1.45 1.27 0.97 2.90 1.99 1.56 6.49 5.48 3.52
2019-20 ( 20 11.20 10.41 9.46 1.67 1.21 0.90 2.77 1.55 0.92 4.53 8.16 5.97
2016-17 2450.00 2711.44 2610.29 852.00 745.12 734.67 105.00 75.05 74.96 70.00 45.01 38.90
2017-18 2550.00 2866.39 2806.35 900.00 695.61 685.27 110.00 98.58 83.06 43.00 34.73 31.86
2018-19 2550.00 3462.36 2917.04 850.00 884.02 701.60 110.00 96.01 55.59 68.00 76.36 54.86
2019-20 ( 20 2630.00 3250.42 2917.44 815.00 919.19 716.64 140.00 109.86 62.14 72.00 55.65 37.06
2016-17 1790.00 2057.67 1994.87 480.00 673.44 644.60 23.00 16.90 16.76 82.00 65.78 58.87
2017-18 1850.00 1727.29 1680.26 583.00 542.31 536.61 25.00 28.66 26.22 59.99 67.07 59.48
2018-19 1900.00 2421.52 2091.62 615.00 840.53 671.12 29.50 48.26 29.11 55.00 129.59 91.10
2019-20 ( ) 2210.00 2568.56 2264.34 760.00 1030.97 832.32 28.90 44.37 25.89 51.59 98.10 61.40
2016-17 0.00 0.00 0.00 0.00 0.00 0.00 0.00 0.00 0.00 0.00 0.00 0.00
2017-18 0.00 0.00 0.00 0.00 0.00 0.00 0.00 0.00 0.00 0.00 0.00 0.00
2018-19 0.00 0.00 0.00 0.00 0.00 0.00 0.00 0.00 0.00 0.00 0.00 0.00
2019-20 ( ) 0.00 0.00 0.00 0.00 0.00 0.00 0.00 0.00 0.00 0.00 0.00 0.00
2016-17 868.30 807.43 793.63 370.30 259.05 252.64 421.70 265.44 262.51 600.90 566.82 530.43
2017-18 900.00 888.15 881.15 350.00 247.97 244.41 331.00 297.93 296.13 600.00 581.83 535.42
2018-19 850.00 1092.07 910.85 300.00 328.33 230.87 350.00 349.95 266.58 550.00 757.42 553.44
2019-20 ( ) 953.40 995.05 838.81 315.00 323.81 227.91 270.40 311.42 233.28 463.00 799.32 571.05
2015-16 1429.00 1334.78 1256.44 350.00 219.90 211.84 175.00 106.09 100.20 950.00 877.22 853.12
2016-17 1390.00 1673.36 1549.09 290.00 255.97 243.16 170.00 181.26 174.13 940.00 990.04 964.48
2017-18 1380.00 1469.91 1402.08 260.00 267.45 253.24 180.00 210.95 206.44 900.00 1130.03 1016.96
2018-19 1500.00 1686.95 1383.40 320.00 307.77 222.89 260.00 177.43 141.06 1050.00 1464.54 1050.63
2019-20 ( ) 1450.00 1749.23 1428.27 305.00 312.06 227.41 250.00 216.67 155.54 1070.00 1548.82 1184.37
2015-16 35.00 25.74 23.52 5.00 1.30 1.29 14.00 5.21 5.21 0.00 0.73 0.48
2016-17 25.50 30.71 28.77 8.18 2.07 2.18 16.97 8.95 8.99 0.00 0.87 0.87
2017-18 43.00 22.92 22.92 6.00 1.32 1.32 13.50 0.00 0.00 1.50 0.10 0.10
2018-19 39.00 34.11 10.76 6.00 4.95 0.43 13.50 6.97 0.49 1.50 1.18 0.01
139

2019-20 ( ) 32.50 26.47 14.04 6.00 6.71 1.36 10.00 11.65 5.03 1.50 1.60 0.30
2016-17 5850.00 5800.68 5496.33 2000.00 2138.26 2007.65 250.00 277.70 275.38 900.00 550.88 508.67
2017-18 5850.00 6296.61 5892.22 2130.00 1854.53 1807.74 350.00 305.46 297.47 750.00 551.91 521.24
2018-19 5950.00 7389.05 6285.82 2100.00 2368.80 1716.86 350.00 265.87 182.26 900.00 858.66 613.41
2019-20 ( ) 6800.00 7880.64 6785.84 1965.00 2919.74 2093.22 326.00 350.70 223.64 835.00 807.39 526.20
2016-17 235.00 358.42 353.67 35.00 33.83 35.26 4.50 3.89 5.38 38.50 34.05 31.73
2017-18 235.00 317.63 309.86 40.00 29.31 28.97 5.50 6.14 6.14 45.00 33.57 31.84
2018-19 235.00 299.61 274.68 33.00 40.25 22.34 5.00 8.22 2.89 39.00 42.09 31.65
2019-20 ( ) 230.00 262.53 235.42 32.00 57.25 40.61 6.50 12.15 6.59 34.50 33.70 22.87
2016-17 1215.00 1304.03 1273.13 395.00 304.62 289.00 275.00 264.28 258.96 1010.00 994.54 942.33
2017-18 1250.00 1255.36 1241.12 350.00 336.41 322.85 325.00 296.34 292.62 1075.00 1000.48 921.36
2018-19 1300.00 1618.08 1323.33 350.00 419.37 275.14 325.00 355.94 241.93 1054.02 1313.35 879.45
2019-20 ( ) 1239.00 1456.72 1162.36 348.00 432.89 303.08 366.10 340.80 211.98 982.21 1271.08 895.04
2016-17 28909.27 30907.62 29607.20 10056.51 9379.38 8822.55 3335.70 2891.27 2821.49 10257.76 9248.81 8658.37
2017-18 29800.36 31356.64 30331.13 9876.76 9194.37 8985.14 3390.09 3287.62 3193.41 9818.69 9863.58 9075.25
2018-19 30004.15 37962.08 32004.28 9839.95 12167.42 8735.25 3680.75 3821.20 2697.99 9767.63 13816.00 9566.45
2019-20 ( '20 ) 32172.69 37362.95 32136.18 9861.17 13225.99 9714.06 3598.02 3794.99 2575.07 9730.37 13751.88 9919.68
140

 
 
 
 
3090 
 
 , 20 , 20 /30 , 1941 ( )     
 
 
 
3090.  
 
 
 
 
;  
 
(  , ;  
 
(  
;  
 
 , ? 
 
 
 
 
 ( . .  ) 
 -
 
 
 , 
 
 
 
-  
 
i  ,
 
ii   
iii  -  
****** 
141

-: 2 :-
-  
 
(I)  
  
 
 
 
% , 
,
 
 , %
 
 %
 
 -
 
 
 
 
 
 
 
 
II  -  
 -  
  
 -  
 -  
 %  
 -
 
 
********* 
142

 
 
 
 
 
30  
20 ,  
 
 
 
30  :  
  
 : 
 
 
;  
 ;  
 -  
 
 
 
 
(  
 , 
-   
              
 
 ), 
) ) 
 
  
, 
143

 , 
       
  
(i)  -
 , -
2 (
 
                 
  
(ii)  - 2 
-
 
- , , , 
, 
, 
-                
  
(iii) , ) 
), , 
-
,  
) 
12              
  
(iv)  -
 , , , , 
 
 30  
 70  100
                 
  
119 -
144

-
- - - - - -
-
 
  
;
; , 
, , 
; ;  , , 
; , 
, 
 
  
(v)  
- - , 
- - , 
- - , 
- , 
               
  
(vi)  , 
) - , - , 
- , -
 
             
  
(vii)  , 
)
-   50
145

 $ 250 
) 
 (i) , , 
(ii) ,  iii) 
iv)  ; 
, , 
 , , , , 
-
                 
 
  
 
 
146

 
 
 
 
 
30  
20 ,  
 
 
 
30  :  
  
 : 
 
 ;  
 
 
 
 
 
 
:  -
 
 
 
 
 
147

 
 
 
 
30  
20 ,  
 
:  
 
30  :  
  
 : 
 
  
: ; 
 ; 
(   
;  
  
 
 
 
 
: :
 
: 
- - -
www.nppaindia.nic.in  
 
148

 
 
 
 
 
30  
20 ,  
 
 
 
30  :  
 : 
  
 : 
 
 
; 
 ; 
(  
;  
 -  
 
 
 
 
 , 
, -I 
-
, , 
- , -
, , 
-  
149

): , ,
, 
, 
 
, ,
, ,
, , , 
, , 
 
,
 
,
 
 
i) , , 
 
ii) , -I , 
, 
www.nppaindia.nic.in  
iii) ,
 
150

 
iv) , -
 
v) , 
 
vi) , 
 
vii) 
- - ,
 
, ,
 
***** 
 
151

 
 
 
 
 3095 
, 20  
 
 
 
(  
; 
(  , - ; 
(  
, , 
;  
(  - ? 
 
 
) 
: 
-
 
: 
 
,
 
152

 
 
 
 
i)  
ii)  
iii)  
iv)  
v)  
 
;
 
 
  
153

 
-  
 
 
    I II III 
 .       
1  -     
 
       
       
        
          
2     
        
        
        
         
         
          
3      
        
        
        
          
4       
         
         
        
         
          
5                        
         
         
         
         
         
         
         
         
         
         
         
         
          
154

6     
        
        
         
         
          
7     
 
        
        
         
         
          
          
8       
         
         
         
          
9       
         
         
         
         
         
          
10       
         
         
         
         
    '      
         
         
          
11       
         
         
          
12      
         
          
13      
        
155

          
14      
      
       
       
          
15     
         
         
          
16       
        
        
         
         
         
          
17      
       
        
         
         
         
          
18     
        
        
         
         
         
          
19      
         
         
         
         
          
20     
        
        
        
         
         
156

          
21      
         
         
         
          
22        
        
         
         
          
23      
        
        
          
24     
        
         
         
          
25      
         
         
         
         
         
         
         
          
26      
         
          
27     
 
        
        
         
         
         
         
          
28      
        
        
157

        
          
29     
 
        
        
        
         
          
30       
         
        
        
        
          
31      
        
         
          
32     
 
        
         
         
         
          
33      
        
         
         
 
158

         
                  . 3096  
    
 20 , 2020        
f}i{kh; eqDr O;kikj le>kSrs dk vkfFkZd izHkko  
 
3096- Jh izrki flag cktok%  
D;k okf.kT; vkSj m|ksx ea=h ;g crkus dh d`ik djsaxs fd%  
 
¼d½ D;k ea=ky; us Jhyadk] vQxkfuLrku] FkkbZySaM] flaxkiqj] tkiku] HkwVku] usiky] dksfj;k x.kjkT; vkSj eysf'k;k ds 
lkFk Hkkjr ds f}i{kh; eqDr O;kikj le>kSrs ds vkfFkZd izHkkoksa dk losZ{k.k fd;k gS(  
¼[k½ ;fn gka] rks mi;qZDr eqDr O;kikj le>kSrksa ds m|ksx&okj izHkko D;k&D;k gSa( vkSj  
¼x½ D;k bu le>kSrksa ds laca/k esa dksbZ leh{kk dh xbZ gS vkSj ;fn gka] rks rRlaca/kh C;kSjk D;k gS vkSj ;fn ugha] rks 
blds D;k dkj.k gSa\  
 
   
      
 (   ) 
( )  ( ) :   , , , , , , ,  
         ( )   
  ( )        5     
         ( ) 7.1 %    
            ,    
               
           ,    
               
          ( )   
      ,       
( )             
            
( ) :            
                
    -           
2016           2016     
2016     -         8    
   ,           
         
*****
159

 
 
 
 
 3097 
, 20  
-  
.  
 
(  - ; 
(  , , ; 
(  ;  
(  
- ? 
 
 
 
) 
 
 , ,
,  , 
, , -
, 
, , 
160

, 
-  
,  ,
, (
 
 
 
- 
  
 
 , 
, , 
-  
 -
 
 - ,
- ,  
 -
 
 - , -
,  
 
 
 ,
 
 
161

भारत सरकार           राज् य सभा  
    वाणिज्य एवं उद्योग मंत्रालय               अतारांककत प्रश्न सं. 3098  
          वाणिज्य ववभाग  
 
 
किनांक 20  मार्च, 2020 को उत् तर किये जाने क े  ललए 
 
भारत –र्ीन व्यापार और वाणिजय पर कोरोनावायरस का प्रभाग 
3098. श्री राजकुमार धूत:  
  क्या वाणिज्य और उद्योग मंत्री यह बताने की कृपा करेंगे कक:  
 
¼d½ D;k ljdkj us Hkkjr&phu O;kikj vkSj okf.kT; ij dksjksukok;jl ¼dksfoM&19½ ds laHkkfor izHkkoksa dk vkdyu 
fd;k gS(  
¼[k½ ;fn gka] rks rRlaca/kh C;kSjk D;k gS vkSj ;fn ugha] rks blds D;k dkj.k gSa( vkSj  
¼x½ ljdkj }kjk bl laca/k esa D;k ,gfr;krh mik; fd, tk jgs gSa\  
उत् तर  
वाणिज् य एवं उद्योग मंत्री 
(श्री पीयूष गोयल) 
 
(क)  से (ग) :  र्ीन में कोरोना वायरस क े प्रकोप से वायरस क े प्रसार को रोकने क े  ललए 
र्ीन क े  कई प्रांतों में लोगों की आवाजाही और व्या वसालयक गलतववलधयों पर प्रलतबंध लगाया 
गया है। व्यावसालयक गलतववलधयों में ववघटन  क े  कारि उन भारतीय उद्योगों पर प्रभाव पड़ने 
की सम्भावना है, जो र्ीन से घटकों, मध्यवती और कच्र्े माल क े  आयात पर लनभचर हैं जैसे 
फामाचस्यूटीकल ऑटोमोबाइल इलेक्रोलनक्स उद्योग। 
 सरकार ने आपूलतच श्रृंखला में संभाववत ववघटनों  पर लनयाचत संवधचन पररषि/व्यापार 
लनकायों और वविेशों में हमारे लमशनों को सुग्राही बनाने और उन िेशों में वैकणपपक 
स्रोतों/बाजारों का पता लगाने क े  ललए लनयाचत संवधचन पररषि को वविेशों में हमारे लमशनों से 
संपकच में रखने की पहल की है।  
 
********* 
162

भारत सरकार           राज् य सभा  
    वाणिज्य एवं उद्योग मंत्रालय               अतारांककत प्रश्न सं. 3099  
          वाणिज्य ववभाग  
 
किनांक 20  मार्च, 2020 को उत् तर किये जाने क े  ललए 
 
आलिकाररक समारोहों में जनजातीय वस्तुओं को उपहार क े  तौर पर किया जाना  
3099. श्री सुशील कु मार गुप्ााः  
  क्या वाणिज्य और उद्योग मंत्री यह बताने की कृपा करेंगे ककाः 
 
¼d½ D;k ;g lp gS fd fudV Hkfo"; esa fofHkUu ea=ky; vkSj foHkkx vkf/kdkfjd lekjksgksa vkSj R;ksgkjksa ij x.kekU; 
O;fDr;ksa dks laHkor% dsoy tutkrh; oLrq,a gh migkj ds rkSj ij nsaxs(  
¼[k½ ;fn gka] rks rRlaca/kh C;kSjk D;k gS( vkSj  
¼x½ ea=ky;] fo'o Lrj ij tutkrh; mRiknksa dk c<kok nsus ds fy, vU; D;k D;k igy djus dk izLrko djrk 
gS\ 
 
उत् तर  
वाणिज् य एवं उद्योग मंत्री 
(श्री पीयूष गोयल) 
 
(क) और (ख) भारतीय जनजातीय सहकारी ववपिन ववकास पररसंघ लललमटेड ( ट्राइफ े ड), 
जनजातीय मामले मंत्रालय, सरकारी संस्थागत खरीि को बढावा िेने क े  ललए अपने “टाइब्स 
इंकडया” आउटलेट क े  माध्यम से सरकारी –ई माकेटप्लेस(जीईएम) में उपणस्थत है। ट्राइफ े ड 
अपने ई-कॉमसच पोटचल  ट्राइब्स इंकडया.काम और अन्य ई-माकेट र्ैनलों  क े  माध्यम से भी 
जनजातीय उत्पािों का  ववपिन करता है । संस्थागत ववक्रय और उपहार िेने को बढावा िेने 
क े  ललए सरकारी ववभागों , क े न्र/राज्य सावचजलनक क्षेत्र क े  उद्यमों, अन्य राज्यों पररसंघों, 
संस्थानों/क्लबों, व्यावसालयक लनकायों , लनगमों को आलिकाररक कायचक्रमों और पवों में 
गिमान्य व्यवियों को  उपहार में िेने क े  ललए ट्राइब्स इंकडया से उनक े  उत्पािों की खरीि द्वारा 
जनजातीय उत्पािों को  संरक्षि िेने का अनुरोि ककया है।  
(ग) ट्राइफ े ड, जनजातीय मामले मंत्रालय जनजातीय समुिाय क े  सामाणजक आलथचक ववकास क े  
ललए “जनजातीय उत्पािों/उत्पािन क े  ववकास एवं ववपिन क े  ललए संस्थागत सहायता ” 
स्कीम का कायाचन्वयन कर रहा है। ट्राइब्स इंकडया आउटलेट एयरपोटों यथा र्ेन्नई, जयपुर, 
अहमिाबाि, उियपुर, कोयंबट ूर, वत्रवेन्रम, पुिे, कोलकाता गोवा  में प्रर्ालन में हैं। ट्राइफ े ड 
हस्तलशल्प क े  ललए लनयाचत संविचन पररषि और भारतीय व्यापार संविचन संगठनों क े  माध्यम 
से अंतराचष्ट्रीय प्रिशलनचयों/व्यापार मेलों में भी भाग लेता है।  
******** 
163

भारत सरकार           राज् य सभा  
    वाणिज्य एवं उद्योग मंत्रालय               अतारांककत प्रश्न सं. 3100  
          वाणिज्य ववभाग  
 
किनांक 20  मार्च, 2020 को उत् तर किये जाने क े  ललए 
 
भारत से बासमती र्ावल क े  आयात पर प्रलतबंध 
    3100. श्री अलनल िेसाईः   
    क्या वाणिज्य और उद्योग मंत्री यह बताने की कृपा करेंगे ककः 
 
¼d½ D;k ;g lp gS fd Hkkjr fo'o esa lcls vPNh xq.koÙkk okys cklerh pkoy dk izeq[k fu;kZrd 
gS(  
¼[k½ ;fn gka] rks dkSu&dkSu ls ns'k Hkkjrh; pkoy dks ilan djrs gSa(  
¼x½ D;k pkoy dh [ksrh ds nkSjku vR;fèd jlk;uksa vkSj moZjdksa dk mi;ksx fd, tkus ds laca/k esa 
,sls ns'kksa ls dksbZ f'kdk;r izkIr gqbZ gSa( vkSj  
¼?k½ ;fn gka] rks D;k Hkkjr ls cklerh pkoy ds vk;kr ij dksbZ izfrca/k gS] ;fn gka] rks rRlaca/kh 
C;kSjk D;k gS\ 
 
उत् तर 
वाणिज् य एवं उद्योग मंत्री 
(श्री पीयूष गोयल) 
 
(क) जी हां । भारत ववश्व में बासमती र्ावल का सबसे बडा लनयाचतक है।  
(ख) भारत से बासमती र्ावल क े  शीषच आयातकों का वववरि अनुबंध -। में किया गया है।  
(ग) भारत से बासमती र्ावल क े  सभी लनयाचतों को आयातक िेशों की गुिवत्ता, स्वच्छता और 
पािप स्वच्छता मानकों का पालन करना होता है । इन मानकों का अनुपालन न होने पर उस 
माल को अस्वीकार कर किया जाता है और ऐसे मामले आयातक िेशों द्वारा भारत क े 
ववलनयामक प्रालधकारी की जानकारी में लाए जाते हैं।  
(घ) भारत से बासमती र्ावल क े  आयात पर ककसी िेश ने प्रलतबंध नहीं लगाया है।  
 
 
 
 
164

अनुबंध -I 
भारत का बासमती र्ावल का लनयाचत  
 मात्रा मीकिक टन  में: मूल्य लमललयन अमरीकी डॉलर में  
 
िेश 
2018-19 
मात्रा  मूल्य 
ईरान  1483697 1556.17 
सऊिी अरब  867741 938.91 
इराक  385732 399.43 
कुवैत  154745 177.11 
यमन गिराज्य 201926 209.95 
संयुक्त अरब एमीरात 282375 297.62 
यूएसए  135605 168.74 
यूक े 111924 106.08 
ओमान  87832 96.61 
जॉडचन 49171 52.57 
कत र 73569 76.08 
कनाडा  44806 53.46 
आस्िेललया 37337 46.67 
नीिरलैंड  39221 38.97 
इजराइल  40455 46.11 
अन्य  418476 447.97 
कुल  4414612 4712.44 
स्रोत : डीजीसीआईएंडएस  
 
 
******* 
 
165

भारत सरकार           राज् य सभा  
    वाणिज्य एवं उद्योग मंत्रालय               अतारांककत प्रश्न सं. 3101  
          वाणिज्य ववभाग  
 
 
किनांक 20  मार्च, 2020 को उत् तर किये जाने क े  ललए 
  
भारत में आयात नीलत 
 
3101. श्री लतरुर्ी लिवााः  
     क्या वाणिज्य और उद्योग मंत्री यह बताने की कृपा करेंगे ककाः 
 
¼d½ ,sls dkSu&dkSu ls ns'k gSa tks o"kZ 2020 Hkkjr esa fofufeZr oLrqvksa ds vk;kr dks vuqefr ugha 
nsrs gSa( vkSj  
¼[k½ D;k Hkkjr bu ns'kksa ls vk;kr djrk gS vkSj ;fn gka] rks os dkSu&dkSu ls ns'k gSa\ 
 
 
उत् तर 
वाणिज् य एवं उद्योग मंत्री 
(श्री पीयूष गोयल) 
 
(क) से (ख)  :  पाककस्तान ने सबसे वरीयता प्राप्त राष्ट्र (एमएफएन) का िजाच प्रिान नहीं 
करक े  भारत से आयातों को लनषेध  ककया और इसने अगस्त, 2019 में सभी व्यापार स्थलगत 
रखने की घोषिा की। भारत ने फरवरी , 2019 में पाककस्तान से आयातों पर 200 प्रलतित 
का िुल्क अलधरोवपत ककया । भारत सकहत सभी िेि  डब्लल्यूटीओ करारों सकहत बहुपक्षीय 
लनयमों में किए गए अपवािों क े  आधार पर आयात लनषेध अलधरोवपत करते हैं।  
 
******* 
 
 
 
 
 
166

167

168

 
 
 
 
 3104 
, 20  
 
 
 
(  , 
, 5
; 
(  
;  
(  , 2020-21 -
? 
 
 
 
) 
  ,
, ,
 
, ,
169

 
 , -
- ,
, , ,
,
, ,
,
,
 
 
 
170

 
 
 
 
 3105 
, 20  
 
3105. .  
 
(  - ; 
(  
; 
(  , ;  
(  
? 
 
 
) 
 : 
,
 
 
***** 
 
171

172

173

174

175

 
 
 
 
 3 8 
, 20  
-  
3108.  
 
(  - ; 
(  , ; 
(  - ; 
(  , ; 
(  -
;  
(  , ? 
 
 
 
) 
: -
176

 
 -   
- -
 
 
-
/
, , 
,  
 
- - , , 
, , - , 
,  
,  
 
-
-
 
***** 
 
 
177

        
               . 3109
20 , 2020  
dksjksukok;jl ds dkj.k m|ksxksa ij vlj  
 
3109- Jh vej 'kadj lkcys% 
D;k okf.kT; vkSj m|ksx ea=h ;g crkus dh d`ik djsaxs fd%  
 
¼d½ phu esa dksjksukok;jl QSyus ds dkj. k Hkkjr ds  m|ksxksa ds vk;kr&fu;kZr O;kikj ij iM+us okys izHkko dk 
{ks=&okj C;kSjk D;k gS(  
¼[k½ ;fn gka] rks m|ksxksa rFkk vk e ukxfjd dks egaxkbZ ls cpkus ds fy, ljdkj }kjk viukbZ tk jgh dk;Zuhfr dk 
C;kSjk D;k gS(  
¼x½ dksjksukok;jl ds QSyus ds pyrs dksjksukok;jl ds fy, nokvksa] jlk;uksa] eksckbyksa vkSj bysDVªkWfuDl oLrqvksa dh 
dherksa esa fdruh o`f) gqbZ gS rFkk mudh dher esa gqbZ o`f) dk izfr'kr fdruk gS( vkSj  
¼?k½ D;k ;g lp gS fd iSjk flVkeksy vkSj ,ftFkzksekbflu nokvksa dh dherksa esa Øe'k% pkyhl rFkk lÙkj izfr'kr dh 
o`f) gqbZ gS( ;fn gka] rks D;k budh dherksa esa o`f) dksjksukok;jl ;k fdlh vU; chekjh ds dkj.k gqbZ gS\ 
( )
( ) ( ) :
, ,
,
/
/

,
( ) 40
70
178

179

          
                   . 3111 
    
 
20 , 2020   
vle esa u, pk; uhykeh dsUnz  
 
3111- Jh dkek[;k izlkn rklk%  
 
D;k okf.kT; vkSj m|ksx ea=h ;g crkus dh d`ik djsaxs fd%  
 
¼d½ D;k ea=ky; vle esa u;k pk; uhykeh dsUnz LFkkfir djus tk jgk gS] ;fn gka] rks rRlaca/kh C;kSjk 
D;k gS( vkSj  
¼[k½ Hkkjr esa fdrus pk; uhykeh ds Unz gSa vkSj os izfrfnu fdruh ek=k esa uhykeh djrs gSa] rRlaca/kh 
C;kSjk D;k gS\ 
  
     
(   ) 
( )  ( ):                
                  
                
           , , 
,  ,                
      ( )         : 
    ( )     
 ( . .) 2019 
( )     
  ( . .) 2019 
1759171.39 1303853.92 
1897811.50 1391490.61
1500799.96 1140536.82
  594930.13 466179.22
 752175.26 613556.26
378675.26 263105.92
 3689195.07 2777420.08
****
180

          
                  . 3112 
    
 20 , 2020   
 
ikfdLrku ls ^lcls ilanhnk jk"Vª* ntkZ okfil ysuk 
 
3112- Jh ujs'k xqtjky%  
D;k okf.kT; vkSj m|ksx ea=h ;g crkus dh d`ik djsaxs fd%  
 
¼d½ D;k ikfdLrku ls ^lcls ilanhnk jk"Vª* ¼,e,Q,u½ dk ntkZ okfil ysus ls mldks fd;k tkus okyk fu;kZr Hkh 
?kVk gS] ;fn gka] rks ;g ntkZ okfil ysus ds ckn ls fdruk uqdlku gqvk gS( vkSj  
 
¼[k½ D;k blds dkj.k iatkc rFkk tEew&d'ehj ds O;kikfj;ksa dks vk; dk uqdlku gqvk gS] ;fn gka] rks mudh vk; 
ds uqdlku dh HkjikbZ djus ds fy, ea=ky; dkSu&dkSu ls dne mBk jgk gS\ 
 
  
     
(   ) 
 
( ):                ( )   
 2019                200   
           2019        
                   
        2019         
                ,  
2019   2020              761.86 
 . .   2018-19      1768.79  . .   
57         
 
( ):                      
( )                 
       : 
i)           
ii)       
iii)            
iv)   /          
181

   ,               
                 :  
1.  -I  II (14.06.2002  14.06.2017)        (i)   
   (5  .             30%), (II) 
     (5       3   )  (III)    
   (5    100     )   
2.     ( ) (15.06.2017-31.03.2020)      :  (I) 
     (5               
30%), (II)      (5       3   )  (III) 
      (5    100     ), (IV) 5  
        , (V) 5         
     , (VI)          
 8.33%     ( )            
     3.67  (vii)     / /    
      / /           (  
  20%),     (    20%)    
 (   )    33%)        
   ,         200       
    
     ,              
      :  
i)            
ii)             
iii)    14                 
      
                  
   , ,            
            
 
   ,       /     
        , ,    , , ,     
  63       
 
***** 
 
182

          
                   . 3113 
    
 
20 , 2020   
Hkkjrh; nqX/k vkSj dqDdqV ckt+kj esa vejhdh mRiknksa dk izos'k  
 
3113- Jh fo'kEHkj izlkn fu"kkn%  
Jherh Nk;k oekZ%  
pkS/kjh lq[kjke flag ;kno%  
 
D;k okf.kT; vkSj m|ksx ea=h ;g crkus dh d`ik djsaxs fd%  
 
¼d½ D;k ;g lp gS fd ljdkj vejhdh jk"Vªifr ds Hkkjr nkSjs ls igys nqX/k vkSj dqDdqV cktkj esa 
vejhdh mRiknksa dks izos'k nsus ds izLrko dks vuqefr nsus ij fopkj dj jgh Fkh@vuqefr ns nh gS( 
¼[k½ ;fn gka] rks os dkSu&dkSu ls mRikn@ oLrq,a@izkS|ksfxdh gSa ftudh vk;kr gsrq vuqefr nh tk jgh 
gS@nh xbZ gS(  
¼x½ D;k Hkkjrh; mRiknksa ij iM+us okys blds izHkko dk vkdyu fd;k x;k gS( vkSj  
¼?k½ ;fn gka] rks rRlaca/kh C;kSjk D;k gS\ 
  
     
(   ) 
( )  ( ):                  
        , 2018         
                    
      
  ,               
                  
                
     
*****
183

184

185

186

187

188

189

 
,  
 
 
 
3118  
 
20 , 2020  
 
 
3118.  
 ,   
(    
; 
(    
;  
(  , ? 
 
 
,  
 
 
 , 1986 
- - , 
, , 
, 
2019 , 1986 
, - , -
 
 
 , 2019 -
 
 
 
 
 
190

 
,  
 
 
 
3119  
 
20 , 2020  
 
 
 
3119.  
 ,   
(   -  
; 
(   ,  
; 
(  ,   
  ;  
(    -
 ? 
 
,  
 
 
 - , 1986 
, 1986 11 , 
, , 
, 
- , 1986 
,  
 
 
, 
, 
, 1986 
-
 
 
  
 
191

192

193

194

195

196

 
,  
 
 
 
3123  
 
20 , 2020  
 
 
3123.  
,   
(  14.12   ; 
(  ,  ;  
(   -  ? 
 
,  
 
 
 
, 2014 , 2019 
 , 2020  
, - , , 
, , ,
,  
 -  
-
-
-
-
 
 
 
197

 
 
--------------------------------------------------------------------------------------------------- 
 
  
2014 2015 2016 2017 2018 2019 2020 
 9.68 6.14 6.85 0.61 4.70 -2.24 13.63 
 7.89 6.88 5.30 2.01 3.26 -0.73 10.81(P) 
 8.64 6.14 5.21 2.01 2.81 0.30  
 9.21 5.11 6.40 0.61 2.80 1.10 
 8.89 4.80 7.47 -1.05 3.10 1.83 
 7.21 5.48 7.79 -2.12 2.91 2.25 
 8.85 2.15 8.35 -0.36 1.30 2.36 
 8.70 2.20 5.91 1.52 0.29 2.99 
 6.22 3.88 3.96 1.25 0.51 5.11 
 3.88 5.25 3.32 1.90 -0.86 7.89 
 1.13 6.07 2.03 4.35 -2.61 10.01 
 3.96 6.40 1.37 4.96 -2.65 14.19 
: ( )                
 
 
 
 
198

199

200

201

202

 
,  
 
 
 
3126  
 
20 , 2020  
 
 
3126.  
,   
(    
50 100 ; 
(  ,   -
;  
(   ? 
 
 
,  
 
 
 
 
 
 , - , , 
, , ,
, 
 
-  
-
-
-
-
 
203

 
 
 
---------------------------------------------------------------------------------------------------------- 
 
 (%) 
 
) (  2012=100) 
 
 
2019 2020 
    ( ) 
 7.89 10.01 14.19 13.63 10.81 
 4.08 3.22 4.52 5.76 3.96 
 26.1 36.06 60.5 50.04 31.61 
 :  
: ( ) 
) (  2012=100) 
 
2019 2020 
    ( ) 
 9.80 11.22 13.31 11.51 7.79 
 2.72 4.32 2.27 3.72 1.00 
 38.97 45.50 69.48 52.72 29.97 
 :  
: ( ) 
 
 
 
 
 
204

 
,  
 
 
 
3127  
 
20 , 2020  
 
 
 
3127.  
,   
(   ; 
(    
; 
(  , ; 
(    
;  
(  ,  -  ? 
 
,  
 
 
 
-
- -
-
 
 -
-  
205

-
-
 
 
-
 
  
i) -
 
ii -  
-
 
 
- -
-
 
 
 
 
206

207

208

209

210

211

212

213

214

215

216

217

 
,  
 
 
 
3128  
 
20 , 2020  
 
 
 
3128.  
 ,   
(   -
; 
(   2020-21)  ;  
(   ? 
 
 
,  
 
 
 -
-  
     
1.  -     
2.  -  .00  0.00   
3.  -     
4.  -     
5.  -    
 
 
 -
- , 
,  
 ,  
 
 
 
218

219

220

 
,  
 
 
 
3130  
 
20 , 2020  
 
 
3130.  
 ,   
(   ; 
(   90  1.2
 ; 
(    ;  
(  ,  ? 
 
 
,  
 
 
 
- , , 
 
 
 , 2019 , 2019 
, -
 
 
 
 
 
 
221

222

223

224

 
,  
 
 
 
3133 
 
20 , 2020  
 
 
3133.  
,   
(    
2017-18  ; 
(   - 2017-18  
 ; 
(    35
 50 ;  
(   ? 
 
 
,  
 
 
 - , 2018-19 - , 2020 
- -
- - I  
 
 - , 2018-19 - , 2020 
- II  
 
 - , , - -
 
- -
,  
 
 , 1948 
, 1952 , 
,  
 
225

, 2008 
i ii iii iv
, 
-
 
 
 
 
226

-I 
 
-------------------------------------------------------------------------------------------------------------- 
 
2017-18, 2018-19  2019-20 ( , 2020 ) 
- -  
-
  ,  
      
 
2017
-18 
2018
-19 
201
9-
20 
2017-
18 
2018-
19 
2019-
20 
201
7-
18 
2018
-19 
2019
-20 
2017
-18 
2018
-19 
2019
-20 
 293 319 356 -3.30 8.87 11.60 392 402 437 2.35 2.55 8.71 
 298 328 366 -11.31 10.07 11.59 398 407 445 1.79 2.26 9.34 
 329 343 377 -9.62 4.26 9.91 406 421 455 4.10 3.69 8.08 
 380 356 385 2.43 -6.32 8.15 405 419 453 3.58 3.46 8.11 
 372 354 384 10.39 -4.84 8.47 396 415 438 2.33 4.80 5.54 
 344 342 385 4.88 -0.58 12.57 394 407 439 2.60 3.30 7.86 
 368 349 407 9.20 -5.16 16.62 393 414 443 2.88 5.34 7.00 
 378 337 404 21.54 -
10.85 19.88 395  419 446 2.86 6.08 6.44 
 335 309 381 25.47 -7.76 23.30 399 426 452 3.10 6.77 6.10 
 303 303 366 20.72 0.00 20.79 397 434 465 2.06 9.32 7.14 
 288 300 - 11.63 4.17 - 397 435 - 1.28 9.57 - 
 296 328 - 8.03 10.81 - 398 434 - 1.79 9.05 - 
 332 331 381 6.75 -0.30 14.07 398 419 447 2.58 5.28 7.45 
:  ,  
227

-II 
 
-------------------------------------------------------------------------------------------------------------- 
 
2017-18, 2018-19  2019-20 ( , 2020 ) -
 
   
2017-18 2018-19 2019-20 2017-18 2018-19 2019-20 
 277 288 312 2.21 3.97 8.33 
 278 289 314 1.09 3.96 8.65 
 280 291 316 1.08 3.93 8.59 
 285 301 319 1.79 5.61 5.98 
 285 301 320 2.52 5.61 6.31 
 285 301 322 2.89 5.61 6.98 
 287 302 325 3.24 5.23 7.62 
 288 302 328 3.97 4.86 8.61 
 286 301 330 4.00 5.24 9.63 
 288 307 330 5.11 6.60 7.49 
 287 307   4.74 6.97   
 287 309   4.36 7.67   
 284 300 322 2.90 5.63 8.05 
:  ,  
 
 
228

229

230

231

232

233

234

235

 
 
,  
 
 
 
- 3135 
20 , 2020   
  
3135.  
 
 
,   
( )  ,  
,  ,  
  
 ,  
  
 ; 
( ) , ;  
( ) -  ? 
 
,  
( ) 
 
( )    , 
, 2017 2018 
( ) 
( ) 14 
( ) ,  
, , ( . . .) , 
( . . . . .) ( . . .) 
, 
,  
 
236

--2-- 
,  
, 
2015-16 3000  
 
 / , / 
, , 
/ / / 2018-
19 7,522.48 
( . . . .) 
2019-20 
( . . . . .)  
 
***** 
237

 
,   
   
 
- 3136  
 20 , 2020  
 
 
 
  ,    
 ,  ,  -
-  ; 
 ;   
, -   ? 
 
 
,   
 
 
, ,
-I  
( ,
% 
-II -
,
%
 
 
*****
238

 
20.03.2020 3136 - I
 
 
1
 
36438 3700 5 64761 40488 0 0 2 0 0 0 145394 
2  4600087 6219499 17626971 5522133 91958 1884 240 4678 166 0 0 34067616 
3  339221 6379 7345 159740 271463 3051 0 0 0 24075 350154 1161428 
4  10909239 421715 332100 4315173 2099000 12783 724 900 567 0 0 18092201 
5  15397980 7719794 213377 12821216 343434 32176 1491 11264 88 0 0 36540820 
6  13440 12177 0 998 138 237 0 0 0 0 0 26990 
7  9983954 1174722 180229 4005657 526901 675 21 142 1 0 0 15872302 
8  39736 997 84 7548 0 39 0 0 0 0 0 48404 
9  1840 374 68 987 0 15 0 0 0 0 0 3284 
10  * 86433 162142 932 30470 76346 2694 136 1087 157 0 0 360397 
11  60247 27207 8 9446 35480 15 1 0 2 0 0 132406 
12  9633637 10543250 1787263 4867744 658 21811 5 11286 27620 0 0 26893274 
13  1928682 4368023 288370 334640 108240 9683 2499 800 5154 0 0 7046091 
14  1828017 646565 791345 1108413 2477 8851 20415 4797 26 1940 0 4412846 
15  2539240 690829 3247503 1730218 1215 63335 16722 9563 466 26221 12 8325324 
16  11223052 1350313 641183 9121173 1276973 1378 73 400 0 0 0 23614545 
17  8469004 2984560 11050728 6169392 323836 7018 51 8790 33 0 0 29013412 
18  1341996 101504 1482 1359161 103863 560 0 65 26 0 0 2908657 
19  2493 16 0 43188 0 0 0 0 0 0 0 45697 
20  18750828 10307131 324585 11064524 164616 13260 2543 8135 1753 0 0 40637375 
21  13992304 5603692 2680329 10604883 161000 18892 681 17572 465 0 0 33079818 
22  224472 36230 5921 38697 235255 1083 0 2 0 0 9059 550719 
23  903570 15714 15679 397503 706364 273 0 0 0 0 0 2039103 
24  45701 2109 485 14820 292465 159 8 0 0 0 3957 359704 
25  78296 15654 361 31602 404695 70 0 2 0 0 23123 553803 
26  9903970 458324 1279149 6393452 135162 143 18 83 8 0 0 18170309 
27  71984 2395 2445 73630 880 29 0 4 1 0 0 151368 
28  2531460 4015947 85560 347949 52961 14243 1644 471 120 0 0 7050355 
29  13937630 13693316 7903857 20840203 154808 33679 1339 23374 212739 0 0 56800945 
30  148010 1144 2016 90506 27320 115 0 2 0 5219 0 274332 
31  9518660 518795 4500491 9888746 66772 5417 305 1428 7 0 0 24500621 
32  4232539 4226306 19063058 4934673 177992 3878 91 2031 71 0 0 32640639 
33  739031 7131 5460 360204 206035 17 2 10 2 0 0 1317892 
34  19019641 33016785 984725 14480025 408678 75718 8933 16016 2424 0 0 68012945 
35  1852123 866318 284615 1371971 17659 7452 26293 589 15 54 0 4427089 
36  19077916 630921 952886 16279340 540356 1593 26 94 45 61 0 37483238 
 193462871 109851678 74260615 148884786 9055488 342226 84261 123587 251956 57570 386305 536761343 
,2019  
239

 
20.03.2020 -II 
 
  19 ,  20 ,   
1 2 3 4 5 
1  29512 20919 -29.1 
2  2776692 2337858 -15.8 
3  440532 332234 -24.6 
4  9911702 10140290 2.3 
5  8756401 11297513 29.0 
6  1734 4438 155.9 
7  9636737 9716929 0.8 
8  41170 38566 -6.3 
9  1955 1596 -18.4 
10  * 25446 25446 0.0 
11  39954 32718 -18.1 
12  8057250 6226448 -22.7 
13  812013 949541 16.9 
14  1165331 759082 -34.9 
15  1328639 1096013 -17.5 
16  8473910 10596859 25.1 
17  6603967 4560842 -30.9 
18  77045 82692 7.3 
19  2257 1297 -42.5 
20  18761389 17055853 -9.1 
21  11833330 9384574 -20.7 
22  219536 206546 -5.9 
23  860753 870165 1.1 
24  23277 24246 4.2 
25  106022 59895 -43.5 
26  10315499 8323590 -19.3 
27  2452 5745 134.3 
28  363085 425873 17.3 
29  11589390 11614597 0.2 
30  13948 31160 123.4 
31  2459548 1793941 -27.1 
32  4421799 3621726 -18.1 
33  815687 610194 -25.2 
34  15978052 12897013 -19.3 
35  1508461 1275303 -15.5 
36  13717820 15684764 14.3 
 151172295 142106466 -6.0 
, ,  
240

 
,   
   
 
- 3137  
 20 , 2020  
 
 
 
,   
  ; 
, ; 
    
;  
, ? 
 
 
,   
 
 
 
 
i)    
ii)  -
 
241

 
-  
- -  
-  
-  
-
 
-
 
- -
 
 
-  
 - ,
-  
 - , 
, 
 
 -
-  
242

 -
 
 - ,
-  
 -
-  
 
 
-
 
 -  
  
  
  
 x
 
 - ( x  
 
  
 
243

 
,   
   
 
- 3138  
 20 , 2020  
 
-   
3138.  
 
,   
(   
-  ; 
( ,  ;  
(  
   ? 
 
 
,   
 
 
 
-
IV
-
 
244

-  
 
 
 
-
 
 
 
245

 
,
   
 
- 3139 
 20 , 2020  
 
-  
3139.   
,   
( ,   
; 
( , ; 
(   
; 
(   
  ;  
(   
? 
 
 
 
,   
 
 
 
, , 
-
, , 
, www.igfri.res.in, 
www.aicrponforagescrops.res.in  
246

 
 
, , 
 
- -
-I
, ,
 
, , 
, 
, 
, , , 
 
 
247

,  
   
- 3140 
 20 , 2020  
 
 
3140.  
 
,   
(  (  ( - -  
 , 1958  26(1)  
  ; 
(    
  , 
;  
( 2011-12   
, , 
? 
 
,   
 
 
, 1987 , 
- -
, 1958 
 , 1987 
, , ,
, 
, , 
, 1988 (2) , 
, 1988   
,  
****
248

 
 
 
 
. 1   
, 2020  
 
 
 
1.  
  
: 
 
( ) 
- - ;  
( )  
;  
 , ;   
 -
?  
 
 
 
 
 
 
,
- -
i) ; ii) ; iii) -
; (iv) ; (v)
; vi) ; (vii) (viii) 
 
 
(i) 
% , (ii) 
-
% , (iii) 
 , (iv) , 
, (v) 
% , vi
% , (vii) 
% (viii) 
 
-
 
 
 
249

 
 
 
. 2  
, 2020  
 
 
 
.  
  
: 
 
( ) 
;  
( )  , ;  
 -
;  
 
?  
 
 
 
 
 
 
: ,
, - ,
,
 
 
 , 
- ,  
 
 
 
 
 
  
250

 
 
     
1  
     
2     
3     
4     
5     
6     
7     
8     
9     
10 , 
  
   
11     
12     
13     
14      
15     
16     
17     
18     
19     
20     
21      
22     
23     
24     
25     
26     
27  ( )    
28     
29     
30 ., 
(     
31     
32     
33     
34     
35     
36     
251

37     
 
252

 
 
 
 
 
 
. 3  
, 2020  
 
 
 
.  
  
: 
 
( ) -
;  
( )  
- ;  
 , , 
, ? 
 
 
 
 
 
 
, 2016-17 ,
,317  
( , 
,
-
 
 
 
 
 
253

 
 
 
 
 
 
3144 
20 ,  
 
 
 
 
3144  
 
  
 
 
; 
 ,
 - ; 
 , -
;  
 -
 ;  
 , ? 
 
 
 
 
 
 
2018-19 
, , 
, 2012-13 2015-16 
2016-17 2017-18 
- - -
, 
 
, 
- -I -II  
 
254

 
 
 )/ 
) 
), ),  )  
, 
, , 
, ,  
, ,   
 
) , , , , , , 
, , , , , , , , , , 
-
, , 
 
 
i) 
, 
 
 
ii) , , 
 
iii) , , 
 
iv) 
 
v) 
 
vi) , ,  
 
vii) 
 
*****  
255

-   
 
03 4  
 
-  
 
 
 
                
2014-15 2015-16 2016-17 2017-18 2018-19 
1  24.19 12.5 91.61 81.35 67.69 
2  
   
0 0 0.17 6.75 0 
3  7.72 0 0.59 3.59 33.19 
4  26.04 17.08 49.08 27.59 39.21 
5  63.67 0 0 0 4.25 
6  11.39 14.64 42.62 33.21 7.24 
7  1.08 0 0 0 0 
8  1.5 0 0 0 0 
9  0 1.06 1.38 0.21 0 
10  1.06 0 33.38 0 0 
11  18.78 0 11.37 10.55 6.99 
12  15.26 2.48 1.4 0 17.26 
13  8.58 0 0 0 25.06 
14  16.2 9.49 20.9 47.16 4.49 
15  46.8 32.71 15.08 41.08 0 
16  14.49 0 8.55 23.36 7.68 
17  0 1.65 0 0 0 
18  37.46 10.8 55.45 30.25 62.79 
19  34.75 4.5 21.17 44.53 11.54 
20  5.42 5.4 9.82 6.52 9.25 
21  0 0 0 0 4.44 
22  2.5 0 9.2 10.1 9.9 
23  0 0 0 0 7.89 
24  32.92 0 25.06 32.9 0 
25  0 2.69 11 8.26 29.68 
26  11.55 4.48 22.27 13.72 25.57 
27  6.84 1.26 2.33 5.35 5.08 
28  20.16 8.96 27.32 36.83 57.6 
29  29.94 13.13 43.38 16.84 0 
30  2.36 1.35 8.3 1.21 2.77 
31  0 11 39.87 84.07 57.14 
32  13.04 3.09 13.21 7.82 33.05 
33  27.71 9.91 21.86 48.44 54.94 
   481.41 168.18 586.37 621.69 584.7 
  
256

 
-II  
 
03 4  
 
  
 / - /     , 
 
 
  
2014-15 2015-16 2016-17 2017-18 2018-19 
1.  0 0 35 0 * 
2.  43684 195566 174240 1083659 376451 
3.  5147 1472 7701 0 * 
4.  53168 64420 402029 152525 322528 
5.  0 62568 251906 0 0 
6.  28910 157699 191713 291257 292025 
7.  0 46 176 4329 1704 
8. 0 1730 321206 71078 543094 
9.  39802 3329 52878 66856 35293 
10.  0 75437 0 0 7303 
11.  42079 100 94 0 102540 
12.  0 26938 86499 134924 7000 
13.  0 83059 218760 252294 301375 
14.  79932 15500 25900 39416 109057 
15.  314553 60626 236999 391155 260356 
16.  69152 1089 652145 1204606 80703 
17.  2155 5963 10033 25758 * 
18.  0 0 0 0 0 
19.  1290 0 4957 9068 171 
20.  0 0 0 0 8253 
21.  17479 23882 105494 41795 16329 
22.  0 0 0 0 0 
23.  0 80316 70971 32500 59196 
24.  72987 7164 146524 37097 122077 
25.  1366 3135 6049 4857 15166 
26.  0 17143 481 324873 * 
27.  8508 1738 123046 378930 169078 
28.  10394 27094 23374 20344 15910 
29.  0 370663 614 298895 268968 
30.  531 38526 1562 30789 * 
31.  139452 132453 322114 473063 412064 
32.  0 0 0 0 0 
33.  0 0 0 0 0 
   930589 1457656 3437500 5370068 3526641 
 
257

Sk 
 
 
 
 
20 3  
3145  
  
 
 
  
 
 
 
  
;  
 
 -  
? 
 
 
 
 
 
 
, -
 
 
, -
,
 
 
 
 
258

Sk 
 
 
 
 
20 3  
3146  
 
 
 
  
 
 
 
 ; 
 - -
- ; 
 ; 
 - -
; 
 
 , ;  
 , ? 
 
 
 
 
 
 
 
 
 
 
  
259

Sk 
03
 
 
( ):  01.09.2016  
 
( ): ,
:- 
  
  
( ) 
2016-17 (01.09.2016  09.12.2016) 2.56 
(10.12.2016 -31.03.2017) 8.46 
( , 
) 
2017-18 (01.04.2017 - 31.08.2018) 38.54 
( ,
) 
2018-19 01.09.2018 - 31.03.2019 8.53 
2019-20 01.04.2019-29.02.2020 12.71 
 
, , -
 
 
( ): :-  
 
(i) - 10 ,  
(ii) - 10 ,    
(iii)  - 7.5 ,  
(iv)  2  ,   
(v)   10  
  
 
260

Sk 
( ):  
:-  
 
 ( ) 
2016-17 0.76 
2017-18 3.59 
2018-19 6.12 
2019-20 3.53 
  
-1- 
 
2. , , 
 
3. 2019-20
, 1989 124
123 (  
 
(  
 
(
-
10.12 2016 31.08 2018  
 
31.08.2018 
, 01.09.2018 
 
 
****** 
261

Sk
 
20 3  
3147  
 
 
 
  
 
- ? 
 
 
 
 
 
 
 
,
,  
 
, ,
, ,
,  
 
-
 
 
, -
 1  
, ,
,
, 
,
 
 
262

Sk 
 
 
 
20 3  
3148  
  
 
 
  
 
 
 
 , , 
, - , , 
;  
 
 
? 
 
 
  
 
 
 
 
 
 
 
  
263

Sk 
03  
 
 
-
-
 
 
   
 
       
 243 135 0 62 40 0 
 125 60 0 20 5 0 
 290 199 0 100 105 0 
 25 45 2 6 11 0 
 157 85 2 37 19 0 
 2126 3188 0 632 1022 0 
 1750 381 0 329 54 0 
 0 0 4 0 0 2 
 51 2 0 5 0 0 
 81 298 2 13 34 0 
 58 294 0 14 88 0 
 0 0 0 0 0 2 
 1786 94 0 361 20 0 
 23 23 0 4 4 0 
 1518 820 0 189 143 0 
 4039 52 0 555 13 0 
  
:  
 
(i) , 
(ii) , 
(iii)  
(iv)  
(v) ,  
(vi) , 
264

Sk 
(vii) 
,  
(viii)  
ix  
 
(x) 
 
(xi)   
 
 
265

Sk 
 
 
 
20 3  
3149  
 
 
 
  
 
 
 
 
; 
 , ; 
 -
 ;  
 , ? 
 
 
 
  
 
 
:
 
%  
 
:
 
 
 
266

 
Sk 
 
 
 
 
20 3  
3150  
  
-  
 
  
 
 
 
 - - -  
; 
 , 
;  
 -
? 
 
 
 
 
 
-
, , 
 
 
****** 
267

Sk 
 
 
20 3  
 
3151  
 
-  
 
  
 
 
 
 -
; 
 ; 
  
; 
 , ;  
 
? 
 
 
   
 
 
 
 
 
******* 
 
 
  
268

Sk 
-
 
 
( -
- , 
,  
 
 
  
 , 
- -
 
 
 , , - -
, 
, 
 
 
 , 
,
 
 
 
, , , , 
 
 
 
, 
, , 
269

Sk 
 
 , , 
-
, , 
 
  
 
 
 
, 
, 
,  
 
-I/
 
  
( - -
- , 
,
 
 
 3,293 
, , ,  
 
 5,024 
, 
,  
 
 
 
2014-19 
-
270

Sk 
, - -
 
 
 
2009-14 , , 
, 
 
  
2014-19 , 
-
 
 
, -
www.indianrailways.gov.in>Ministry of Railways >Railway 
Board >About Indian Railways>Railway Board Directorates >Finance (Budget)>Pink 
book (year)>Railway-wise Works Machinery & Rolling Stock Programme(RSP). 
 
 
 
 
1.  -
 
 
2. -
 
 
, 
, 
, , 
, , 
, , , 
, ,  
, 
- - - -
, 
, -
 
*****  
271

Sk 
 
 
 
20 3  
3152  
 
 
 
  
 
 
 
 
- -
, , 
; 
 , 
; 
 , ;
 
 ?? 
 
 
 
 
 
 
 
:
-  
 
 
 
: -
-
272

Sk 
-
, , , , 
 
-  
 
 
-
 
-
-  
 
 
 
)
 
, 
-
 
 
: -  
 
 
**** * 
273

Sk 
 
20 3  
3153  
 
  
 
  
 
 
 
 
- ;
 
 
 ? 
 
 
 
 
 
 
,
 
,  
 
, , , ,
,
,
 
 
 
:
- -
 
 
****** 
274

 
Sk 
 
 
 
20 3  
 
3154  
 
 
 
  
 
 
 
 
; 
 , - , -
;  
 
? 
 
 
   
 
 
 
 
 
 
 
 
  
275

 
Sk 
03
 
 
 
( ) : - -
,
 
 
 
   
,
:  
 
 
,  
 
 
,  
 
-
- ,  
, ,
 
 
, ,
,
, ,
276

 
Sk 
,
 
 
, ,
-
,
 
 
www.indianrailways.gov.in>Ministry of Railways 
>Railway Board >About Indian Railways>Railway Board Directorates 
>Finance (Budget)>Pink book (year) >Railway-wise Works Machinery & 
Rolling Stock Programme.  
 
: 
 
 -
- - ,
, -
-
%  
 
 - ,
, -
%  
 
  
 
 -
 
 - ,
, -
%  
 
 
277

 
Sk 
:
, , ,
 
 
, ,
,  
 
,
 
 
*****  
278

Sk 
 
 
 
20 3  
3155  
 
 
 
  
 
 
 
 ; 
 
 -
 , ;  
 
 
- , , ? 
 
 
 
 
 
 
: -
-
-
-
 
 
279

Sk 
: -
  
, 
- , 
 
-
 
 
:
-  
 
 
 
280

Sk 
 
 
 
20 3  
3156  
 
 
 
  
 
 
 
 
; 
 , ; 
 
; 
 , ;  
 , ? 
 
 
   
 
 
 
 
,
,
,  
  
 
 
 
:  
 
** ** 
281

MM3157 
 
 
 
 
 
 
 
.  
. .  
 
 . , 
; 
 
, ; 
 , ; 
 , , 
;  
 , ? 
  
 
 
 
, ,
, ,
, ,
- - , , -
, , , ,  
,
,  
 
 
,
 
 
 
***** 
282

MM3158 
 
 
 
 
 
 
 
.  
 
 , 
; 
 , ; 
 
;  
 , , ? 
  
 
 
 
 
 
 
,
- - ,
,
-
 
- 
i  
 
283

MM3158 
ii  
 
iii    
,
,
 
iv  , 
 
v  
 
vi  -
 
vii  
 
viii  
 
ix   
x   
xi  
, -
 
xii  
 
xiii  -
- , , , , -
 
 
284

MM3159 
 
 
 
 
 
 
 
 
 
 , 
, , 
/ / /
;  
 , ? 
  
 
 
 
 
 
,
- , -
-
,
, , , , , , , ,
,
,
,
, ,  
***** 
285

MM3160 
 
 
 
 
 
 
 
.  
 
 ; 
 
; 
 
; 
 , ;  
 , 
? 
  
 
 
 
 
 
, ,
 
,
, 
 
 
 
***** 
286

MM3161 
 
 
 
 
 
 
 
.  
 
 
; 
 , 
-
; 
 ;
 
 , ? 
  
 
 
 
 
 
,
,  
 
 
***** 
287

MM3162 
 
 
 
 
 
 
 
 
 
 ; 
 , ;  
 , , ? 
  
 
 
 
 
 
, , 
, ,
, 
- , : 
(i) , 
,  
(ii) - - -
-
, ,  
iii , -
- ,  
***** 
288

MM3163 
 
 
 
 
 
 
 
 
 
 
; 
 , 
;  
 , 
, ? 
  
 
 
 
 
 
( )  
 
289

MM3163 
20
 
, 
, , 
, 
,
, 
 
 
1. ,
, 
 
2. ,
 
3. 
,
 
4. , , 
-  
5. , 
,
 
6. 
 
7. -
 
8. 
 
, , ,
,
 
***** 
290

MM3164 
 
 
 
 
 
 
 
. .  
 
 
/ ; 
 , 
; 
 - ;  
 
? 
  
 
 
 
: ,
, 
, , 
 
: ,
, , 
, 
, , , 
, 
, -
 
 
***** 
291

MM3165 
 
 
 
 
 
 
 
 
 
 
; 
 ; 
 ; 
 
 ? 
  
 
 
 
 
 
( )  
 
292

MM3165 
 
,
-
, ,
-
:- 
 
 
-   
-   
- (   
, -
,
-
- , , , 
, , 
- , , , , 
 
 
 ,
,
293

MM3165 
,
 
, - -
, -
, ,
 
 
 
 
294

MM3166 
 
 
 
 
 
 
/  
.  
 
 /
; 
 , 
/
-
;  
 -
/ - ? 
  
 
 
 
 
 
 
***** 
295

MM3166 
/
. 
 
,
,
 
,
,
,
-I  
 - -
-II
 
 , -
,
-
-III  
   , -
,
-
, - , 
296

MM3166 
, , , 
, - , , , 
, 
 
 
   ,
,
,
 
 
  , - -
, -
, ,
 
 
  - - - -
-IV  
 
 
 
297

MM3166 
/
. 
-I 
-
- 
  
 
(15) 
, , , , 
, , , , 
,  ( , , , 
,   
 
(57) 
 ( , , , , 
, , , , 
, , , , , 
, , , , 
, ,  , , 
, , , , , 
, , ,  ), 
, , , , 
, , , , , 
 (  ), , , , , 
, , , , , 
 ), , , , 
, ,  
 
(55) 
, , , , 
, , , , , -
- , , , , 
,  ( , , 
, , , , , 
, ,  , , 
( ,  ( , , , 
, , , , 
, , , , 
298

MM3166 
, , , ( , ( , 
, , , 
, , , , , 
, ,  
 (1)  
 (8) , , , , , 
,   
 (9) , , ,   ( , 
, , ,  
 )  
 
(29) 
,  ( , , , , 
, , ,  , 
, , , , , , 
, , , ,  , 
, , , , , 
,   
 (2) ), - -  
 (1) 
 
 
(18) 
, , , , 
( , , , , , 
, , , , , , 
,   
(2) 
,  
 (16) , , , 
, , , , , , 
 ), , , , , 
  
 (26) , , , , 
 ( , , , , , 
, , , ,  ( , 
299

MM3166 
( , ( , , , 
 ( , , SWR, , , 
,   
 
(19) 
, , , , , 
, , , , 
, , , , , 
, , ,  
 
(34) 
, , , , , 
, , , , , 
, , , , , 
, , , , ) ), 
, , , , , , 
, , ,  ), , , 
  
 (45) , , , , 
, , , , 
, , , 
,  ( , , , , 
 ), , , , , , 
, , , ,  ), 
, , , , , 
, , , ,  ) 
, , , , , 
,  
 (1)  
 
(23) 
, , , , , 
, , , , , 
, , , , , 
, ), , ,  , 
, ,   
 (1)  
 
(18) 
, , , ,  ( , 
, , , , , 
300

MM3166 
, , , ( , 
, ,  
 27) , , , , , 
, , , , 
, , , , , 
, , , ,  , 
, , , , , 
, ,  
 (27) , , , , 
, , ( , , 
, , , , , 
, , , , 
, , , , , 
, , , 
 
 (1)  
 
(82) 
, , , , 
, , , , , 
, , , , , 
, , , , 
, , , , 
, ,  ( , , 
, , , , 
, ,  ( , , , 
, , , ,  ( , 
, , , , , 
, , , , , 
, , , , , , 
, , , , 
, , , , , 
 , , , 
, , , , 
, , , , 
, , , , 
301

MM3166 
  
***** 
 (7) , , , , , 
  
 (70) 
, , , 
 ( , , , , , 
, , , , , 
 ( , , , 
, , , , 
, , , , , 
, , , , , 
, , , , 
, , , , , 
, , , , 
, , , , 
 ( , , , , 
, ( , , , 
, , , , 
 ( , , , , , 
, , , 
 
302

MM3166 
/
. 
-II  
 
- - 
   
1  
, , , , , 
, , , , , , 
, , , , , , 
, , , , 
, , , , , , 
 
2  
, , , , , , 
, , , , , , , , 
, , , , , , , ,
, , , , , , , 
, , , , , 
,  
3   
4  
, , , , , 
, , , , , , , 
, , , , , , - - , 
, , , , , , , 
, , , , , 
, , , , , 
, , , , , 
, , , , 
 
5  
, , , , , , , , 
, , , , , , , , , 
,  
6  , ,  
303

MM3166 
7  
, , , , , , , 
, , , , , , , , 
, , , , , , , , , 
, , , , , , , 
, , , , , , , , 
, ,  
8  - -  
9   
10  
, , , , , , , , 
, , , ,  
11 
 
 
12  
, , , , , 
, , , , , 
, , , , , , , 
, , , , , , , , , 
, , , , ,  
13  
, , , , , , , 
, , , , , , ,
, , , , , , , 
, , , , , , , , 
, ,  
14  
, , , , 
, , , , , , 
,  
15  
, , , , , , , , 
, , , , , , , , , 
, , , , , , , , , 
, , , , , , , , , 
, , ,  
304

MM3166 
16  
, , , , , , , , 
, , , , , , , 
, , , , , , ), 
, , , , , , , 
, , , , , , , 
, , , , , , 
, , , , , , , , , 
, , , , , , , , , 
, , , , ,  
17   
18   
19  
, , , , , , , , 
, - , , , , , 
, , , , , , , , , 
,  
20   
21  
, , , , , , 
, , , , ,  
22  
, , , , , , , 
, , , , , , 
, , , , , , , 
, , , , , , , 
, , , , , , 
, , , , , , , 
, , , , ,  
23  
, , , , , , 
, , , , , 
, , , , , 
, , , , , , 
, , , , , 
, , , ,  
24  
, , , , , , , 
, , , , , , , 
, ,  
305

MM3166 
25
26  
, , , , , , , 
, , , , , , , , 
, , , , 
, , , , , , , 
, , , , , , , 
, , , , , , , , 
, , , , , , 
, , , , , , , 
, , , , , , 
, , , , , ,  
27  
, , , , , , , 
, ,  
28  
, , , , , , , 
, , , , , , , , 
, , , , , , , 
, , , , , , , 
, , , , , , 
, , , , , ,
, , , , , , 
, , , , , , , 
 
 
***** 
 
306

MM3166 
/
. 
- III  
-  - 
   
1  , , , , , , , 
, , , , , , 
, , , , , ,
, , , , , , ,  
2  , , , , , , , , , , 
, , , , , , , 
, ,   , 
, , , , , , , , 
, , , , , , 
, , ,  
3  , , , , , , , 
, , , , , , , 
, , , , , , , ,
, , , , , ,  , , 
, , , , , , , 
, , , , , , 
, , , , , , , 
, ,  
4  , , , , , , , 
, , , , , , ,  
5  , , ,  
6  , , , , , , , , 
, , , , , , , , 
, , , , , , , 
, , ,  
7  , - -  
8 
 
,  
9  , , , , , , , , , 
, , , , ,  
10 
  
, , , ,  
307

MM3166 
11 , , , , , , , , 
, , , , , , , 
, , , , , 
, , , ,  
12   , , , , , , , 
, , , , , , , , 
, , , , , 
, , , , , , , , 
, , , , , , , , 
 
13  , , , , , , 
, , , , , , 
, , , 
, , , , , 
, , , , , , 
, , , , , 
, 
, , , , , , , 
, , , , , , , , 
, ,
 
14  , , , , , , , 
, , , , , , , , 
, , , , , , , , 
, , , , , , , , , 
, , , , , ,  
15  , , , , , , , , , 
, , , , , , , , , , 
, , , , , , , , , 
, , , , , , , , , 
, , , , , , , , , 
, , , , , , , , 
, , , , , , , , 
, , ), , , , , 
, , , , , , , , , 
, , , , , , 
, , , , , , , ,
, , , , , ,
308

MM3166 
, ,
16   
17  , , , , , , , , , 
, , , , , , , , , 
- , , , ,
 , , , , , , ,
, , , , , , , , ,
 
18  ,  
19  , , , , , , , 
, , , , , , , , 
, , , , , , , , , 
, , , , ,  
20  , , , , , , , , 
, , , , , , , , , , 
, , , , , 
, , , , - , , 
, , ,  
21  , , , , , , 
, , , , , , , , 
, , , , ,
 , , , , , 
, , , , , , 
, , , , , 
, ,  
22  , , , , , , , , , 
, , , , , , , 
, , , , 
 
23   
309

MM3166 
24  , , , , , , , , 
, , , , , , , , , , 
, , , , , , , , 
, , , , , , , 
, , , , , - , 
, , , , , 
, , , , , , , 
, , , , , , 
, ,  , , , , , , 
, , , , , , , , 
, , , , , , , , 
, , , , ,  , , 
, , , , , , , , 
, , , , , , 
, , , , , , 
, , , , , , , ,
, , , , ,  
25  , , , , , ,  
26 
 
, , , , , , 
, , , , , 
, , , , , , , 
, , , , ,  
, , ,  , , , , 
, , , , , , , , 
, , , , 
, , , 
, , , , , , , 
, , , , , , , , 
, , , , 
, , , , , , , 
, , , , 
, , , , , 
, , , , , , , 
, , , , , , , , , 
 , , , , , , 
, , , , , , , 
, , , , , , , 
, , , , 
310

MM3166 
, , , , , , , , 
, , , , , , , , 
 
 
 
311

MM3166 
/
. 
 IV      
        1999-2000 2018-19 
- 
         
  
1999-2000 115.25 
2000-01 136.50 
2001-02 168.87 
2002-03 175.13 
2003-04 181.19 
2004-05 222.72 
2005-06 256.24 
2006-07 407.58 
2007-08 668.50 
2008-09 827.57 
2009-10 906.38 
2010-11 910.89 
2011-12 828.98 
2012-13 841.79 
2013-14 862.41 
2014-15 858.61 
2015-16 1081.21 
2016-17 981.24 
2017-18 1286.80 
2018-19 1585.88 
2019-20 
( , 2020  1849.83 
  
 
 
312

MM3167 
 
 
 
 
 
 
 
 
 
 
; 
 , ; 
 
, ;  
 , 
? 
  
 
 
 
 
 
( )  
 
313

MM3167 
 
- -
, -
,
 
 
, , 
 
 
) ( ):
 
 
***** 
314

MM3168 
 
 
 
 
 
 
 
 
 
 
; 
 
- ; 
 
;  
 
? 
  
 
 
 
 
 
 
***** 
315

MM3168 
20
3168 
 
( - , - -
- ,
 
 
: 
  38 ,
73,485 
, , ,
,
,  
o , ,
,
,  
o , ,
,
 
o , ,
, ,
 
 
,
 
  
  
 
1. -
 
108 3439 ,
 
2. 
(2018-19) 
28 726 
 
3. -
(2011-12) 
68 1377 
316

MM3168 
 
4.
 
32 1759
 
5. - -  27 2980 -
-
 
6. 
-
 
891 891 
 
 
, -
www.indianrailways.gov.in>Ministry of Railways>Railway Board>About Indian 
Railways>Railway Board Directorates>Finance (Budget)>Pink Book 
(year)>Railway-wise Works Machinery & Rolling Stock Programme(RSP)
 
 
 
: 
 
-
, - ,
, - -
 
 -
, , 
-  
 : 
 - ,  
, 
 
 - ,  
, 
, -
 
317

MM3168 
 
, 
, 
, , 
, 
, 
, , , , 
, , 
-
-  
, , 
 
 
 ,
 
 
 
 
318

MM3169 
 
 
 
 
 
 
 
.  
 
 
- ;  
 
- ? 
  
 
 
 
 
 
:  
 
 
 
319

MM3169 
. 
 
-
 
 
- 
i - , , 
 
ii  
iii  
iv  
v  
 
 , -
, 
 
 
***** 
320

MM3169 
. 
-I 
- 
  
  
 
1 -  5733 100%  
2  4598 100%  
3 
 
2556 100%  
4  4320 100%  
5 
 
2135 20%  
6 
 
9976 100%  
7 
 
8377 100%  
8  8377 100%  
9 -
 
14603 100%  
10 
 
34426 82%  
11 -
 
41763 78%  
12  833 100%  
13  5078 100%  
14  7583 100%  
15 
 
52854 100%  
16 -
 
14005 100%  
17 -
 
14005 100%  
321

MM3169 
18 4471 100% 
19 -  3805 100%  
20  4598 100%  
21 
 
23536 100%  
22  87031 15%  
23 
 
56500 50% 
 
24 - -
 
29006 50%  
25 - - -
 
29931 40%  
26 
,
 
64035 20%  
27 
 
99630 90%  
28 -  78124 5% 
 
 
29 -
 
24839 90%  
30 -
 
24963 90%  
 
 
322

 
  
 
03.2020  
 
 
  
 
 
 
   
 
   
    
, ,   ; 
  
  ; 
  , ,  
;  
  
 
 - ? 
 
 
 
 
 
-
,  
323

 
( -
 
 
-
 
-
 
 
 
 
 
 
 
 
324

 
 
 
  
 
03.2020  
 
 
 
 
 
 
  
 
  
- ;  
  
- ? 
 
 
 
 
 
 
***** 
325

 
 
20
3171 
 
 
( - , - ,
,
8,317 454 , 
09 , 07
, ,
-  
  
 3,293 146 02 ,
, , 2019 299  
 
 5,024 307 07 ,
8 , 2019
672  
  
,
-  
 
   
  
1 -  2015-16 45.86 828.50 
2 -  2015-16 86.56 1431.90 
3 -
 
2018-19 107.00 1518.00 
 
, -
www.indianrailways.gov.in>Ministry of Railways>Railway 
Board>About Indian Railways>Railway Board Directorates>Finance 
(Budget)>Pink Book (year)>Railway-wise Works Machinery & Rolling Stock 
Programme(RSP)
  
 
326

 
 
372 2009-14
- , 2014-19
- %  
 
 
 
2009-14 , 53
7 , 36 11
 
 
 2014-19 , 89
6 18
, -
%  
 
327

 
  
 
03.2020  
 
 
  
 
 
 
  
 
  
; 
 , ; 
  
  ; 
 
 , ? 
 
 
 
 
 
,
,
 
 
328

 
 
 
  
 
03.2020  
 
 
  
 
 
 
  
 
  -  
; 
 -  ;  
  ? 
 
 
 
 
 
 
***** 
329

 
 20
3173 
 
     
-
, - , ,
,
- - I  
 
- -
II  
 
- -
%  
***** 
 
330

 
 20
3173 -I 
 
- -
 
( )  
  2016-17 2017-18 2018-19 
 148.43 157.62 158.49 
 20.42 27.73 23.74 
  32.51 30.51 70.17 
  31.89 37.38 45.46 
 250.03 259.06 286.05 
   26.61 21.01 35.73 
 59.48 39.38 60.29 
  40.69 23.66 47.96 
  20.37 29.44 39.89 
 173.28 176.76 199.34 
  106.98 127.22 753.26 
  55.52 57.41 61.58 
   8.54 10.56 7.83 
   69.74 71.22 67.95 
  70.26 98.18 148.58 
    45.55 38.82 58.69 
 1160.30 1205.96 2065.01 
  
 
 
 
 
331

20
3173 -II
(  - -  
                                                             (  
  
 
 
-2017-18  -2018-19 
1.           360,780 379,493 
2.                88,964 85,675 
3.  120,302 112,361 
4.               198,110 188,277 
5.          310,470 286,077 
6.  131,972 95,616 
7.            171,909 160,899 
8.       1,434,740 1,388,204 
9.             140,310 118,241 
10.              208,568 195,205 
11.            211,666 211,274 
12.            401,146 384,438 
13.            389,415 369,514 
14.            199,647 185,009 
15.  145,016 86,404 
16.          404,263 381,839 
17.  179,863 170,304 
18.  1,054,406 1,014,746 
19.             173,305 161,309 
20.  1,193,929 1,066,735 
21.  387,607 353,069 
22.  428,298 354,779 
23.              72,877 67,517 
24.            181,730 175,017 
25.              409,953 385,697 
26.  173,277 162,323 
27.  55,463,291 65,100,439 
28.  148,598 136,870 
29.  262,639 245,012 
30.              194,572 183,354 
31.  195,270 178,979 
32.             231,136 207,445 
33.  78,568 78,313 
34.           370,397 350,386 
332

35. 359,577 295,895
36. 146,430 141,151
37.         286,479 279,266 
38.             362,185 340,015 
39.             574,970 545,782 
40.             245,225 183,449 
41.     655,356 646,829 
42.  264,744 240,356 
43.             275,321 272,221 
44.        151,767 147,283 
45.  192,558 178,706 
46.              98,492 91,366 
47.  122,845 111,881 
48.  413,986 393,287 
49.  274,934 281,115 
50.                357,004 335,053 
51.              284,042 194,726 
52.              147,055 144,053 
53.  41,518 41,325 
54.  84,312 74,019 
55.             131,195 86,776 
56.              230,368 216,131 
57.               217,429 203,244 
58.        478,578 440,738 
59.  74,338 74,222 
60.        529,254 496,893 
61.  478,666 431,280 
62.              195,189 180,331 
63.          249,101 223,952 
64.             167,904 160,609 
65.  188,646 176,212 
66.            109,996 77,887 
67.  412,697 395,641 
68.               210,596 200,884 
69.         252,615 216,923 
70.  212,897 206,985 
  75,595,263 83,747,306 
 
     -
 
 
333

 
  
 
03.2020  
 
 
 
 
 
 
 
 
 
   
 ; 
 , ; 
   
 ;  
 ,   
, ? 
 
 
 
 
 
 
 
 
 
334

 
  
 
03.2020  
 
 
  
 
 
 
 
 
 
 
 
  ; 
 ,  
 -  
 ; 
  
 ; 
 ,   
;  
  
 ? 
 
 
 
 
( )  
 
335

 
, ,
 
 
 
, -
, 
 
 
) ( ): 
-
 
 
 
 
336

 
  
 
03.2020  
 
 
 
 
 
 
  
 
 
 
 ; 
 
;  
 , 
? 
 
 
 
 
 
 
 
***** 
337

,
 
 
, 
-
, - -
- 
 
(i)  , , -
,  
 
(ii)  
 
 
(iii)   ' ' 
 
 
(iv)  , , , 
 
 
(v)  , , , , , 
, 
 
 
(vi)  , , 
, -
-  
 
338

(vii)  -
- -  
' ' , , 
 
 
(viii)  - -
- , 
, 
, , -
 
 
(ix)  , , , , 
, 
  
 
(x)  
6
 
 
(xi)  , , 
, 
 
 
(xii)  , 
, 
 
 
(xiii)  
339

 
 
(xiv)  , 
 
 
(xv)  
, 
 
 
(xvi)  1010 
 
   
(xvii)  
 
 
(xviii)  , 
- , -
 
 
(xix)  , , -
 
 
(xx)  , 
, 
, 
 
   
(xxi)  , 
, , , , - , 
340

, 
 
   
 
- - - -  
 
, 
-
 
 
 
, 
 
 
 
, 
, ,
-
- -
,
 
 
341

 
  
 
03.2020  
 
 
 
 
 
 
 
 
 
; 
 , ; 
 
 - ? 
 
 
 
 
 
 
***** 
 
342

 03
77
 
 
,
-
,
-  
 
-  
-
 
 
-
- %
 
 
- - ,
- ,
-  
 
,  44,208
4,403 35
, 
-  
 
 28,428 2,502 20 , 
, 245 , 2019 3,755
 
 
 15,780 1,901 15
, , 435 , 2019
6,790  
343

(
 
835 2009-14
2014-19 , 2702 , 
2014-19 2009-14
224%  
2019-20
3,386
, 2009-14 306%  
 
 
 
- ,
,
 
 
- ,
, -
 
 
, 
, 
, , 
, 
, 
, , , , 
,  , 
 
***** 
 
344

345

346

347

348

भारत सरकार 
Ēामीण ͪवकास मंğालय 
Ēामीण ͪवकास ͪवभाग 
 
राÏय सभा 
अतारांͩकत Ĥæ न सं. 3181 
(20 माच[, 2020 को उ× तर Ǒदए जाने के ͧलए) 
Ēामीण पÈके  घरɉ का Ǔनमा[ण 
 
3181. डा॰ सिèमत पाğाः  
 
Èया Ēामीण ͪवकास मंğी यह बताने कȧ कृपा करɅगे ͩकः  
 
(क) देश मɅ ͪवगत पॉ ंच वषɟ मɅ Ǔनͧम[त नए Ēामीण पÈके  घरɉ का राÏय-वार Þयौरा Èया है; 
और 
(ख) इसके  ͧलए ͪवƣ पोषण का èवǾप Èया है? 
  
उ× तर 
Ēामीण ͪवकास मंğी 
(Įी नरेÛ ġ ͧसंह तोमर) 
(क):  देश मɅ ͪपछले पांच वषɟ के  दौरान Ĥधानमंğी आवास योजना – Ēामीण और पूव[वतȸ 
इंǑदरा आवास योजना (आईएवाई) के  अंतग[त  बनाए गए Ēामीण पÈ के मकानɉ का राÏ य-वार 
Þ यौरा अनुबंध मɅ Ǒदया गया है।  
 
(ख): पूव[वतȸ आईएवाई के  अंतग[त आवास èथलɉ के Ĥावधान के  घटक को छोड़कर इस 
योजना कȧ लागत मɅ भारत सरकार और राÏय सरकारɉ के  बीच साझेदारȣ का अनुपात 75:25 
था जबͩक पूवȾƣर राÏयɉ के मामले म Ʌ यह अनुपात 90:10 था। आवास èथलɉ के  Ĥावधान 
कȧ लागत मɅ भारत सरकार और रा Ïय सरकारɅ 50:50 के अनुपात मɅ साझेदारȣ करती थी। 
संघ राÏय ¢ेğɉ क े  मामले मɅ भारत सरकार पू
रȣ लागत का Ĥावधान करती थी।    
 
पुनग[Ǒठत पीएमएवाई-जी के अंतग [त केÛ ġ और रा Ï य सरकारɉ के बीच Ǔनͬधयɉ को साझा 
करने का पै टन[ मैदानी ¢ेğɉ मɅ 60:40 के  अनुपात मɅ जबͩक संघ रा Ï य ¢ेğ जà मू और 
कæ मीर तथा उ× तर-पूवȸ राÏ यɉ सǑहत पहाड़ी रा Ï यɉ मɅ Ǔनͬधयɉ को साझा करने का पैटन [ 
90:10 है। संघ राÏ य ¢ेğ लɮदाख सǑहत शेष संघ राÏ य ¢ेğɉ मɅ केÛ ġ सरकार ɮवारा 100 
ĤǓतशत सहायता उपलÞ ध कराई जाती है।        
***** 
349

अनुबंध  
Ēामीण पÈ क े  आवासɉ क े Ǔनमा[ण के संबंध मɅ राÏ य सभा मɅ Ǒदनांक 20.03.2020 को उ× तर Ǒदए 
जाने के ͧलए Ǔनयत अतारांͩकत Ĥæ न सं. 3181 क े भाग (क) क े  उ× तर मɅ उिãलͨखत ͪववरण:   
 
Ēामीण आवास योजना, पीएमएवाई-जी और पूव[वतȸ आईएवाई क े  तहत ͪवगत पांच वषɟ और वत[मान 
वष[ क े दौरान बनाए गए मकान 
(मकानɉ कȧ संÉ या) 
Đ. सं. राÏ य  2015-16 2016-17 2017-18 2018-19 2019-20 
1 अǽणाचल Ĥदेश 1 0 0 85 168 
2 असम 71803 249698 55404 163918 61063 
3 ǒबहार 277298 688870 312763 715570 345981 
4 छƣीसगढ 23845 124964 377030 341439 33520 
5 गोवा 27 594 7 28 187 
6 गुजरात 39747 39840 99837 84437 26578 
7 हǐरयाणा 12939 16859 10904 7201 5021 
8 Ǒहमाचल Ĥदेश 3031 4461 3910 3151 352 
9 जàमू और कæमीर 1981 3136 2221 14919 4905 
10 झारखंड 29234 142454 197002 284463 138319 
11 के रल 50637 71053 19166 15640 744 
12 मÚय Ĥदेश 18957 367284 662700 705949 237477 
13 महाराçĚ 120251 136818 187932 230198 67779 
14 मͨणपुर 96 869 932 7663 822 
15 मेघालय 863 7046 2544 12347 4878 
16 ͧमजोरम 378 537 1631 925 436 
17 नागालɇड 628 933 14 17 1929 
18 ओͫडशा 275444 76319 450710 409472 302296 
19 पंजाब 627 2462 1303 12794 273 
20 राजèथान  64719 107858 337557 335884 120928 
21 ͧसिÈकम 213 753 563 863 30 
22 तͧमलनाडु 28537 144892 170265 122836 44564 
23 ǒğपुरा 6248 7080 4994 22754 3823 
24 उƣर Ĥदेश 159905 478246 818701 429906 161617 
25 उƣराखंड 7748 8711 7666 5970 191 
26 पिæचम बंगाल 358368 421046 642780 742391 126400 
27 अÖडमान और Ǔनकोबार ɮवीप समूह 0 0 0 1 284 
28 दादरा और नागर हवेलȣ 0 0 1 197 216 
29 दमन और दȣव 0 0 6 7 0 
30 ल¢ɮवीप 0 0 0 0 3 
31 पुदुचेरȣ 0 0 0 0 0 
32 आंĢ Ĥदेश 65091 30680 27358 18679 0 
33 कना[टक 157837 77225 58682 43764 2493 
34 तेलंगाना 45763 2759 0 0 0 
  कुल 18,22,216 32,13,447 44,54,583 47,33,468 16,93,277 
İोत: आवाससॉÝट पर Ǒदनांक 17.03.2020 तक कȧ ए1 ǐरपोट[          
350

भारत सरकार 
Ēामीण ͪवकास मंğालय 
Ēामीण ͪवकास ͪवभाग 
 
राÏय सभा 
अतारांͩकत Ĥæ न सं. 3182 
(20 माच[, 2020 को उ× तर Ǒदए जाने के ͧलए) 
ǒबहार मɅ Ĥधान मंğी Ēाम सड़क योजना के  अंतग[त सड़कɉ का Ǔनमा[ण 
 
3182. Įी सतीश चंġ दुबेः  
 
Èया Ēामीण ͪवकास मंğी यह बताने कȧ कृपा करɅगे ͩकः 
 
(क) Ĥधान मंğी Ēाम सड़क योजना (पीएमजीएसवाई) के  तहत ǒबहार राÏय मɅ अब तक 
ͩकतने ĤǓतशत सड़कɉ का Ǔनमा[ण ͩकया गया है; और  
(ख) त×संबंधी िजला-वार Þयौरा Èया है? 
 
उ× तर 
Ēामीण ͪवकास मंğी 
(Įी नरेÛ ġ ͧसंह तोमर) 
 
(क) और (ख) ǒबहार राÏय मɅ Ĥधान मंğी Ēाम सड़क योजना (पीएमजीएसवाई) कȧ शुǾआत 
से 17 माच[, 2020 तक, योजना के ͪवͧभÛन काय[कलापɉ/घटकɉ के अंतग[त कुल 59,530.69 
ͩकलोमीटर सड़कɅ èवीकृत कȧ गई हɇ। राÏय से ĤाÜत ǐरपोटɟ के  अनुसार 17 माच[, 2020 तक 
51,793.97 ͩकलोमीटर सड़कɉ का Ǔनमा[ण काय[ पूरा हो गया है , जोͩक èवीकृत सड़कɉ कȧ 
कुल लंबाई का 87 ĤǓतशत है। िजला-वार Þयौरा अनुबंध मɅ Ǒदया गया है।   
  
351

अनुबंध 
राÏय सभा मɅ Ǒदनांक 20.03.2020 को उƣर Ǒदए जाने के  ͧलए Ǔनयत अतारांͩकत Ĥæन संÉया 3182 के  भाग 
(क) से (ख) के उƣर मɅ उिãलͨखत अनुबंध  
ǒबहार मɅ पीएमजीएसवाई के अंतग[त Ǔनͧम[त सड़क लंबाई का िजला-वार Þयौरा 
Đ.सं. िजले का नाम èवीकृत सड़क लंबाई Ǔनͧम[त सड़क लंबाई Ǔनͧम[त% 
1 2 3 4 5 (3/4x100) 
1 अरǐरया 1,972.65 1,598.49 81.03 
2 अरवल 366.91 321.81 87.71 
3 औरंगाबाद 2,846.88 2,575.21 90.46 
4 बांका 1,793.11 1,626.37 90.70 
5 बेगूसराय 814.02 705.66 86.69 
6 भागलपुर 1,428.09 1,276.62 89.39 
7 भोजपुर 1,132.48 1,050.77 92.78 
8 बÈसर 1,104.10 1,041.94 94.37 
9 छपरा (सरन) 2,147.89 2,003.76 93.29 
10 दरभंगा 1,544.63 1,214.08 78.60 
11 पूवȸ चंपारण 2,675.74 2,368.54 88.52 
12 गया 3,395.25 2,911.62 85.76 
13 गोपालगंज 1,177.88 1,136.65 96.50 
14 जहानाबाद 601.35 542.01 90.13 
15 जमु
ई 2,286.90 1,799.62 78.69 
16 क ै मू
र (भभुआ) 2,211.52 1,803.18 81.54 
17 कǑटहार 1,462.06 1,267.56 86.70 
18 खगǐरया 601.08 460.56 76.62 
19 ͩकशनगंज 1,498.49 1,193.41 79.64 
20 लखीसराय 592.12 467.97 79.03 
21 मधेपुरा 857.79 733.87 85.55 
22 मधुबनी 2,267.47 1,812.64 79.94 
23 मुंगेर 515.38 441.37 85.64 
24 मु
जÝफरपुर 2,803.55 2,363.07 84.29 
25 नालंदा 1,415.04 1,246.30 88.08 
26 नवादा 2,010.42 1,549.33 77.07 
27 पटना 1,848.23 1,635.52 88.49 
28 पूͨण[या 2,295.02 2,060.93 89.80 
29 रोहतास 2,268.24 1,947.74 85.87 
30 सहरसा 737.07 608.03 82.49 
31 समèतीपुर 1,963.09 1,833.48 93.40 
32 शेखपुरा 333.60 276.48 82.88 
352

33 ͧशवहर 338.84 291.87 86.14 
34 सीतामढ़ȣ 1,796.67 1,641.06 91.34 
35 ͧसवान 1,553.75 1,451.23 93.40 
36 सुपौल 699.17 645.49 92.32 
37 वैशालȣ 1,663.82 1,496.54 89.95 
38 पिæचम चंपारण 2,510.42 2,393.20 95.33 
    59,530.69 51,793.97 87.00 
 
  
  
353

354

355

भारत सरकार 
Ēामीण ͪवकास मंğालय 
Ēामीण ͪवकास ͪवभाग 
  
राÏय सभा 
अतारांͩकत Ĥæ न सं. 3184 
(20 माच[, 2020 को उ× तर Ǒदए जाने के ͧलए) 
आंĢ Ĥदेश मɅ Ēामीण ¢ेğɉ मɅ िèथत सड़कɉ का उÛनयन ͩकया जाना 
 
3184. Įी कनकमेदला रवींġ कुमारः  
 
Èया Ēामीण ͪवकास मंğी यह बताने कȧ कृपा करɅगे ͩकः 
 
(क) Èया सरकार ने आं Ģ Ĥदेश के  Ēामीण ¢ेğɉ मɅ िèथत सड़कɉ कȧ िèथǓत कȧ åयापक 
समी¢ा कȧ है;  
(ख) यǑद हां, तो त×संबंधी Þयौरा Èया है;  
(ग) Èया सरकार के  पास आंĢ Ĥदेश के Ēामीण ¢ेğɉ मɅ मौजूद सड़कɉ को बारहमासी सड़कɉ 
के Ǿप मɅ पǐरवǓत[त करने कȧ कोई योजना है;  
(घ) यǑद हां, तो त×संबंधी Þयौरा Èया है; और  
(ङ) यǑद नहȣं, तो इसके Èया कारण हɇ? 
 
उ× तर 
Ēामीण ͪवकास मंğी 
(Įी नरेÛ ġ ͧसंह तोमर) 
 
(क) और (ख) Ēामीण सड़कɅ रा Ïय का ͪवषय है और Ĥधान मं ğी Ēाम सड़क योजना 
(पीएमजीएसवाइ) कोर नेटवक[ मɅ मैदानी ¢ेğɉ मɅ 500+ और ͪवशेष Įेणी के  राÏयɉ, मǽभूͧम, 
जनजातीय एवं ͪपछड़े िजलɉ मɅ 250+ आबादȣ (वष[ 2011 कȧ जनगणना के अनुसार) वालȣ 
पाğ संपक[ͪवहȣन बसावटɉ को बारहमासी सड़क ɮवारा सड़क सं पक[ता उपलÞध कराने वाला 
एकबारगी ͪवशेष काय[Đम है। पीएमजीएसवाई के अंतग [त Ēामीण सड़कɉ के  काया[Ûवयन कȧ 
ĤगǓत कȧ Ǔनयͧमत समी¢ा राÏयɉ के साथ ¢ेğीय समी¢ा बैठकɉ (आरआरएम), Ǔनçपादन 
समी¢ा सͧमͧम (पीआरसी) कȧ बैठकɉ, पूव[ अͬधकार ĤाÜत/अͬधकार ĤाÜत सͧमǓत कȧ बैठकɉ 
मɅ कȧ जाती है। िजला èतर पर संसद सदèय कȧ अÚय¢ता मɅ गǑठत िजला ͪवकास समÛवय 
और Ǔनगरानी सͧमǓत (Ǒदशा) पीएमजीएसवाई सǑहत भारत सरकार कȧ ͪवͧभÛन योजनाओं के 
356

काया[Ûवयन क ȧ Ǔनगरानी करती है। इसके अ ǓतǐरÈत स ͬचव/अपर स ͬचव/संयुÈत स ͬचव, 
Ēामीण ͪवकास मंğालय राÏयɉ के  मुÉय सͬचवɉ के  साथ ͪवशेष समी¢ा बैठकɉ का आयोजन 
भी करते हɇ। हाल ह ȣ मɅ 17-18 Ǒदसंबर, 2019 को पीएमजीएसवाई पर आयोिजत रा çĚȣय 
काय[शाला और 19-20 Ǒदसंबर, 2019 को आयोिजत पीआरसी बैठक तथा 7 नवंबर, 2019 
को आयोिजत आरआरएम मɅ इस काय[Đम के  काया[Ûवयन कȧ ĤगǓत कȧ िèथǓत कȧ समी¢ा 
कȧ गई है।  
(ग) से (ड.) जी हां। आंĢ Ĥदेश क े  Ēामीण ¢ेğɉ मɅ सभी बारहमासी सड़क ɉ के Ǔनमा[ण एवं 
उÛनयन के  ͧलए पीएमजीएसवाई के ͪवͧभÛन काय [कलापɉ/घटकɉ के अंतग [त आं Ģ Ĥदेश 
सरकार को 17,540.56 ͩकलोमीटर सड़कɅ èवीकृत कȧ गई हɇ। इसमɅ पीएमजीएसवाई-।।। के 
अंतग[त 3285 ͩकलोमीटर के लêय मɅ से èवीकृत 936 ͩकलोमीटर सड़कɅ शाͧमल हɇ। राÏय 
ने अब तक 14,498.04 ͩकलोमीटर सड़कɉ का Ǔनमा[ण काय[ पूरा कर ͧलया है।     
 
357

भारत सरकार 
Ēामीण ͪवकास मंğालय 
Ēामीण ͪवकास ͪवभाग 
 
राÏय सभा 
अतारांͩकत Ĥæ न सं. 3185 
(20 माच[, 2020 को उ× तर Ǒदए जाने के ͧलए) 
Ĥधान मंğी Ēाम सड़क योजना के  अंतग[त सड़कɉ का Ǔनमा[ण 
 
3185. Įी डी॰ कुपेÛġ रेɬडीः  
 
Èया Ēामीण ͪवकास मंğी यह बताने कȧ कृपा करɅगे ͩकः  
 
(क) ͪवगत तीन वष ɟ और चाल ू वष [ के दौरान Ĥधान मं ğी Ēाम सड़क योजना 
(पीएमजीएसवाई) के अंतग[त Ēामीण ¢ेğɉ मɅ बनायी गयी सड़कɉ का राÏय-वार Þयौरा Èया है; 
(ख) Èया ये सड़कɅ गुणवƣा कȧ Ǻिçट से उपयुÈत नहȣं हɇ और इनकȧ बार-बार मरàमत करनी 
पड़ती है; और  
(ग) यǑद हां, तो त×संबंधी Þयौरा Èया है और इसके Èया कारण हɇ? 
   
उ× तर 
Ēामीण ͪवकास मंğी 
(Įी नरेÛ ġ ͧसंह तोमर)  
(क) ͪपछले तीन वष ɟ और वत [मान वष[ के दौरान Ēामीण ¢ेğɉ मɅ Ĥधान मंğी Ēाम सड़क 
योजना (पीएमजीएसवाई) के अंतग[त बनाई गई सड़कɉ का Þयौरा अनुबंध-। मɅ दशा[या गया है।  
 
(ख) और (ग) पीएमजीएसवाई काय [Đम के Ǒदशा-Ǔनदȶशɉ के  अनुसार पीएमजीएसवाई के 
अंतग[त Ǔनͧम[त सड़क कायɟ के संबंध म Ʌ गु
णवƣा और Ǔनधा[ǐरत मानदंडɉ का अन ु
पालन 
सुǓनिæचत करना संबंͬधत राÏय सरकारɉ कȧ िजàमेदारȣ है, जो इस काय[Đम का काया[Ûवयन 
कर रहȣ हɇ। सभी पीएमजीएसवाई सड़क ɉ का ͫडजाइन इंͫडयन रोड कां Ēेस (आईआरसी) के 
संगत Ǒदशा-Ǔनदȶशɉ के अनुसार तैयार ͩकया जाता है। Ēामीण ͪवकास मंğालय/राçĚȣय Ēामीण 
अवसंरचना ͪवकास एज Ʌसी (एनआरआईडीए) Ǔनमा[ण काय[ èतर पर ग ुणवƣा Ǔनयंğण 
ĤͩĐयाओं के ͪवǓनयमन के ͧलए गुणवƣा Ǔनयंğण संबंधी Ǒदशा-Ǔनदȶश जारȣ करते ह ɇ और 
गुणवƣा आæवासन पु
िèतका ͪवǓनǑद[çट करते ह ɇ। गु
णवƣापूण[ सड़क काय ɟ का Ǔनमा[ण और 
पीएमजीएसवाई के अंतग [त सड़क पǐरसंपͪƣयɉ का èथाǓय×व सुǓनिæचत करने के ͧलए तीन 
358

èतरɉ वाल ȣ स ुåयविèथत ग ुणवƣा Ǔनयंğण åयवèथा है। पहले èतर के अंतग [त काय [Đम 
काया[Ûवयनकता[ एककɉ को ¢ेğीय Ĥयोगशाला मɅ साम Ēी और कार ȣगरȣ संबंधी अ Ǔनवाय[ 
परȣ¢णɉ के माÚयम से ĤͩĐया Ǔनयंğण सुǓनिæचत करना होता है। Ǔनमा[ण कायɟ के शुǾआती 
चरण, मÚयवतȸ चरण और अं Ǔतम चरण मɅ Ĥ×येक काय[ का Ǔनरȣ¢ण सुǓनिæचत करने के 
ͧलए राÏय गुणवƣा Ǔनगारानीकता[ओं (एसÈयू
एम) के  माÚयम से राÏय èतर पर सुåयविèथत 
èवतंğ गुणवƣा Ǔनगरानी दूसरा èतर है। कायɟ के रɇडम Ǔनरȣ¢ण ɮवारा गुणवƣा कȧ Ǔनगरानी 
और ¢ेğीय कͧम[यɉ को माग[दश[न Ĥदान करने के ͧलए सड़क के ͧलए èवतंğ राçĚȣय गु
णवƣा 
Ǔनगरानीकता[ तीसरे èतर के  अंतग[त तैनात ͩकए जाते हɇ।  
 
जब कभी एनÈयूएम कȧ ǐरपोट[ मɅ ͩकसी काय[ को संरचनागत एवं गैर संरचनागत दोनɉ Ĥकार 
के दोषɉ के  कारण दोषपूण[ पाया जाता है तब पीआईयू
 को यह सुǓनिæचत करना होता है ͩक 
ठेके दार यथािèथǓत सामĒी मɅ बदलाव करे या कार ȣगरȣ संबंधी दोष को द ूर करे। ऐसे Ĥ×येक 
काय[ के संबंध मɅ कȧ गई कार[वाई ǐरपोट[ (एटȣआर) का जमीनी èतर पर स×यापन एसÈयूएम 
करते हɇ। त×पæचात राÏय गु
णवƣा समÛवयकता[ (एसÈयू
सी) ऐसे Ĥ×येक काय[ कȧ एटȣआर कȧ 
जाँच करके काय[Đम Ĥबंधन सूचना Ĥणालȣ (एमआईएस)-ऑनलाइन Ĥबंधन Ǔनगरानी और 
लेखांकन Ĥणालȣ (ओएमएमएएस) के माÚयम से अनु
पालन ǐरपोट[ Ĥèतुत करते हɇ। एनÈयूएम 
कȧ ǑटÜपͨणयɉ के अन ु
पालन मɅ तेजी लाने के ͧलए ऐसे Ĥ×येक काय[ के संबंध म Ʌ कȧ गई 
कार[वाई ǐरपोट[ को वेब आधाǐरत काय[Đम के माÚयम से अपलोड करने और उसकȧ Ǔनगरानी 
करने के  Ĥावधान ͩकए गए हɇ।  
  
शुǽआती पाँच वषɟ मɅ पीएमजीएसवाई कायɟ का Ǔनयͧमत रख-रखाव वहȣ ठेकेदार करता है , 
जो उस सड़क का Ǔनमा[ण ͩकया है। इन सड़को कȧ पंचवषȸय Ǔनçपादन गारंटȣ अवͬध के  बाद 
इसके  रखरखाव क ȧ िज àमेदारȣ संबं ͬधत रा Ïय सरकार ɉ क ȧ होती है।  इन सड़क ɉ का 
नवीकरण/उÛनयन राÏय सरकारɉ को èवंय अपने बजट से करना होता है। इसͧलए मरàमत 
के आंकड़Ʌ कɅ ġ सरकार क े èतर पर नहȣं रखे जाते हɇ।  
 
ͪपछले तीन वषɟ और वत[मान वष[ के दौरान Ǔनͧम[त सड़क कायɟ, Ǔनमा[णाधीन सड़क कायɟ 
और रखरखाव कायɟ मɅ से ‘असंतोषजनक’ पाए गए कायɟ क े  ĤǓतशत का ͪववरण अनुबंध-II 
मɅ Ǒदया गया है।     
359

 
  
अनुबंध-I 
राÏय सभा मɅ 20.03.2020 को उƣर Ǒदए जाने के ͧलए Ǔनयत अतारांͩकत Ĥæन संÉया 3185 के भाग(क) के  उƣर मɅ 
उिãलͨखत अनुबंध 
ͪपछले तीन वषɟ और वत[मान वष[ के  दौरान Ǔनͧम[त सड़क लंबाई  
Đ.सं. राÏय का नाम 2016-17 2017-18 2018-19 2019-20 
1 अंडमान व नोकोबार ɮवीप समूह 0 0 0 0 
2 आंĢ Ĥदेश 733.55 154.057 336.73 276.094 
3 अǽणाचल Ĥदेश 1,360.51 1,132.02 1,317.64 1,212.31 
4 असम 929.515 1,618.63 4,300.53 2,994.90 
5 ǒबहार 6,597.91 5,221.59 4225.633 606.073 
6 छƣीसगढ़ 1,019.57 1,901.49 3,112.36 1,777.10 
7 गोवा 0 0 0 0 
8 गुजरात 211.875 50.306 14.39 0 
9 हǐरयाणा 62.845 38.28 4.95 0 
10 Ǒहमाचल Ĥदेश 1,429.27 1,772.53 1,334.35 1,013.65 
11 जàमू और कæमीर 1,785.16 1,804.54 1,622.20 1,308.31 
12 झारखंड 3,119.52 4,519.15 3,571.62 933.951 
13 कना[टक 908.14 47.93 6.36 6 
14 केरल 314.327 372.971 314.466 109.583 
15 मÚय Ĥदेश 5,081.97 5,222.453 4,520.84 1,820.97 
16 महाराçĚ 2,000.70 569.758 266.828 111.486 
17 मͨणपुर 1,485.85 731.199 852.235 575.595 
18 मेघालय 368.865 150.329 211.424 218.258 
19 ͧमजोरम 298.08 237.132 266.585 293.57 
20 नागालɇड 395 85 208.99 183.2 
21 ओͫडशा 5,796.93 7,175.61 8,151.30 4,916.92 
22 पंजाब 586.53 851.75 246.775 28.98 
23 राजèथान  3,113.10 3,253.05 2,528.27 83.974 
24 ͧसिÈकम 247.422 419.155 351.919 68.215 
25 तͧमलनाडु  883.189 1,611.36 2,166.86 1,007.37 
26 तेलंगाना 408.644 302.929 381.195 198.518 
27 ǒğपुरा 405.622 313.138 169.087 76.697 
28 उƣर Ĥदेश 3,095.25 4,106.46 1,688.27 362.53 
29 उƣराखंड 1,989.32 1,839.11 1,756.27 1,682.24 
30 पिæचम बंगाल 2,825.53 3,213.11 5,111.22 2,049.16 
कुल 47,454.175 48,715.027 49,039.287 23,915.67 
  
360

     
अनुबंध-II 
राÏय सभा मɅ 20.03.2020 को उƣर Ǒदए जाने के  ͧलए Ǔनयत अतारांͩकत Ĥæन संÉया 3185 के भाग(ख) से 
(ग) के  उƣर मɅ उिãलͨखत अनुबंध 
राçĚȣय गुणवƣा Ǔनगरानीकता[ [एनÈयूएम] राÏय-वार ͬĒͫडंग सार ǐरपोट[ (2016-17) 
    Ǔनͧम[त काय[ Ǔनमा[णाधीन काय[ रखरखाव काय[ पुल काय[  
Đ.
सं. 
राÏय कु
ल 
असंतोषज
नक 
असंतोषज
नक % 
कुल असंतोषज
नक 
असंतोषज
नक % 
कुल असंतोषज
नक 
असंतोषज
नक % 
कु
ल 
असंतोषज
नक 
असंतोषज
नक % 
1 आंĢ 
Ĥदेश 
9 0 0.00% 25 1 4.00% 17 0 0.00% 2 0 0.00% 
2 अǽणाच
ल Ĥदेश 
5 0 0.00% 38 17 44.74% 10 6 60.00% 2 0 0.00% 
3 असम 49 9 18.37% 238 42 17.65% 266 115 43.23% 11
9 
4 3.36% 
4 ǒबहार 26
8 
32 11.94% 805 133 16.52% 335 103 30.75% 10
1 
5 4.95% 
5 छƣीसग
ढ़ 
43 3 6.98% 73 3 4.11% 135 23 17.04% 56 0 0.00% 
6 गुजरात 7 0 0.00% 10 3 30.00% 22 7 31.82% 1 0 0.00% 
7 Ǒहमाचल 
Ĥदेश 
25 3 12.00% 116 13 11.21% 25 10 40.00% 10 0 0.00% 
8 जàमू 
और 
कæमीर 
24 2 8.33% 47 1 2.13% 22 7 31.82% 6 1 16.67% 
9 झारखंड 26 1 3.85% 482 81 16.80% 239 89 37.24% 48 3 6.25% 
10 कना[टक 8 0 0.00% 17 3 17.65% 60 11 18.33% 5 0 0.00% 
11 क े रल 14 0 0.00% 74 4 5.41% 44 10 22.73% 0 0 0.00% 
12 मÚय 
Ĥदेश 
40 0 0.00% 386 8 2.07% 180 14 7.78% 56 0 0.00% 
13 महाराçĚ 4 0 0.00% 103 6 5.83% 77 14 18.18% 37 0 0.00% 
14 मͨणपुर 8 1 12.50% 46 4 8.70% 16 0 0.00% 1 0 0.00% 
361

15 मेघालय 1 0 0.00% 73 11 15.07% 3 2 66.67% 4 0 0.00% 
16 ͧमजोरम 5 0 0.00% 9 2 22.22% 1 0 0.00% 0 0 0.00% 
17 नागालɇड 1 0 0.00% 3 3 100.00% 0 0 0.00% 0 0 0.00% 
18 ओͫडशा 11
9 
7 5.88% 691 73 10.56% 94 16 17.02% 52 0 0.00% 
19 पंजाब 6 0 0.00% 79 1 1.27% 20 1 5.00% 1 0 0.00% 
20 राजèथा
न  
30 0 0.00% 202 17 8.42% 130 21 16.15% 0 0 0.00% 
21 ͧसिÈक
म 
4 0 0.00% 38 3 7.89% 3 1 33.33% 8 1 12.50% 
22 तͧमल
नाडु  
10 1 10.00% 120 4 3.33% 53 4 7.55% 2 0 0.00% 
23 तेलंगाना 2 0 0.00% 37 2 5.41% 30 7 23.33% 16 0 0.00% 
24 ǒğपुरा 9 0 0.00% 57 4 7.02% 25 6 24.00% 4 0 0.00% 
25 उƣर 
Ĥदेश 
29 3 10.34% 163 7 4.29% 119 39 32.77% 0 0 0.00% 
26 उƣराखं
ड 
11 0 0.00% 75 11 14.67% 28 19 67.86% 4 0 0.00% 
27 पिæचम 
बंगाल 
24 2 8.33% 226 19 8.41% 136 29 21.32% 0 0 0.00% 
  कुल 78
1 
64 8.19% 4,23
3 
476 11.24% 2,09
0 
554 26.51% 53
5 
14 2.62% 
362

 
  
राçĚȣय गुणवƣा Ǔनगरानीकता[ [एनÈयूएम] राÏय-वार ͬĒͫडंग सार ǐरपोट[ (2017-18) 
    Ǔनͧम[त काय[ Ǔनमा[णाधीन काय[ रखरखाव काय[ पुल काय[  
Đ.
सं. 
राÏय कु
ल 
असंतोषज
नक 
असंतोषज
नक % 
कुल असंतोषज
नक 
असंतोषज
नक % 
कुल असंतोषज
नक 
असंतोषज
नक % 
कु
ल 
असंतोषज
नक 
असंतोषज
नक % 
1 आंĢ 
Ĥदेश 
2 0 0.00% 19 0 0.00% 59 7 11.86% 4 0 0.00% 
2 अǽणाचल 
Ĥदेश 
3 1 33.33% 55 9 16.36% 24 17 70.83% 1 0 0.00% 
3 असम 16 1 6.25% 203 35 17.24% 171 90 52.63% 48 0 0.00% 
4 ǒबहार 17
6 
30 17.05% 600 89 14.83% 455 245 53.85% 36 2 5.56% 
5 छƣीसगढ़ 15 1 6.67% 221 3 1.36% 80 11 13.75% 10
4 
0 0.00% 
6 गुजरात 0 0 0.00% 7 0 0.00% 26 1 3.85% 8 0 0.00% 
7 हǐरयाणा 1 0 0.00% 3 0 0.00% 8 1 12.50% 0 0 0.00% 
8 Ǒहमाचल 
Ĥदेश 
11 1 9.09% 177 10 5.65% 32 12 37.50% 24 0 0.00% 
9 जàमू 
और 
कæमीर 
27 1 3.70% 134 5 3.73% 16 11 68.75% 18 0 0.00% 
10 झारखंड 26 2 7.69% 593 48 8.09% 113 43 38.05% 47 0 0.00% 
11 केरल 9 2 22.22% 66 7 10.61% 43 5 11.63% 1 0 0.00% 
12 मÚय 
Ĥदेश 
14
6 
0 0.00% 811 23 2.84% 440 19 4.32% 16
0 
0 0.00% 
13 महाराçĚ 10 0 0.00% 21 3 14.29% 68 23 33.82% 32 0 0.00% 
14 मͨणपुर 2 0 0.00% 61 5 8.20% 21 10 47.62% 1 0 0.00% 
15 मेघालय 20 1 5.00% 55 3 5.45% 10 0 0.00% 4 0 0.00% 
363

16 ͧमजोरम 2 2 100.00% 13 2 15.38% 5 3 60.00% 0 0 0.00% 
17 ओͫडशा 44 2 4.55% 732 47 6.42% 155 40 25.81% 22 0 0.00% 
18 पंजाब 7 0 0.00% 74 1 1.35% 23 5 21.74% 6 0 0.00% 
19 राजèथान 31
0 
22 7.10% 276 22 7.97% 342 97 28.36% 0 0 0.00% 
20 ͧसिÈकम 1 0 0.00% 64 5 7.81% 8 5 62.50% 3 0 0.00% 
21 तͧमलनाडु  12
7 
4 3.15% 195 6 3.08% 151 31 20.53% 14 0 0.00% 
22 तेलंगाना 9 0 0.00% 33 3 9.09% 47 15 31.91% 20 0 0.00% 
23 ǒğपुरा 5 1 20.00% 31 4 12.90% 28 4 14.29% 2 0 0.00% 
24 उƣर 
Ĥदेश 
16 2 12.50% 279 12 4.30% 191 50 26.18% 1 0 0.00% 
25 उƣराखंड 4 0 0.00% 69 6 8.70% 21 11 52.38% 1 0 0.00% 
26 पिæचम 
बंगाल 
16 2 12.50% 207 21 10.14% 114 26 22.81% 0 0 0.00% 
  कुल 1,
00
5 
75 7.46% 4,99
9 
369 7.38% 2,65
1 
782 29.50% 55
7 
2 0.36% 
364

 
राçĚȣय गुणवƣा Ǔनगरानीकता[ [एनÈयूएम] राÏय-वार ͬĒͫडंग सार ǐरपोट[ (2018-19) 
    Ǔनͧम[त काय[ Ǔनमा[णाधीन काय[ रखरखाव काय[ पुल काय[  
Đ.सं
. 
राÏय कुल असंतोष
जनक 
असंतोषजन
क % 
कुल  असंतोषजन
क 
असंतोषजन
क % 
कुल  असंतोष
जनक 
असंतोषजनक 
% 
कुल असंतोषज
नक 
असंतोषजन
क % 
1 आंĢ Ĥदेश 7 0 0.00% 44 2 4.55% 90 15 16.67% 56 0 0.00% 
2 अǽणाचल 
Ĥदेश 
12 3 25.00% 94 20 21.28% 63 47 74.60% 22 0 0.00% 
3 असम 49 5 10.20% 482 43 8.92% 58 31 53.45% 10 0 0.00% 
4 ǒबहार 167 12 7.19% 485 51 10.52% 286 113 39.51% 82 6 7.32% 
5 छƣीसगढ़ 11 0 0.00% 354 5 1.41% 151 14 9.27% 91 0 0.00% 
6 गुजरात 4 0 0.00% 0 0 0.00% 34 11 32.35% 0 0 0.00% 
7 हǐरयाणा 0 0 0.00% 1 0 0.00% 12 0 0.00% 0 0 0.00% 
8 Ǒहमाचल 
Ĥदेश 
29 1 3.45% 169 16 9.47% 31 9 29.03% 10 0 0.00% 
9 जàमू और 
कæमीर 
24 0 0.00% 215 8 3.72% 19 8 42.11% 4 0 0.00% 
10 झारखंड 63 3 4.76% 502 62 12.35% 131 46 35.11% 37 0 0.00% 
11 कना[टक 0 0 0.00% 0 0 0.00% 32 5 15.63% 0 0 0.00% 
12 केरल 21 4 19.05% 94 9 9.57% 132 18 13.64% 0 0 0.00% 
13 मÚय Ĥदेश 42 0 0.00% 408 3 0.74% 280 15 5.36% 78 0 0.00% 
14 महाराçĚ 1 0 0.00% 27 1 3.70% 36 13 36.11% 24 2 8.33% 
15 मͨणपुर 12 4 33.33% 86 14 16.28% 33 9 27.27% 9 0 0.00% 
16 मेघालय 15 0 0.00% 56 9 16.07% 22 2 9.09% 11 0 0.00% 
17 ͧमजोरम 2 0 0.00% 45 6 13.33% 1 1 100.00% 0 0 0.00% 
18 नागालɇड 1 0 0.00% 14 8 57.14% 5 1 20.00% 0 0 0.00% 
365

19 ओͫडशा 71 7 9.86% 884 53 6.00% 160 39 24.38% 20 0 0.00% 
20 पंजाब 8 0 0.00% 46 0 0.00% 34 1 2.94% 1 1 100.00% 
21 राजèथान  49 1 2.04% 335 22 6.57% 132 21 15.91% 9 0 0.00% 
22 ͧसिÈकम 1 0 0.00% 112 15 13.39% 26 4 15.38% 3 0 0.00% 
23 तͧमलनाडु  47 2 4.26% 324 7 2.16% 142 28 19.72% 13 0 0.00% 
24 तेलंगाना 7 0 0.00% 33 1 3.03% 25 16 64.00% 65 0 0.00% 
25 ǒğपुरा 4 0 0.00% 44 11 25.00% 43 6 13.95% 2 1 50.00% 
26 उƣर Ĥदेश 62 1 1.61% 101 7 6.93% 167 30 17.96% 0 0 0.00% 
27 उƣराखंड 9 0 0.00% 199 23 11.56% 74 34 45.95% 11 0 0.00% 
28 पिæचम 
बंगाल 
38 0 0.00% 558 28 5.02% 116 31 26.72% 0 0 0.00% 
  कुल 756 43 5.69% 5,71
2 
424 7.42% 2,33
5 
568 24.33% 558 10 1.79% 
366

 
राçĚȣय गुणवƣा Ǔनगरानीकता[ [एनÈयूएम] राÏय-वार ͬĒͫडंग सार ǐरपोट[ (2019-20) 
    Ǔनͧम[त काय[ Ǔनमा[णाधीन काय[ रखरखाव काय[ पुल काय[  
Đ.सं
. 
राÏय कुल असंतोषज
नक 
असंतोषजनक 
% 
कुल असंतोषज
नक 
असंतोषजनक 
% 
कुल असंतोषज
नक 
असंतोषजनक 
% 
कुल असंतोष
जनक 
असंतोषजन
क % 
1 आंĢ Ĥदेश 21 0 0.00% 84 6 7.14% 119 33 27.73% 65 2 3.08% 
2 अǽणाचल 
Ĥदेश 
13 2 15.38% 98 12 12.24% 31 25 80.65% 7 1 14.29% 
3 असम 183 11 6.01% 436 35 8.03% 49 15 30.61% 21 0 0.00% 
4 ǒबहार 217 32 14.75% 279 48 17.20% 273 94 34.43% 76 0 0.00% 
5 छƣीसगढ़ 67 0 0.00% 205 6 2.93% 282 13 4.61% 33 0 0.00% 
6 गुजरात 0 0 0.00% 0 0 0.00% 34 7 20.59% 0 0 0.00% 
7 हǐरयाणा 0 0 0.00% 0 0 0.00% 10 1 10.00% 1 0 0.00% 
8 Ǒहमाचल 
Ĥदेश 
35 7 20.00% 207 22 10.63% 43 14 32.56% 2 0 0.00% 
9 जàमू और 
कæमीर 
46 5 10.87% 103 8 7.77% 24 8 33.33% 3 0 0.00% 
10 झारखंड 176 18 10.23% 237 18 7.59% 121 46 38.02% 40 0 0.00% 
11 कना[टक 1 0 0.00% 1 0 0.00% 43 2 4.65% 0 0 0.00% 
12 केरल 17 3 17.65% 53 11 20.75% 72 20 27.78% 0 0 0.00% 
13 मÚय Ĥदेश 155 5 3.23% 183 5 2.73% 188 13 6.91% 66 0 0.00% 
14 महाराçĚ 8 2 25.00% 44 1 2.27% 46 17 36.96% 41 0 0.00% 
15 मͨणपुर 22 2 9.09% 94 15 15.96% 18 4 22.22% 7 0 0.00% 
16 मेघालय 19 5 26.32% 130 25 19.23% 27 8 29.63% 7 0 0.00% 
17 ͧमजोरम 3 2 66.67% 47 7 14.89% 13 9 69.23% 0 0 0.00% 
18 नागालɇड 1 1 100.00% 22 6 27.27% 40 23 57.50% 0 0 0.00% 
367

19 ओͫडशा 212 19 8.96% 573 43 7.50% 222 57 25.68% 18 1 5.56% 
20 पंजाब 4 0 0.00% 4 0 0.00% 33 0 0.00% 0 0 0.00% 
21 राजèथान  67 2 2.99% 26 0 0.00% 254 38 14.96% 9 0 0.00% 
22 ͧसिÈकम 12 0 0.00% 54 7 12.96% 10 2 20.00% 2 0 0.00% 
23 तͧमलनाडु  138 2 1.45% 246 9 3.66% 133 10 7.52% 18 0 0.00% 
24 तेलंगाना 41 0 0.00% 79 4 5.06% 131 28 21.37% 86 4 4.65% 
25 ǒğपुरा 16 0 0.00% 34 4 11.76% 65 15 23.08% 14 4 28.57% 
26 उƣर Ĥदेश 46 1 2.17% 22 0 0.00% 363 76 20.94% 1 0 0.00% 
27 उƣराखंड 37 4 10.81% 147 19 12.93% 72 31 43.06% 8 1 12.50% 
28 पिæचम 
बंगाल 
100 5 5.00% 294 16 5.44% 69 24 34.78% 0 0 0.00% 
  कुल 1,657 128 7.72% 3,702 327 8.83% 2,785 633 22.73% 525 13 2.48% 
  
 
  
368

369

370

371

372

भारत सरकार 
Ēामीण ͪवकास मंğालय 
Ēामीण ͪवकास ͪवभाग 
 
राÏय सभा 
अतारांͩकत Ĥæ न सं. 3188 
(20 माच[, 2020 को उ× तर Ǒदए जाने के ͧलए) 
Ĥधान मंğी Ēाम सड़क योजना (पीएमजीएसवाई) के  अंतग[त सड़कɉ के  Ǔनमा[ण के  ͧलए 
समय-सीमा 
 
3188. Įी पǐरमल नथवानीः  
 
Èया Ēामीण ͪवकास मंğी यह बताने कȧ कृपा करɅगे ͩकः 
 
(क) Èया Ĥधान मंğी Ēाम सड़क योजना (पीएमजीएसवाई) के  अंतग[त देश म Ʌ सड़कɉ का 
Ǔनमा[ण काय[ Ǔनधा[ǐरत समय-सीमा के अनुसार नहȣं हो रहा है;  
(ख) यǑद हां, तो त×संबंधी Þयौरा Èया है और इसके Èया कारण हɇ;  
(ग) सरकार ɮवारा इसके राèते मɅ आने वालȣ बाधाओं को दूर करने के ͧलए Èया-Èया कदम 
उठाए गए/उठाए जा रहे हɇ और इसके पǐरणाम का Þयौरा Èया है;  
(घ) गत तीन वष ɟ और वत [मान वष[ क े  दौरान उÈत योजना के अंतग [त ͬचिéनत कȧ गई 
सड़कɉ कȧ संÉया ͩकतनी है; और  
(ङ) उÈत योजना के  अंतग[त ͬचिéनत पǐरयोजनाओं का राÏय-वार Þयौरा Èया है? 
  
 उ× तर 
Ēामीण ͪवकास मंğी 
(Įी नरेÛ ġ ͧसंह तोमर) 
 
(क) से (ग) : Ĥधान मंğी Ēाम सड़क योजना (पीएमजीएसवाई) के  काय[Đम Ǒदशा-Ǔनदȶशɉ के 
अनुसार, योजना के  अंतग[त कायɟ के Ǔनç पादन कȧ िजà मेदारȣ संबंͬधत राÏ य सरकार कȧ है। 
इस योजना क ȧ शुǽआत से 17 माच[, 2020 तक कुल 7,18,087 ͩक.मी. सड़क लंबाई 
è वीकृत कȧ गई है, िजसमɅ वष[ 2018-19 और 2019-20 के  दौरान è वीकृत 67,360 ͩक.मी. 
सड़क शा ͧमल है और 6,23,306 ͩक.मी. सड़क बनाई जा च ुकȧ है। सामाÛ य Ǿप से 
पीएमजीएसवाई के तहत सड़क बनाने का काम Ǔनधा[ǐरत समय-सीमा के अनुसार चल रहा है। 
कुछ राÏ यɉ मɅ योजना कȧ ĤगǓत अपे¢ाकृत धीमी है िजसके कारण Ǔनà नͧलͨखत हɇ:  
 
(i) काय[ के सीͧमत मौसम;  
(ii) Ǔनमा[ण सामĒी का अभाव;  
(iii) दुग[म भू-भाग;  
373

(iv) अ× यंत दूर-दराज कȧ बसावटɉ मɅ सड़क संपक[ उपलÞ ध कराना बाकȧ होना;  
(v) हाल हȣ के  वषɟ मɅ अĤ× याͧशत ĤǓतकूल मौसम;  
(vi) अपया[Ü त Ǔनç पादन और Ǔनͪवदा ¢मताएं  
 
 Ēामीण ͪवकास ͪवभाग ने लंǒबत कायɟ को शीē पूरा करने के  उɮदेæ य से राÏ यɉ के 
सामने आने वालȣ उपयु[È त चुनौǓतयɉ से Ǔनपटने हेतु
 अनेक उपाए ͩकए हɇ। पीएमजीएसवाई 
के अंतग [त Ēामीण सड़कɉ के काया [Û वयन कȧ ĤगǓत कȧ राÏ यɉ के साथ ¢ेğीय समी ¢ा 
बैठकɉ, Ǔनç पादन समी¢ा सͧमǓत कȧ बैठकɉ, पूव[-अͬधकार ĤाÜ त/अͬधकार ĤाÜ त सͧमǓत कȧ 
बैठकɉ के मा Ú यम से Ǔनयͧमत समी¢ा कȧ जा रह ȣ है। िजला è तर पर संसद सदè य कȧ 
अÚ य¢ता वालȣ िजला ͪवकास समÛ वय और Ǔनगरानी सͧमǓत (Ǒदशा) पीएमजीएसवाई सǑहत 
भारत सरकार कȧ ͪवͧभÛ न योजनाओं के  काया[Û वयन कȧ Ǔनगरानी करती है। इसके अलावा , 
Ēामीण ͪवकास मंğालय के  सͬचव/अपर सͬचव राÏ यɉ के Ĥमुख सͬचवɉ/Ĥधान सͬचवɉ के साथ 
ͪवशेष समी¢ा बैठकɅ भी करते हɇ।  
(घ) से (ड.) : ͪपछले तीन वषɟ और वत[मान वष[ के दौरान पीएमजीएसवाई के  अंतग[त मंजूरȣ 
हेतु
 Ǔनधा[ǐरत सड़कɉ और प ु
ल Ǔनमा[ण कायɟ का राÏ य-वार Þ यौरा वेबसाइट- omms.nic.in-
>proposals-> sanctioned projects पर उपलÞ ध है।  
***** 
374

375

376

377

378

379

380

381

भारत सरकार 
Ēामीण ͪवकास मंğालय 
Ēामीण ͪवकास ͪवभाग 
 
राÏय सभा 
अतारांͩकत Ĥæ न सं. 3190 
(20 माच[, 2020 को उ× तर Ǒदए जाने के ͧलए) 
Ĥ×य¢ लाभ अंतरण संबंधी भुगतान और इसकȧ ͪवफलता 
 
3190. Įी हुसैन दलवईः  
 
Èया Ēामीण ͪवकास मंğी यह बताने कȧ कृपा करɅगे ͩकः 
 
(क) वष[ 2014-2019 क े  दौरान मंğालय के अंतग[त Ĥ×य¢ लाभ अंतरण (डीबीटȣ) संबंधी भुगतान मɅ 
योजना-वार और राÏय-वार ͩकतनी राͧश शाͧमल थी; 
(ख) वष[ 2014-2019 क े  दौरान मंğालय के अंतग [त Ĥ×य¢ लाभ अंतरण (डीबीटȣ) संबंधी भुगतान 
योजना-वार और राÏय-वार ͩकतनी बार ͪवफल रहा; और  
(ग) वष[ 2014-2019 क े  दौरान मंğालय के अंतग [त योजना-वार और रा Ïय-वार ͩकतनी राͧश क े 
आधार-आधाǐरत और आधार क े ǒबना डीबीटȣ (Ĥ×य¢ लाभ अंतरण) भुगतानɉ को स ूचीबɮध ͩकया 
गया? 
उ× तर 
Ēामीण ͪवकास मंğी 
(Įी नरेÛ ġ ͧसंह तोमर) 
 
(क) और (ख): Ĥ×य¢ लाभ अंतरण (डीबीटȣ) Ēामीण ͪवकास ͪवभाग कȧ ͪवͧभÛन योजनाओं नामत: 
महा×मा गांधी राçĚȣय Ēामीण रोजगार गारंटȣ योजना (मनरेगा), राçĚȣय सामािजक सहायता काय[Đम 
(एनएसएपी), Ĥधान मंğी आवास योजना – Ēामीण (पीएमएवाई-जी) का काया[Ûवयन ͩकया जा रहा है। 
तथाͪप, दȣनदयाल अं×योदय योजना - राçĚȣय Ēामीण आजीͪवका ͧमशन (डीएवाई-एनआरएलएम) क े 
अंतग[त Ǔनͬधयां ͩकसी åयिÈत को ǐरलȣज नहȣं कȧ जाती हɇ अͪपतु Ǔनͬधयां राÏय Ēामीण आजीͪवका 
ͧमशन (एसआरएलएम) ɮवारा इलेÈĚॉǓनक Ǿप से पǐरĐामी Ǔनͬध (आरएफ), सामुदाǓयक Ǔनवेश Ǔनͬध 
(सीआईएफ) आǑद के Ǿप मɅ सामुदाǓयक संèथाओं (èव-सहायता समूहɉ/èवैिÍछक संगठनɉ/Èलèटर 
èतरȣय संघɉ) को ǐरलȣज कȧ जा रहȣ हɇ।  
 
मंğालय कȧ डीबीटȣ अनुĤयोÏय योजनाओं के अंतग[त डीबीटȣ भुगतानɉ (राͧश) और असफल भुगतानɉ 
कȧ संÉया का योजना-वार, राÏय-वार Þयौरा अनुबंध-। मɅ Ǒदया गया है। डीबीटȣ भुगतानɉ क े असफल 
होने क े मामलɉ मɅ डीबीटȣ भुगतानɉ के सफलताप ू
व[क पूण[ ͩकए जाने को स ुǓनिæचत करने क े ͧलए 
ĤͩĐया पु
न: शुǾ क ȧ जाती है। एसआरएलएम ने साम ु
दाǓयक सं èथाओं को Ǔनͬधयɉ के असफल 
भुगतान के ͩकसी मामले कȧ सूचना नहȣं दȣ है।           
 
(ग): मंğालय कȧ डीबीटȣ-अनुĤयोÏय योजनाओं के अंतग[त आधार आधाǐरत और गैर-आधार आधाǐरत 
भुगतानɉ कȧ राͧश अनुबंध-।। मɅ दȣ गई है। 
    
382

 
अनुबंध-I 
 राÏय सभा म Ʌ Ǒदनांक 20.3.2020 को उƣर Ǒदए जाने के  ͧलए Ǔनयत अतारांͩकत Ĥ.सं. 3190 के उƣर मɅ 
उिãलͨखत अनुबंध I  
  Ĥ×य¢ लाभ अंतरण (डीबीटȣ) के  असफल भुगतान  
  
महा×मा गांधी राçĚȣय 
Ēामीण रोजगार गारंटȣ 
योजना  (ͪव.व. 2014-15 से 
ͪव.व. 2018-19) 
राçĚȣय सामािजक सहायता 
काय[Đम (ͪव.व. 2014-15 से 
ͪव.व. 2018-19) 
 
Ĥधान मंğी आवास 
योजना– Ēामीण ^ (ͪव.व. 
2014-15 से ͪव.व.  2018-
19) 
 
दȣन दयाल 
उपाÚयाय 
Ēामीण कौशãय 
योजना (ͪव.व. 
2014-15 से 
माच[, 2020) 
 
राÏय का नाम 
डीबीटȣ के  
असफल 
भुगतानɉ कȧ 
राͧश  
(राͧश करोड़ 
Ǿ. मɅ) 
 
डीबीटȣ के 
असफल 
भुगतानɉ कȧ 
संÉया  
  
डीबीटȣ क े  
असफल 
भुगतानɉ कȧ 
राͧश  
(राͧश करोड़ 
Ǿ. मɅ) 
 डीबीटȣ के  
असफल 
भुगतानɉ कȧ 
संÉया  
 
  
डीबीटȣ के  
असफल 
भुगतानɉ कȧ 
राͧश  
(राͧश करोड़ 
Ǿ. मɅ) 
डीबीटȣ के  
असफल 
भुगतानɉ कȧ 
संÉया  
  
डीबीटȣ 
के 
असफल 
भुगतानɉ 
कȧ राͧश 
(राͧश 
करोड़ 
Ǿ. मɅ) 
डीबीटȣ 
के 
असफ
ल 
भुगता
नɉ कȧ
 
संÉया  
  
अǽणाचल Ĥदेश 12.04 56328 $ $ 0 0 * * 
असम 99.94 816522 43.43  473221 81.90 1384 0.10 781 
ǒबहार 199.24 1110142 $ $ 137.88 7284 0.00 11 
छƣीसगढ 363.77 4161581 7.73  210033 95.11 4514 0.43 2284 
गोवा     $ $ 0.42 9 * * 
गुजरात 78.26 729757 50.81  363388 38.77 2412 * * 
हǐरयाणा 36.64 172962 $ $ 8.23 271 0.89 2785 
Ǒहमाचल Ĥदेश 76.47 429072 $ $ 0.94 40 0.00 6 
जàमू और कæमीर 96.05 492245 $ $ 2.02 255 0.64 3454 
झारखंड 228.89 2220485 24.65  567701 29.07 1216 0.07 192 
केरल 53.38 522694 $ $ 4.59 115 0.34 2232 
मÚय Ĥदेश 378.97 4209100 $ $ 128.82 3185 0.72 3266 
महाराçĚ 201.14 1875247 4.83  115303 92.60 2244 * * 
मͨणपुर 10.78 102163 0.40 3239 0.63 44 * * 
मेघालय 14.57 76454 0.14 557 11.36 165 * * 
ͧमजोरम 12.53 61753 0.00 0 0.08 3 * * 
नागालɇड 1.43 14526 $ $ 0.00 0 * * 
ओͫडशा 185.25 1816174 $ $ 44.06 1057 0.04 235 
पंजाब 44.60 328771 $ $ 1.62 84 * * 
राजèथान  382.83 2779050 $ $ 92.74 3274 * * 
ͧसिÈकम 3.97 20130 1.04 29226 0.38 5 * * 
तͧमलनाडु 179.17 2758095 $ $ 19.96 1456 * * 
ǒğपुरा 34.83 322092 0.35 14919 1.14 42 0.09 377 
उƣर Ĥदेश 358.32 2851866 $ $ 116.79 4861 0.90 4288 
उƣराखंड 50.66 288204 $ $ 6.18 90 * * 
383

                                                                                                                        
                                                                      
 # -  डीबीटȣ लेन-देनɉ कȧ Ǔनगरानी नरेगासॉÝट क े माÚयम से नहȣं कȧ जा रहȣ है।  
$ - एनएसएपी के मामले मɅ, उन राÏयɉ को डाटा Ĥदान ͩकया गया है जहां पर प Ʌशन भुगतानɉ क े  
ͧलए एनएसएपी योजना ͪवशेष एमआईएस (एनएसएपी-पीपीएस) क े  माÚयम से लाभ ɉ का अंतरण 
ͩकया जाता है। वष [ 2014-16 कȧ अव ͬध के ͧलए केवल ल ¢ɮवीप सं .रा.¢ेğ ने एमआईएस 
(एनएसएपी-पीपीएस) योजना का काया[Ûवयन शुǾ ͩकया था और तदुपरांत ͪवͧभÛन राÏयɉ मɅ इसका 
काया[Ûवयन शुǾ ͩकया गया था 
* - डीडीयू-जीक ेवाई योजना गोवा और सं.रा.¢ेğɉ मɅ काया[िÛवत नहȣं कȧ जा रहȣ है। अßयͬथ[यɉ को 
पाğ नकद लाभ का Ēामीण ͪवकास मंğालय या रा Ïय ɮवारा Ĥ×य¢ Ǿप से भ ुगतान नहȣं ͩकया 
जाता है, अͪपतु
 इनका भु
गतान पीएफएमएस का उपयोग करते हुए पǐरयोजना काया[Ûवयन एजɅͧसयɉ 
ɮवारा ͩकया जाता है। इस Ĥकार, शेष राÏयɉ के ͧलए डाटा उपल Þध नहȣं कराया गया है Èयɉͩक 
मंğालय शेष रा Ïयɉ के ͧलए डाटा को ǐरपोट[ करने के ͧलए पीएफएमएस क े साथ डीडीयू-जीक ेवाइY 
एमआईएस क े एकȧकरण का काय[ कर रहा है।  
^ - ͪवƣीय वष[ 2015-16 से पहले पूव[वतȸ इंǑदरा आवास योजना ĤगǓत पर थी िजसमɅ लाभाͬथ[यɉ को 
ͪवƣीय सहायता के भुगतान मɅ डीबीटȣ घटक को शाͧमल नहȣं ͩकया था। इसͧलए ͪवƣीय वष[ 2014-
15 क े  ͧलए इंǑदरा आवास योजना हेतु डाटा शूÛय माना जाए और पीएमएवाई-जी के अंतग[त वष[ 
2015-16 क े  ͧलए डाटा को शूÛय माना जाए।   
  
  
  
  
  
 
पिæचम बंगाल 611.61 4512233 0.01  9994 199.22 5659 0.03 161 
अÖडमान और 
Ǔनकोबार 0.02 201 $ $ 0.00 0 * * 
दादर और नागर 
हवेलȣ  0.00 
0  
 $ $ 0.18 20 * * 
दमण और DIU  0.00  0 $ $ 0.00 0 * * 
ल¢ɮवीप  0.00  0 0.09 558 0.00 0 * * 
पुदुचेरȣ 0.39 6079 $ $ 0.00 0 * * 
आंĢ Ĥदेश  #  # $ $ 0.00 0 * * 
कना[टक 757.25 3955413 $ $ 0.00 0 0.50 2831 
तेलंगाना  #  # $ $ 0.00 0 * * 
चंडीगढ़ काया[िÛवत  
नहȣं ͩकया 
काया[िÛवत  
नहȣं ͩकया 
काया[िÛवत  
नहȣं ͩकया 
काया[िÛवत  
नहȣं ͩकया 
काया[िÛवत  
नहȣं ͩकया 
काया[िÛवत  
नहȣं ͩकया * * 
Ǒदãलȣ काया[िÛवत  
नहȣं ͩकया 
काया[िÛवत  
नहȣं ͩकया 
काया[िÛवत  
नहȣं ͩकया 
काया[िÛवत  
नहȣं ͩकया 
काया[िÛवत  
नहȣं ͩकया 
काया[िÛवत  
नहȣं ͩकया 0.00 2 
384

 अनुबंध -II 
राÏय सभा म Ʌ Ǒदनांक 20.3.2020 को उƣर Ǒदए जाने के ͧलए Ǔनयत अतारांͩकत Ĥ.सं. 3190 के  उƣर मɅ 
उिãलͨखत अनुबंध ।।  
   आधार और गैर-आधार आधाǐरत डीबीटȣ भुगतानɉ के ͧलए Þयौरा (Ǿ. करोड़ मɅ) 
  
महा×मा गांधी राçĚȣय Ēामीण 
रोजगार गारंटȣ योजना (ͪव.व. 
2014-15 से ͪव.व. 18-19 तक) 
राçĚȣय सामािजक सहायता 
काय[Đम (ͪव.व. 2014-15 से 
ͪव.व. 18-19 तक) 
Ĥधान मंğी आवास 
योजना– Ēामीण 
^ (ͪव.व. 2014-15 से ͪव.व. 
18-19 तक) 
 
दȣन दयाल 
उपाÚयाय Ēामीण 
कौशãय योजना 
(ͪव.व. 2014-15 से 
माच[, 2020 तक) 
राÏय का नाम 
डीबीटȣ – 
आधार 
आधाǐरत 
डीबीटȣ भुगतान 
डीबीटȣ – गैर 
आधार 
आधाǐरत 
डीबीटȣ भुगतान
 
डीबीटȣ – 
आधार 
आधाǐरत 
डीबीटȣ भुगतान 
डीबीटȣ – गैर 
आधार 
आधाǐरत 
डीबीटȣ भुगतान
 
डीबीटȣ – 
आधार 
आधाǐरत 
डीबीटȣ 
भुगतान  
डीबीटȣ – गैर 
आधार 
आधाǐरत 
डीबीटȣ भुगतान 
डीबीटȣ – 
आधार 
आधाǐरत 
डीबीटȣ 
भुगतान  
डीबीटȣ – 
गैर 
आधार 
आधाǐरत 
डीबीटȣ 
भुगतान  
अǽणाचल 
Ĥदेश 2.98 77.00 $ $ 
पीएमएवाई-
जी मɅ 
आधार 
आधाǐरत 
कोई 
भुगतान 
नहȣं  
0.00 
डीडीयू-
जीक े वाई 
मɅ आधार 
आधाǐरत 
कोई 
भुगतान 
नहȣं 
  
असम 0.00 3884.02 20.53 529.33 3687.05 1.41 
ǒबहार 594.38 5791.73 $ $ 11294.69 0.09 
छƣीसगढ 2675.04 4811.86 57.33 35.25 9199.72 6.04 
गोवा 0.00 0.00 $ $ 5.89 * 
गुजरात 519.62 1887.72 86.53 136.27 2341.04 0.00 
हǐरयाणा 496.32 468.89 $ $ 336.44 15.01 
Ǒहमाचल Ĥदेश 1167.59 706.85 $ $ 107.18 0.00 
जàमू और 
कæमीर 35.26 845.08 $ $ 281.96 4.04 
झारखंड 1769.25 2846.10 295.29  29.05 6566.21 2.80 
केरल 6282.45 3036.69 $ $ 612.99 3.96 
मÚय Ĥदेश 2805.22 8640.96 $ $ 17467.12 11.13 
महाराçĚ 1609.18 5173.45 10.49 10.38 5795.58 0.00 
मͨणपुर 16.33 141.47 3.65 17.20 132.21 * 
मेघालय 0.17 1475.39 0.00 2.73 257.75 * 
ͧमजोरम 168.55 449.59 $ $ 42.49 * 
नागालɇड 0.55 76.98 $ $ 73.35 * 
ओͫडशा 1340.65 5589.07 $ $ 12030.80 0.44 
पंजाब 960.14 837.92 $ $ 169.52 0.00 
राजèथान  5969.13 7837.71 $ $ 8401.67 0.00 
ͧसिÈकम 113.98 42.43 0 0.73 18.69 0.03 
तͧमलनाडु  11216.45 10619.29 $ $ 2664.22 * 
385

ǒğपुरा 1298.16 1600.38 0.74 9.89 402.36 0.36 
उƣर Ĥदेश 3945.69 10618.70 $ $ 17799.24 13.72 
उƣराखंड 593.70 1047.93 $ $ 214.64 0.00 
पिæचम बंगाल 8318.71 18086.50 0.00 0.72 19732.05 3.43 
अÖडमान और 
Ǔनकोबार 0.06 3.65 $ $ 0.00 * 
दादर और 
नगर हवेलȣ 0.00 0.00 $ $ 9.62 * 
दमण और 
दȣव 0.00 0.00 $ $ 0.16 * 
ल¢ɮवीप 0.00 0.00 0.25 0.17 0.23 * 
पुडुचेरȣ 35.97 11.50 $ $ 0.00 * 
आंĢ Ĥदेश # # $ $ 0.00 0.00 
कना[टक 2777.92 5737.66 $ $ 0.00 9.32 
तेलंगाना # # $ $ 0.00 0.00 
चंडीगढ़ 
काया[िÛवत नहȣं 
ͩकया गया  
काया[िÛवत नहȣं 
ͩकया गया  
काया[िÛवत 
नहȣं ͩकया 
गया 
काया[िÛवत 
नहȣं ͩकया 
गया 
काया[िÛवत नहȣं 
ͩकया गया 0.00 
Ǒदãलȣ 
काया[िÛवत नहȣं 
ͩकया गया  
काया[िÛवत नहȣं 
ͩकया गया  
काया[िÛवत 
नहȣं ͩकया 
गया 
काया[िÛवत 
नहȣं ͩकया 
गया   
काया[िÛवत नहȣं 
ͩकया गया   0.08  
  
 # -  डीबीटȣ लेन-देनɉ कȧ Ǔनगरानी नरेगासॉÝट के माÚयम से नहȣं कȧ जा रहȣ है।  
$ - एनएसएपी के  मामले मɅ, उन राÏयɉ को डाटा Ĥदान ͩकया गया है जहां पर प Ʌशन भुगतानɉ के ͧलए 
एनएसएपी योजना ͪवशेष एमआईएस (एनएसएपी-पीपीएस) के माÚयम से लाभɉ का अंतरण ͩकया जाता है। वष[ 
2014-16 कȧ अव ͬध क े  ͧलए के वल ल¢ɮवीप सं .रा.¢ेğ ने एमआईएस (एनएसएपी-पीपीएस) योजना का 
काया[Ûवयन शुǾ ͩकया था और तदुपरांत ͪवͧभÛन राÏयɉ मɅ इसका काया[Ûवयन शुǾ ͩकया गया था 
* - डीडीयू-जीकेवाई योजना गोवा और सं.रा. ¢ेğɉ मɅ काया[िÛवत नहȣं कȧ जा रहȣ है। अßयͬथ[यɉ को पाğ नकद 
लाभ का Ēामीण ͪवकास मंğालय या राÏय ɮवारा Ĥ×य¢ Ǿप से भुगतान नहȣं ͩकया जाता है, अͪपतु इनका 
भुगतान पीएफएमएस का उपयोग करते हुए पǐरयोजना काया[Ûवयन एजɅͧसयɉ ɮवारा ͩकया जाता है। इस Ĥकार, 
शेष राÏयɉ के  ͧलए डाटा उपलÞध नहȣं कराया गया है Èयɉͩक मंğालय शेष राÏयɉ के  ͧलए डाटा को ǐरपोट[ करने 
के ͧलए पीएफएमएस के  साथ डीडीयू-जीकेवाइY एमआईएस के एकȧकरण का काय[ कर रहा है।  
^ - ͪवƣीय वष[ 2015-16 से पहले पूव[वतȸ इंǑदरा आवास योजना ĤगǓत पर थी िजसम Ʌ लाभाͬथ[यɉ को ͪवƣीय 
सहायता के भुगतान मɅ डीबीटȣ घटक को शाͧमल नहȣं ͩकया था। इसͧलए ͪवƣीय वष[ 2014-15 के ͧलए इंǑदरा 
आवास योजना हेतु डाटा शूÛय माना जाए और पीएमएवाई-जी क े अंतग[त वष[ 2015-16 के ͧलए डाटा को शूÛय 
माना जाए।       
 
386

भारत सरकार 
Ēामीण ͪवकास मंğालय 
Ēामीण ͪवकास ͪवभाग 
 
राÏय सभा 
अतारांͩकत Ĥæ न सं. 3191 
(20 माच[, 2020 को उ× तर Ǒदए जाने के ͧलए) 
महा×मा गांधी राçĚȣय Ēामीण रोजगार गारंटȣ अͬधǓनयम (मनरेगा) मɅ लंǒबत भुगतान 
 
3191. कुमारȣ शैलजाः  
 
Èया Ēामीण ͪवकास मंğी यह बताने कȧ कृपा करɅगे ͩकः 
 
(क) गत तीन वष ɟ के दौरान महा ×मा गांधी रा çĚȣय Ēामीण रोजगार गारंट ȣ अ ͬधǓनयम 
(मनरेगा) के  अंतग[त भुगतान लंǒबत होने संबंधी मामलɉ कȧ संÉया का Þयौरा Èया है; 
(ख) सरकार ɮवारा महा×मा गांधी रा çĚȣय Ēामीण रोज़गार गारंट ȣ अͬधǓनयम (मनरेगा) के 
कामगारɉ को यथासमय भ ुगतान सुǓनिæचत करने के  ͧलए Èया-Èया कदम उठाए जा रहे ह ɇ; 
(ग) Èया महा×मा गांधी रा çĚȣय रोज़गार गारंट ȣ अͬधǓनयम (मनरेगा) योजना के  अंतग[त 
मज़दूरȣ दरɉ मɅ कोई बदलाव नहȣं ͩकया गया है; और  
(घ) यǑद हां, तो त×संबंधी Þयौरा Èया है और सरकार ɮवारा इस मुɮदे को सुलझाने के ͧलए 
Èया-Èया कदम उठाए जा रहे हɇ? 
  
उ× तर 
Ēामीण ͪवकास मंğी 
(Įी नरेÛ ġ ͧसंह तोमर) 
 
(क) महा× मा गांधी राç Ěȣय Ēामीण रोजगार गारंट ȣ अ ͬधǓनयम (मनरेगा), 2005 मांग 
आधाǐरत मजदूरȣ रोजगार काय[Đम है। इसͧलए राÏ यɉ/संघ राÏ य ¢ेğɉ को Ǔनͬधयɉ कȧ ǐरलȣज 
Ǔनरंतर चलते रहने वाल ȣ और ĤगǓत शील ĤͩĐया है तथा के Û ġ सरकार काम कȧ मांग को 
Ú यान मɅ रखते हुए Ǔनͬधयां उपलÞ ध कराने के ͧलए ĤǓतबɮध हɇ। मंğालय राÏ यɉ को è वीकृत 
Įम बजट (Įम Ǒदवसɉ), Ĥारंͧभक शेष, Ǔनͬधयɉ के उपयोग कȧ रÝतार, यǑद ͪपछले वष[ कȧ 
कोई देनदारȣ लंǒबत हो तो उस देनदार ȣ,समĒ Ǔनç पादन तथा अपेͯ¢त दè तावेजɉ कȧ समय 
पर Ĥè तुǓत के आधार पर Ǔनͬधयां समय-समय पर दो ĚɅचɉ मɅ ǐरलȣज करता है, िजनमɅ से 
Ĥ× येक ĚɅच मɅ एक या एक से अ ͬधक ͩकè तɅ शाͧमल होती हɇ। ͪपछले तीन वषɟ के दौरान 
महा× मा गांधी राç Ěȣय Ēामीण रोजगार गारंट ȣ (महा× मा गांधी नरेगा) योजना के  अंतग[त 
राÏ यɉ/संघ राÏ य ¢ेğɉ को ǐरलȣज कȧ गई केÛ ġȣय Ǔनͬधयां, जो ͩक आवंटन मɅ वृɮͬध दशा[ 
रहȣ हɇ, इस Ĥकार हɇ:    
 
387

(ǽ. करोड़ मɅ) 
वष[  2016-17 2017-18 2018-19 
ǐरलȣज कȧ गई केÛ ġȣय Ǔनͬध  48387.16 * 55706.06 # 60861.42 
*  ͪव× तीय वष[ 2016-17 क े  दौरान सभी एनईएफएमएस राÏ यɉ/संघ राÏ य ¢ेğɉ के ͪवफल एफटȣओ 
कȧ 56268.00 लाख ǽ. कȧ राͧश शाͧमल है। 
#  ͪव× तीय वष[ 2017-18 क े दौरान अè वीकृत लेनदेन कȧ राͧश वापस जमा होने क े कारण मजदूरȣ 
å यय मɅ से 136890.498 लाख ǽ. कȧ कटौती कȧ राͧश शाͧमल है।. 
  
(ख):    मंğालय ने सीधे लाभाͬथ[यɉ के खाते मɅ भुगतान के ͧलए समय पर भुगतान ĤͩĐया के 
ͪवषय मɅ मानक Ĥचालन ĤͩĐया (एसओपी) जारȣ कर दȣ है। राÏ यɉ/संघ राÏ य ¢ेğɉ से समय 
पर भुगतान आǑद जारȣ करने को कहा गया है। इसके प ǐरणामè वǾप भुगतान आदेशɉ के 
समय पर जारȣ होने क ȧ िèथǓत मɅ काफȧ सु
धार हुआ है, िजससे कामगारɉ के खात ɉ मɅ 
मजदूरȣ जमा होने म Ʌ लगने वाल ȣ समयावͬध मɅ काफȧ कमी आई है।  वत[मान ͪव× तीय वष[ 
2019-20 के  दौरान (16.03.2020 तक) राç Ěȣय è तर पर लगभग 96.55 ĤǓतशत भुगतान 
आदेश मè टर रोल बंद होने कȧ तारȣख से 15 Ǒदनɉ कȧ समयावͬध मɅ जारȣ ͩकए गए हɇ।    
  
(ग) और (घ): महा× मा गांधी राç Ěȣय Ēामीण रोजगार गांरटȣ अͬधǓनयम, 2005 (महा× मा गांधी 
नरेगा) कȧ धारा 6(1) के  अनुसार Ēामीण ͪवकास मंğालय राÏ यɉ/संघ राÏ य ¢ेğɉ के  ͧलए हर 
वष[ महा× मा गांधी नरेगा मजदूरȣ दर अͬधसूͬचत करता है। महा× मा गांधी नरेगा कामगारɉ को 
मुġाè फȧǓत का लाभ देने के ͧलए Ēामीण ͪवकास मंğालय हर वष[ सभी राÏ यɉ/संघ राÏ य ¢ेğɉ 
के ͧलए Įम Þ यूरो, ͧशमला ɮवारा Ĥकाͧशत कृͪष Įͧमकɉ के ͧलए उपभोÈ ता मूã य सूचकांक 
(सीपीआई-एएल) के  आधार पर मजदूरȣ दर म Ʌ संशोधन करता है। यह मजद ूरȣ दर Ĥ× येक 
ͪव× तीय वष[ कȧ 1 अĤैल से Ĥभावी हो जाती ह ɇ। वत[मान ͪव× तीय वष[ 2019-20 के  ͧलए 
महा× मा गांधी राç 
Ěȣय Ēामीण रोजगार गारंट ȣ (महा× मा गांधी नरेगा) योजना के  अंतग[त 
अकुशल मजदूरɉ के ͧलए अͬधसूͬचत मजदूरȣ दरɉ का राÏ य/संघ राÏ य ¢ेğ-वार Þ यौरा अनुबंध 
मɅ दशा[या गया है।  
388

 
राÏ य सभा मɅ Ǒदनांक 20.03.2020 को उ× तर Ǒदए जाने के  ͧलए Ǔनयत अतारांͩकत Ĥæ न सं. 3191 के  भाग  
(ग) और (घ) के  उ× तर मɅ उिãलͨखत अनुबंध  
राÏ य पğ मɅ अͬधसूचना के अनुसार राÏ य-वार और वष[-वार मजदूरȣ दरɅ  
Đ. सं.  राÏ य/संघ राÏ य ¢ेğ  1 अĤैल, 2019 Ĥ× येक Ǒदन मजदूरȣ दर ǽ. 
मɅ  
1 आंĢ Ĥदेश 211 
2 अǽणाचल Ĥदेश 192 
3 असम 193 
4 ǒबहार 171 
5 छƣीसगढ 176 
6 गुजरात 199 
7 हǐरयाणा 284 
8 Ǒहमालय Ĥदेश - गैर अनुसूͬचत ¢ेğ  185 
8a Ǒहमालय Ĥदेश - अनुसूͬचत ¢ेğ 231 
9 जàमू और कæमीर 189 
10 झारखंड 171 
11 कना[टक 249 
12 के रल 271 
13 मÚय Ĥदेश 176 
14 महाराçĚ 206 
15 मͨणपुर 219 
16 मेघालय 187 
17 ͧमजोरम 211 
18 नागालɇड 192 
19 ओͫडशा 188 
20 पंजाब 241 
21 राजèथान  199 
22 ͧसिÈकम 192 
23 तͧमलनाडु 229 
24 ǒğपुरा 192 
25 उƣर Ĥदेश 182 
26 उƣराखंड 182 
27 पिæचम बंगाल 191 
28 गोवा 254 
29 अंडमान और Ǔनकोबार 
29a अंडमान 250 
29b Ǔनकोबार 264 
30 दामन और नगर हवेलȣ  224 
31 दमन एवं दȣव  202 
32 ल¢ɮवीप 248 
33 पुडुचेरȣ 229 
34 तेलंगाना         211 
 
389

भारत सरकार 
Ēामीण ͪवकास मंğालय 
Ēामीण ͪवकास ͪवभाग 
 
राÏय सभा 
अतारांͩकत Ĥæ न सं. 3192 
(20 माच[, 2020 को उ× तर Ǒदए जाने के ͧलए) 
महा×मा गांधी राçĚȣय Ēामीण रोजगार गारंटȣ अͬधǓनयम (मनरेगा) के  ͧलए अǓतǐरÈत Ǔनͬध 
कȧ मांग 
3192. Įी सुशील कुमार गुÜताः  
 
Èया Ēामीण ͪवकास मंğी यह बताने कȧ कृपा करɅगे ͩकः  
 
(क) Èया यह सच है ͩक लगभग तीन मह ȣने पहले मं ğालय ने ͪवƣ मंğालय को महा ×मा 
गांधी राçĚȣय Ēामीण रोजगार गारंटȣ अͬधǓनयम (मनरेगा) के ͧलए अǓतǐरÈत 20,000 करोड़ 
ǽपये कȧ मांग के  संबंध मɅ पğ ͧलखा था लेͩकन इसका कोई जवाब नहȣं ͧमला;  
(ख) यǑद हां, तो त×संबंधी Þयौरा Èया है; और  
(ग) मंğालय Èया-Èया उपाय करने पर ͪवचार कर रहा है ताͩक इस Ēामीण योजना पर कोई 
Ĥभाव न पड़े? 
उ× तर 
Ēामीण ͪवकास मंğी 
(Įी नरेÛ ġ ͧसंह तोमर) 
 
(क) से (ग): वत[मान ͪवƣीय वष[ 2019-20 मɅ महा×मा गांधी नरेगा योजना के  ͧलए 60,000 
करोड़ Ǿपए का बजट अनुमान ͩकया गया था। महा×मा गांधी राçĚȣय रोजगार गारंटȣ योजना 
(महा×मा गांधी नरेगा योजना) एक मांग आधाǐरत मजदूरȣ रोजगार काय[Đम है और मांग मɅ 
वृɮͬध के कारण मंğालय ने ͪवƣ मंğालय से बजट अनुमान बढ़ाने क े  संबंध मɅ अनु
रोध ͩकया 
है। तदनु
सार, बजट अनुमान 60,000 करोड़ Ǿपए से बढ़ाक र 71,001.81 करोड़ कर Ǒदया 
गया है। राÏयɉ/संघ राÏय ¢ेğɉ को Ǔनͬधयां जारȣ करना एक सतत ् और गǓतशील ĤͩĐया है 
तथा कɅ ġ सरकार काय [ कȧ मांग को Úयान मɅ रखते ह ुए Ǔनͬधयां उपलÞध कराने के ͧलए 
ĤǓतबɮध है। मंğालय, महा×मा गांधी नरेगा योजना के काया [Ûवयन के  ͧलए जब कभी काय [ 
कȧ मांग को प ूरा करने के  ͧलए अपेͯ¢त हो, ͪवƣ मंğालय से अǓतǐरÈत Ǔनͬधयɉ कȧ मांग 
करता है। 
***** 
390

भारत सरकार 
Ēामीण ͪवकास मंğालय   
Ēामीण ͪवकास ͪवभाग 
   
राÏय सभा 
अतारांͩकत Ĥæ न सं. 3193 
(20 माच[, 2020 को उ× तर Ǒदए जाने के ͧलए) 
महा×मा गांधी राçĚȣय Ēामीण रोजगार गारंटȣ अͬधǓनयम (मनरेगा) क े  अंतग[त मजदूरȣ मɅ संशोधन 
 
3193. Įी टȣ॰ जी॰ वɅकटेशः  
 
Èया Ēामीण ͪवकास मंğी यह बताने कȧ कृपा करɅगे ͩकः  
 
(क) Èया सरकार महा ×मा गांधी रा çĚȣय Ēामीण रोज़गार गारंट ȣ अͬधǓनयम (मनरेगा) क े  अंतग[त 
मज़दूरȣ के भुगतानɉ मɅ ͪवसंगǓत को दूर करने के ͧलए अदा कȧ जाने वालȣ मज़दूरȣ मɅ संशोधन करने 
पर ͪवचार कर रहȣ है;  
(ख) Èया यह भी सच है ͩक सरकार महा ×मा गांधी राçĚȣय Ēामीण रोज़गार गारंट ȣ अͬधǓनयम 
(मनरेगा) क े  अंतग[त काय[ Ǒदवसɉ को बढ़ाने और इसके उ ͬचत काया[Ûवयन के ͧलए काय[ करने मɅ 
सुगमता लाने पर भी सरकार ͪवचार कर रहȣ है; और 
(ग) त×संबंधी Þयौरा Èया है? 
 
उ× तर 
Ēामीण ͪवकास मंğी 
(Įी नरेÛ ġ ͧसंह तोमर) 
(क): महा× मा गांधी राç Ěȣय Ēामीण रोजगार गारंटȣ अͬधǓनयम, 2005 (महा× मा  गांधी नरेगा) कȧ धारा 
6(1) क े अनुसार Ēामीण ͪवकास मंğालय Ĥ× येक वष[ राÏ यɉ/संघ राÏ य  ¢ेğɉ के ͧलए महा× मा गांधी 
नरेगा मजदूरȣ दर को अ ͬधसूͬचत करता है। महा × मा गांधी नरेगा कामगारɉ को मुġा è फȧǓत दर के 
ͧलए ĤǓतपूǓत[ हेतु Ēामीण ͪवकास मंğालय सभी राÏ यɉ/संघ राÏ य ¢ेğɉ क े ͧलए Įम Þ यूरो, ͧशमला 
ɮवारा Ĥकाͧशत ͩकए गए कृͪष Įͧमक उपभोÈ ता  मूã य सूचकांक (सीपीआई-एएल) मɅ पǐरवत[न के 
आधार पर Ĥ× येक वष[ मजदूरȣ दर मɅ संशोधन करता है। Ĥ×येक ͪवƣीय वष[ मɅ मजदूरȣ दरɅ Ǒदनांक 
01 अĤैल से लागू कȧ जाती है।  
 
(ख) और (ग): महा× मा गांधी नरेगा मांग आधा ǐरत मजदूरȣ रोजगार काय [Đम है। वत [मान मɅ इस 
अͬधǓनयम के तहत उपबंͬधत गारंटȣकृत 100 Ǒदनɉ क े अलावा अǓतǐरÈ त Įम Ǒदवस उपलÞ ध कराने 
का कोई Ĥè ताव नहȣं है। तथा ͪप, कृͪष और ͩकसान कã याण मंğालय कȧ ͧसफाǐरश पर देश क े 
अͬधसूͬचत सूखा Ĥभाͪवत ¢ेğɉ या ĤाकृǓतक आपदाओं से Ĥभाͪवत ¢ेğɉ मɅ 100 Ǒदन के अलावा 
अǓतǐरÈ त 50 Ǒदनɉ का मजदूरȣ रोजगार Ĥदान ͩकया जाता है।          
 
देश क े  Ēामीण ¢ेğɉ मɅ महा×मा गांधी नरेगा योजना क े उͬचत काया[Ûवयन क े  ͧलए ͪवͧभÛन कदम 
उठाए गए हɇ िजसमɅ पǐरसंपͪƣयɉ कȧ िजयोटेͬगंग, Ĥ×य¢ लाभ अंतरण (डीबीटȣ), राçĚȣय इलैÈĚाǓनक 
Ǔनͬध Ĥबंधन Ĥणालȣ (एनईएफएमएस), आधार आधाǐरत भुगतान Ĥणालȣ (एबीपीएस), रोजगार के ͧलए 
Ēामीण दरɉ का उपयोग करते ह ुए गणना अनुमान हेतु  साÝटवेयर (ͧसÈयोर), मंğालय कȧ Ǔनçपादन 
समी¢ा सͧमǓत बैठकɉ, सामाÛय समी¢ा ͧमशनɉ, Ǔनयͧमत वीͫडयो काÛĥ Ʌͧसंग और èवतंğ लेखा परȣ¢ा 
इकाइयɉ कȧ èथापना करना शाͧमल है।         
*****     
391

392

393

394

395

396

397

398

399

400

401

402

403

404